usageId,defaultId,field,effectiveValue,unit,entityId,posId,fromNode,toNode,sourceMissingReason,projectDataRevision,projectDataSemanticHash,affectedCalculations,qualification,reason
DEFAULT-USAGE-000001,DEFAULT-1885-MATERIAL-FAMILY,material.family,,,PE-000001,POS-001,10010,10030,SOURCE_VALUE_UNRESOLVED,3,fnv1a64:38bb39004140b6aa,MATERIAL_PROPERTIES|WEIGHT|STIFFNESS|STRESS,PROJECT_SCREENING_ONLY,1885S Project Data material-family screening rule.
DEFAULT-USAGE-000002,DEFAULT-1885-CS-E,material.elasticModulusPa,,Pa,PE-000001,POS-001,10010,10030,SOURCE_VALUE_UNRESOLVED,3,fnv1a64:38bb39004140b6aa,EA|EI|THERMAL_REACTION|P_DELTA,PROJECT_SCREENING_ONLY,1885S Project Data carbon-steel elastic modulus.
DEFAULT-USAGE-000003,DEFAULT-1885-CS-NU,material.poissonsRatio,,ratio,PE-000001,POS-001,10010,10030,SOURCE_VALUE_UNRESOLVED,3,fnv1a64:38bb39004140b6aa,SHEAR_MODULUS|TORSIONAL_STIFFNESS,PROJECT_SCREENING_ONLY,1885S Project Data carbon-steel Poisson ratio.
DEFAULT-USAGE-000004,DEFAULT-1885-CS-ALPHA,material.thermalExpansionPerC,,1/C,PE-000001,POS-001,10010,10030,SOURCE_VALUE_UNRESOLVED,3,fnv1a64:38bb39004140b6aa,THERMAL_STRAIN|THERMAL_DISPLACEMENT|THERMAL_REACTION,PROJECT_SCREENING_ONLY,1885S Project Data mean thermal-expansion coefficient for the screening state.
DEFAULT-USAGE-000005,DEFAULT-1885-CODE-WALL,section.codeStressWallRule,,,PE-000001,POS-001,10010,10030,SOURCE_VALUE_UNRESOLVED,3,fnv1a64:38bb39004140b6aa,CODE_STRESS_SECTION,PROJECT_SCREENING_ONLY,1885S Project Data code-stress section rule.
DEFAULT-USAGE-000006,DEFAULT-1885-MATERIAL-FAMILY,material.family,,,PE-000002,POS-002,10030,10040,SOURCE_VALUE_UNRESOLVED,3,fnv1a64:38bb39004140b6aa,MATERIAL_PROPERTIES|WEIGHT|STIFFNESS|STRESS,PROJECT_SCREENING_ONLY,1885S Project Data material-family screening rule.
DEFAULT-USAGE-000007,DEFAULT-1885-CS-E,material.elasticModulusPa,,Pa,PE-000002,POS-002,10030,10040,SOURCE_VALUE_UNRESOLVED,3,fnv1a64:38bb39004140b6aa,EA|EI|THERMAL_REACTION|P_DELTA,PROJECT_SCREENING_ONLY,1885S Project Data carbon-steel elastic modulus.
DEFAULT-USAGE-000008,DEFAULT-1885-CS-NU,material.poissonsRatio,,ratio,PE-000002,POS-002,10030,10040,SOURCE_VALUE_UNRESOLVED,3,fnv1a64:38bb39004140b6aa,SHEAR_MODULUS|TORSIONAL_STIFFNESS,PROJECT_SCREENING_ONLY,1885S Project Data carbon-steel Poisson ratio.
DEFAULT-USAGE-000009,DEFAULT-1885-CS-ALPHA,material.thermalExpansionPerC,,1/C,PE-000002,POS-002,10030,10040,SOURCE_VALUE_UNRESOLVED,3,fnv1a64:38bb39004140b6aa,THERMAL_STRAIN|THERMAL_DISPLACEMENT|THERMAL_REACTION,PROJECT_SCREENING_ONLY,1885S Project Data mean thermal-expansion coefficient for the screening state.
DEFAULT-USAGE-000010,DEFAULT-1885-CODE-WALL,section.codeStressWallRule,,,PE-000002,POS-002,10030,10040,SOURCE_VALUE_UNRESOLVED,3,fnv1a64:38bb39004140b6aa,CODE_STRESS_SECTION,PROJECT_SCREENING_ONLY,1885S Project Data code-stress section rule.
DEFAULT-USAGE-000011,DEFAULT-1885-MATERIAL-FAMILY,material.family,,,PE-000003,POS-003,10040,10050,SOURCE_VALUE_UNRESOLVED,3,fnv1a64:38bb39004140b6aa,MATERIAL_PROPERTIES|WEIGHT|STIFFNESS|STRESS,PROJECT_SCREENING_ONLY,1885S Project Data material-family screening rule.
DEFAULT-USAGE-000012,DEFAULT-1885-CS-E,material.elasticModulusPa,,Pa,PE-000003,POS-003,10040,10050,SOURCE_VALUE_UNRESOLVED,3,fnv1a64:38bb39004140b6aa,EA|EI|THERMAL_REACTION|P_DELTA,PROJECT_SCREENING_ONLY,1885S Project Data carbon-steel elastic modulus.
DEFAULT-USAGE-000013,DEFAULT-1885-CS-NU,material.poissonsRatio,,ratio,PE-000003,POS-003,10040,10050,SOURCE_VALUE_UNRESOLVED,3,fnv1a64:38bb39004140b6aa,SHEAR_MODULUS|TORSIONAL_STIFFNESS,PROJECT_SCREENING_ONLY,1885S Project Data carbon-steel Poisson ratio.
DEFAULT-USAGE-000014,DEFAULT-1885-CS-ALPHA,material.thermalExpansionPerC,,1/C,PE-000003,POS-003,10040,10050,SOURCE_VALUE_UNRESOLVED,3,fnv1a64:38bb39004140b6aa,THERMAL_STRAIN|THERMAL_DISPLACEMENT|THERMAL_REACTION,PROJECT_SCREENING_ONLY,1885S Project Data mean thermal-expansion coefficient for the screening state.
DEFAULT-USAGE-000015,DEFAULT-1885-CODE-WALL,section.codeStressWallRule,,,PE-000003,POS-003,10040,10050,SOURCE_VALUE_UNRESOLVED,3,fnv1a64:38bb39004140b6aa,CODE_STRESS_SECTION,PROJECT_SCREENING_ONLY,1885S Project Data code-stress section rule.
DEFAULT-USAGE-000016,DEFAULT-1885-MATERIAL-FAMILY,material.family,,,PE-000004,POS-004,10050,10060,SOURCE_VALUE_UNRESOLVED,3,fnv1a64:38bb39004140b6aa,MATERIAL_PROPERTIES|WEIGHT|STIFFNESS|STRESS,PROJECT_SCREENING_ONLY,1885S Project Data material-family screening rule.
DEFAULT-USAGE-000017,DEFAULT-1885-CS-E,material.elasticModulusPa,,Pa,PE-000004,POS-004,10050,10060,SOURCE_VALUE_UNRESOLVED,3,fnv1a64:38bb39004140b6aa,EA|EI|THERMAL_REACTION|P_DELTA,PROJECT_SCREENING_ONLY,1885S Project Data carbon-steel elastic modulus.
DEFAULT-USAGE-000018,DEFAULT-1885-CS-NU,material.poissonsRatio,,ratio,PE-000004,POS-004,10050,10060,SOURCE_VALUE_UNRESOLVED,3,fnv1a64:38bb39004140b6aa,SHEAR_MODULUS|TORSIONAL_STIFFNESS,PROJECT_SCREENING_ONLY,1885S Project Data carbon-steel Poisson ratio.
DEFAULT-USAGE-000019,DEFAULT-1885-CS-ALPHA,material.thermalExpansionPerC,,1/C,PE-000004,POS-004,10050,10060,SOURCE_VALUE_UNRESOLVED,3,fnv1a64:38bb39004140b6aa,THERMAL_STRAIN|THERMAL_DISPLACEMENT|THERMAL_REACTION,PROJECT_SCREENING_ONLY,1885S Project Data mean thermal-expansion coefficient for the screening state.
DEFAULT-USAGE-000020,DEFAULT-1885-CODE-WALL,section.codeStressWallRule,,,PE-000004,POS-004,10050,10060,SOURCE_VALUE_UNRESOLVED,3,fnv1a64:38bb39004140b6aa,CODE_STRESS_SECTION,PROJECT_SCREENING_ONLY,1885S Project Data code-stress section rule.
DEFAULT-USAGE-000021,DEFAULT-1885-MATERIAL-FAMILY,material.family,,,PE-000005,POS-005,10060,10070,SOURCE_VALUE_UNRESOLVED,3,fnv1a64:38bb39004140b6aa,MATERIAL_PROPERTIES|WEIGHT|STIFFNESS|STRESS,PROJECT_SCREENING_ONLY,1885S Project Data material-family screening rule.
DEFAULT-USAGE-000022,DEFAULT-1885-CS-E,material.elasticModulusPa,,Pa,PE-000005,POS-005,10060,10070,SOURCE_VALUE_UNRESOLVED,3,fnv1a64:38bb39004140b6aa,EA|EI|THERMAL_REACTION|P_DELTA,PROJECT_SCREENING_ONLY,1885S Project Data carbon-steel elastic modulus.
DEFAULT-USAGE-000023,DEFAULT-1885-CS-NU,material.poissonsRatio,,ratio,PE-000005,POS-005,10060,10070,SOURCE_VALUE_UNRESOLVED,3,fnv1a64:38bb39004140b6aa,SHEAR_MODULUS|TORSIONAL_STIFFNESS,PROJECT_SCREENING_ONLY,1885S Project Data carbon-steel Poisson ratio.
DEFAULT-USAGE-000024,DEFAULT-1885-CS-ALPHA,material.thermalExpansionPerC,,1/C,PE-000005,POS-005,10060,10070,SOURCE_VALUE_UNRESOLVED,3,fnv1a64:38bb39004140b6aa,THERMAL_STRAIN|THERMAL_DISPLACEMENT|THERMAL_REACTION,PROJECT_SCREENING_ONLY,1885S Project Data mean thermal-expansion coefficient for the screening state.
DEFAULT-USAGE-000025,DEFAULT-1885-CODE-WALL,section.codeStressWallRule,,,PE-000005,POS-005,10060,10070,SOURCE_VALUE_UNRESOLVED,3,fnv1a64:38bb39004140b6aa,CODE_STRESS_SECTION,PROJECT_SCREENING_ONLY,1885S Project Data code-stress section rule.
DEFAULT-USAGE-000026,DEFAULT-1885-MATERIAL-FAMILY,material.family,,,PE-000006,POS-006,10070,10080,SOURCE_VALUE_UNRESOLVED,3,fnv1a64:38bb39004140b6aa,MATERIAL_PROPERTIES|WEIGHT|STIFFNESS|STRESS,PROJECT_SCREENING_ONLY,1885S Project Data material-family screening rule.
DEFAULT-USAGE-000027,DEFAULT-1885-CS-E,material.elasticModulusPa,,Pa,PE-000006,POS-006,10070,10080,SOURCE_VALUE_UNRESOLVED,3,fnv1a64:38bb39004140b6aa,EA|EI|THERMAL_REACTION|P_DELTA,PROJECT_SCREENING_ONLY,1885S Project Data carbon-steel elastic modulus.
DEFAULT-USAGE-000028,DEFAULT-1885-CS-NU,material.poissonsRatio,,ratio,PE-000006,POS-006,10070,10080,SOURCE_VALUE_UNRESOLVED,3,fnv1a64:38bb39004140b6aa,SHEAR_MODULUS|TORSIONAL_STIFFNESS,PROJECT_SCREENING_ONLY,1885S Project Data carbon-steel Poisson ratio.
DEFAULT-USAGE-000029,DEFAULT-1885-CS-ALPHA,material.thermalExpansionPerC,,1/C,PE-000006,POS-006,10070,10080,SOURCE_VALUE_UNRESOLVED,3,fnv1a64:38bb39004140b6aa,THERMAL_STRAIN|THERMAL_DISPLACEMENT|THERMAL_REACTION,PROJECT_SCREENING_ONLY,1885S Project Data mean thermal-expansion coefficient for the screening state.
DEFAULT-USAGE-000030,DEFAULT-1885-CODE-WALL,section.codeStressWallRule,,,PE-000006,POS-006,10070,10080,SOURCE_VALUE_UNRESOLVED,3,fnv1a64:38bb39004140b6aa,CODE_STRESS_SECTION,PROJECT_SCREENING_ONLY,1885S Project Data code-stress section rule.
DEFAULT-USAGE-000031,DEFAULT-1885-MATERIAL-FAMILY,material.family,,,PE-000007,POS-007,10080,10090,SOURCE_VALUE_UNRESOLVED,3,fnv1a64:38bb39004140b6aa,MATERIAL_PROPERTIES|WEIGHT|STIFFNESS|STRESS,PROJECT_SCREENING_ONLY,1885S Project Data material-family screening rule.
DEFAULT-USAGE-000032,DEFAULT-1885-CS-E,material.elasticModulusPa,,Pa,PE-000007,POS-007,10080,10090,SOURCE_VALUE_UNRESOLVED,3,fnv1a64:38bb39004140b6aa,EA|EI|THERMAL_REACTION|P_DELTA,PROJECT_SCREENING_ONLY,1885S Project Data carbon-steel elastic modulus.
DEFAULT-USAGE-000033,DEFAULT-1885-CS-NU,material.poissonsRatio,,ratio,PE-000007,POS-007,10080,10090,SOURCE_VALUE_UNRESOLVED,3,fnv1a64:38bb39004140b6aa,SHEAR_MODULUS|TORSIONAL_STIFFNESS,PROJECT_SCREENING_ONLY,1885S Project Data carbon-steel Poisson ratio.
DEFAULT-USAGE-000034,DEFAULT-1885-CS-ALPHA,material.thermalExpansionPerC,,1/C,PE-000007,POS-007,10080,10090,SOURCE_VALUE_UNRESOLVED,3,fnv1a64:38bb39004140b6aa,THERMAL_STRAIN|THERMAL_DISPLACEMENT|THERMAL_REACTION,PROJECT_SCREENING_ONLY,1885S Project Data mean thermal-expansion coefficient for the screening state.
DEFAULT-USAGE-000035,DEFAULT-1885-CODE-WALL,section.codeStressWallRule,,,PE-000007,POS-007,10080,10090,SOURCE_VALUE_UNRESOLVED,3,fnv1a64:38bb39004140b6aa,CODE_STRESS_SECTION,PROJECT_SCREENING_ONLY,1885S Project Data code-stress section rule.
DEFAULT-USAGE-000036,DEFAULT-1885-MATERIAL-FAMILY,material.family,,,PE-000008,POS-008,10090,10100,SOURCE_VALUE_UNRESOLVED,3,fnv1a64:38bb39004140b6aa,MATERIAL_PROPERTIES|WEIGHT|STIFFNESS|STRESS,PROJECT_SCREENING_ONLY,1885S Project Data material-family screening rule.
DEFAULT-USAGE-000037,DEFAULT-1885-CS-E,material.elasticModulusPa,,Pa,PE-000008,POS-008,10090,10100,SOURCE_VALUE_UNRESOLVED,3,fnv1a64:38bb39004140b6aa,EA|EI|THERMAL_REACTION|P_DELTA,PROJECT_SCREENING_ONLY,1885S Project Data carbon-steel elastic modulus.
DEFAULT-USAGE-000038,DEFAULT-1885-CS-NU,material.poissonsRatio,,ratio,PE-000008,POS-008,10090,10100,SOURCE_VALUE_UNRESOLVED,3,fnv1a64:38bb39004140b6aa,SHEAR_MODULUS|TORSIONAL_STIFFNESS,PROJECT_SCREENING_ONLY,1885S Project Data carbon-steel Poisson ratio.
DEFAULT-USAGE-000039,DEFAULT-1885-CS-ALPHA,material.thermalExpansionPerC,,1/C,PE-000008,POS-008,10090,10100,SOURCE_VALUE_UNRESOLVED,3,fnv1a64:38bb39004140b6aa,THERMAL_STRAIN|THERMAL_DISPLACEMENT|THERMAL_REACTION,PROJECT_SCREENING_ONLY,1885S Project Data mean thermal-expansion coefficient for the screening state.
DEFAULT-USAGE-000040,DEFAULT-1885-CODE-WALL,section.codeStressWallRule,,,PE-000008,POS-008,10090,10100,SOURCE_VALUE_UNRESOLVED,3,fnv1a64:38bb39004140b6aa,CODE_STRESS_SECTION,PROJECT_SCREENING_ONLY,1885S Project Data code-stress section rule.
DEFAULT-USAGE-000041,DEFAULT-1885-MATERIAL-FAMILY,material.family,,,PE-000009,POS-009,10100,10110,SOURCE_VALUE_UNRESOLVED,3,fnv1a64:38bb39004140b6aa,MATERIAL_PROPERTIES|WEIGHT|STIFFNESS|STRESS,PROJECT_SCREENING_ONLY,1885S Project Data material-family screening rule.
DEFAULT-USAGE-000042,DEFAULT-1885-CS-E,material.elasticModulusPa,,Pa,PE-000009,POS-009,10100,10110,SOURCE_VALUE_UNRESOLVED,3,fnv1a64:38bb39004140b6aa,EA|EI|THERMAL_REACTION|P_DELTA,PROJECT_SCREENING_ONLY,1885S Project Data carbon-steel elastic modulus.
DEFAULT-USAGE-000043,DEFAULT-1885-CS-NU,material.poissonsRatio,,ratio,PE-000009,POS-009,10100,10110,SOURCE_VALUE_UNRESOLVED,3,fnv1a64:38bb39004140b6aa,SHEAR_MODULUS|TORSIONAL_STIFFNESS,PROJECT_SCREENING_ONLY,1885S Project Data carbon-steel Poisson ratio.
DEFAULT-USAGE-000044,DEFAULT-1885-CS-ALPHA,material.thermalExpansionPerC,,1/C,PE-000009,POS-009,10100,10110,SOURCE_VALUE_UNRESOLVED,3,fnv1a64:38bb39004140b6aa,THERMAL_STRAIN|THERMAL_DISPLACEMENT|THERMAL_REACTION,PROJECT_SCREENING_ONLY,1885S Project Data mean thermal-expansion coefficient for the screening state.
DEFAULT-USAGE-000045,DEFAULT-1885-CODE-WALL,section.codeStressWallRule,,,PE-000009,POS-009,10100,10110,SOURCE_VALUE_UNRESOLVED,3,fnv1a64:38bb39004140b6aa,CODE_STRESS_SECTION,PROJECT_SCREENING_ONLY,1885S Project Data code-stress section rule.
DEFAULT-USAGE-000046,DEFAULT-1885-MATERIAL-FAMILY,material.family,,,PE-000010,POS-010,10110,10120,SOURCE_VALUE_UNRESOLVED,3,fnv1a64:38bb39004140b6aa,MATERIAL_PROPERTIES|WEIGHT|STIFFNESS|STRESS,PROJECT_SCREENING_ONLY,1885S Project Data material-family screening rule.
DEFAULT-USAGE-000047,DEFAULT-1885-CS-E,material.elasticModulusPa,,Pa,PE-000010,POS-010,10110,10120,SOURCE_VALUE_UNRESOLVED,3,fnv1a64:38bb39004140b6aa,EA|EI|THERMAL_REACTION|P_DELTA,PROJECT_SCREENING_ONLY,1885S Project Data carbon-steel elastic modulus.
DEFAULT-USAGE-000048,DEFAULT-1885-CS-NU,material.poissonsRatio,,ratio,PE-000010,POS-010,10110,10120,SOURCE_VALUE_UNRESOLVED,3,fnv1a64:38bb39004140b6aa,SHEAR_MODULUS|TORSIONAL_STIFFNESS,PROJECT_SCREENING_ONLY,1885S Project Data carbon-steel Poisson ratio.
DEFAULT-USAGE-000049,DEFAULT-1885-CS-ALPHA,material.thermalExpansionPerC,,1/C,PE-000010,POS-010,10110,10120,SOURCE_VALUE_UNRESOLVED,3,fnv1a64:38bb39004140b6aa,THERMAL_STRAIN|THERMAL_DISPLACEMENT|THERMAL_REACTION,PROJECT_SCREENING_ONLY,1885S Project Data mean thermal-expansion coefficient for the screening state.
DEFAULT-USAGE-000050,DEFAULT-1885-CODE-WALL,section.codeStressWallRule,,,PE-000010,POS-010,10110,10120,SOURCE_VALUE_UNRESOLVED,3,fnv1a64:38bb39004140b6aa,CODE_STRESS_SECTION,PROJECT_SCREENING_ONLY,1885S Project Data code-stress section rule.
DEFAULT-USAGE-000051,DEFAULT-1885-MATERIAL-FAMILY,material.family,,,PE-000011,POS-011,10120,10130,SOURCE_VALUE_UNRESOLVED,3,fnv1a64:38bb39004140b6aa,MATERIAL_PROPERTIES|WEIGHT|STIFFNESS|STRESS,PROJECT_SCREENING_ONLY,1885S Project Data material-family screening rule.
DEFAULT-USAGE-000052,DEFAULT-1885-CS-E,material.elasticModulusPa,,Pa,PE-000011,POS-011,10120,10130,SOURCE_VALUE_UNRESOLVED,3,fnv1a64:38bb39004140b6aa,EA|EI|THERMAL_REACTION|P_DELTA,PROJECT_SCREENING_ONLY,1885S Project Data carbon-steel elastic modulus.
DEFAULT-USAGE-000053,DEFAULT-1885-CS-NU,material.poissonsRatio,,ratio,PE-000011,POS-011,10120,10130,SOURCE_VALUE_UNRESOLVED,3,fnv1a64:38bb39004140b6aa,SHEAR_MODULUS|TORSIONAL_STIFFNESS,PROJECT_SCREENING_ONLY,1885S Project Data carbon-steel Poisson ratio.
DEFAULT-USAGE-000054,DEFAULT-1885-CS-ALPHA,material.thermalExpansionPerC,,1/C,PE-000011,POS-011,10120,10130,SOURCE_VALUE_UNRESOLVED,3,fnv1a64:38bb39004140b6aa,THERMAL_STRAIN|THERMAL_DISPLACEMENT|THERMAL_REACTION,PROJECT_SCREENING_ONLY,1885S Project Data mean thermal-expansion coefficient for the screening state.
DEFAULT-USAGE-000055,DEFAULT-1885-CODE-WALL,section.codeStressWallRule,,,PE-000011,POS-011,10120,10130,SOURCE_VALUE_UNRESOLVED,3,fnv1a64:38bb39004140b6aa,CODE_STRESS_SECTION,PROJECT_SCREENING_ONLY,1885S Project Data code-stress section rule.
DEFAULT-USAGE-000056,DEFAULT-1885-MATERIAL-FAMILY,material.family,,,PE-000012,POS-012,10130,10140,SOURCE_VALUE_UNRESOLVED,3,fnv1a64:38bb39004140b6aa,MATERIAL_PROPERTIES|WEIGHT|STIFFNESS|STRESS,PROJECT_SCREENING_ONLY,1885S Project Data material-family screening rule.
DEFAULT-USAGE-000057,DEFAULT-1885-CS-E,material.elasticModulusPa,,Pa,PE-000012,POS-012,10130,10140,SOURCE_VALUE_UNRESOLVED,3,fnv1a64:38bb39004140b6aa,EA|EI|THERMAL_REACTION|P_DELTA,PROJECT_SCREENING_ONLY,1885S Project Data carbon-steel elastic modulus.
DEFAULT-USAGE-000058,DEFAULT-1885-CS-NU,material.poissonsRatio,,ratio,PE-000012,POS-012,10130,10140,SOURCE_VALUE_UNRESOLVED,3,fnv1a64:38bb39004140b6aa,SHEAR_MODULUS|TORSIONAL_STIFFNESS,PROJECT_SCREENING_ONLY,1885S Project Data carbon-steel Poisson ratio.
DEFAULT-USAGE-000059,DEFAULT-1885-CS-ALPHA,material.thermalExpansionPerC,,1/C,PE-000012,POS-012,10130,10140,SOURCE_VALUE_UNRESOLVED,3,fnv1a64:38bb39004140b6aa,THERMAL_STRAIN|THERMAL_DISPLACEMENT|THERMAL_REACTION,PROJECT_SCREENING_ONLY,1885S Project Data mean thermal-expansion coefficient for the screening state.
DEFAULT-USAGE-000060,DEFAULT-1885-CODE-WALL,section.codeStressWallRule,,,PE-000012,POS-012,10130,10140,SOURCE_VALUE_UNRESOLVED,3,fnv1a64:38bb39004140b6aa,CODE_STRESS_SECTION,PROJECT_SCREENING_ONLY,1885S Project Data code-stress section rule.
DEFAULT-USAGE-000061,DEFAULT-1885-MATERIAL-FAMILY,material.family,,,PE-000013,POS-013,10140,10160,SOURCE_VALUE_UNRESOLVED,3,fnv1a64:38bb39004140b6aa,MATERIAL_PROPERTIES|WEIGHT|STIFFNESS|STRESS,PROJECT_SCREENING_ONLY,1885S Project Data material-family screening rule.
DEFAULT-USAGE-000062,DEFAULT-1885-CS-E,material.elasticModulusPa,,Pa,PE-000013,POS-013,10140,10160,SOURCE_VALUE_UNRESOLVED,3,fnv1a64:38bb39004140b6aa,EA|EI|THERMAL_REACTION|P_DELTA,PROJECT_SCREENING_ONLY,1885S Project Data carbon-steel elastic modulus.
DEFAULT-USAGE-000063,DEFAULT-1885-CS-NU,material.poissonsRatio,,ratio,PE-000013,POS-013,10140,10160,SOURCE_VALUE_UNRESOLVED,3,fnv1a64:38bb39004140b6aa,SHEAR_MODULUS|TORSIONAL_STIFFNESS,PROJECT_SCREENING_ONLY,1885S Project Data carbon-steel Poisson ratio.
DEFAULT-USAGE-000064,DEFAULT-1885-CS-ALPHA,material.thermalExpansionPerC,,1/C,PE-000013,POS-013,10140,10160,SOURCE_VALUE_UNRESOLVED,3,fnv1a64:38bb39004140b6aa,THERMAL_STRAIN|THERMAL_DISPLACEMENT|THERMAL_REACTION,PROJECT_SCREENING_ONLY,1885S Project Data mean thermal-expansion coefficient for the screening state.
DEFAULT-USAGE-000065,DEFAULT-1885-CODE-WALL,section.codeStressWallRule,,,PE-000013,POS-013,10140,10160,SOURCE_VALUE_UNRESOLVED,3,fnv1a64:38bb39004140b6aa,CODE_STRESS_SECTION,PROJECT_SCREENING_ONLY,1885S Project Data code-stress section rule.
DEFAULT-USAGE-000066,DEFAULT-1885-MATERIAL-FAMILY,material.family,,,PE-000014,POS-014,10160,10150,SOURCE_VALUE_UNRESOLVED,3,fnv1a64:38bb39004140b6aa,MATERIAL_PROPERTIES|WEIGHT|STIFFNESS|STRESS,PROJECT_SCREENING_ONLY,1885S Project Data material-family screening rule.
DEFAULT-USAGE-000067,DEFAULT-1885-CS-E,material.elasticModulusPa,,Pa,PE-000014,POS-014,10160,10150,SOURCE_VALUE_UNRESOLVED,3,fnv1a64:38bb39004140b6aa,EA|EI|THERMAL_REACTION|P_DELTA,PROJECT_SCREENING_ONLY,1885S Project Data carbon-steel elastic modulus.
DEFAULT-USAGE-000068,DEFAULT-1885-CS-NU,material.poissonsRatio,,ratio,PE-000014,POS-014,10160,10150,SOURCE_VALUE_UNRESOLVED,3,fnv1a64:38bb39004140b6aa,SHEAR_MODULUS|TORSIONAL_STIFFNESS,PROJECT_SCREENING_ONLY,1885S Project Data carbon-steel Poisson ratio.
DEFAULT-USAGE-000069,DEFAULT-1885-CS-ALPHA,material.thermalExpansionPerC,,1/C,PE-000014,POS-014,10160,10150,SOURCE_VALUE_UNRESOLVED,3,fnv1a64:38bb39004140b6aa,THERMAL_STRAIN|THERMAL_DISPLACEMENT|THERMAL_REACTION,PROJECT_SCREENING_ONLY,1885S Project Data mean thermal-expansion coefficient for the screening state.
DEFAULT-USAGE-000070,DEFAULT-1885-CODE-WALL,section.codeStressWallRule,,,PE-000014,POS-014,10160,10150,SOURCE_VALUE_UNRESOLVED,3,fnv1a64:38bb39004140b6aa,CODE_STRESS_SECTION,PROJECT_SCREENING_ONLY,1885S Project Data code-stress section rule.
DEFAULT-USAGE-000071,DEFAULT-1885-MATERIAL-FAMILY,material.family,,,PE-000015,POS-015,10150,10170,SOURCE_VALUE_UNRESOLVED,3,fnv1a64:38bb39004140b6aa,MATERIAL_PROPERTIES|WEIGHT|STIFFNESS|STRESS,PROJECT_SCREENING_ONLY,1885S Project Data material-family screening rule.
DEFAULT-USAGE-000072,DEFAULT-1885-CS-E,material.elasticModulusPa,,Pa,PE-000015,POS-015,10150,10170,SOURCE_VALUE_UNRESOLVED,3,fnv1a64:38bb39004140b6aa,EA|EI|THERMAL_REACTION|P_DELTA,PROJECT_SCREENING_ONLY,1885S Project Data carbon-steel elastic modulus.
DEFAULT-USAGE-000073,DEFAULT-1885-CS-NU,material.poissonsRatio,,ratio,PE-000015,POS-015,10150,10170,SOURCE_VALUE_UNRESOLVED,3,fnv1a64:38bb39004140b6aa,SHEAR_MODULUS|TORSIONAL_STIFFNESS,PROJECT_SCREENING_ONLY,1885S Project Data carbon-steel Poisson ratio.
DEFAULT-USAGE-000074,DEFAULT-1885-CS-ALPHA,material.thermalExpansionPerC,,1/C,PE-000015,POS-015,10150,10170,SOURCE_VALUE_UNRESOLVED,3,fnv1a64:38bb39004140b6aa,THERMAL_STRAIN|THERMAL_DISPLACEMENT|THERMAL_REACTION,PROJECT_SCREENING_ONLY,1885S Project Data mean thermal-expansion coefficient for the screening state.
DEFAULT-USAGE-000075,DEFAULT-1885-CODE-WALL,section.codeStressWallRule,,,PE-000015,POS-015,10150,10170,SOURCE_VALUE_UNRESOLVED,3,fnv1a64:38bb39004140b6aa,CODE_STRESS_SECTION,PROJECT_SCREENING_ONLY,1885S Project Data code-stress section rule.
DEFAULT-USAGE-000076,DEFAULT-1885-MATERIAL-FAMILY,material.family,,,PE-000016,POS-016,10170,10180,SOURCE_VALUE_UNRESOLVED,3,fnv1a64:38bb39004140b6aa,MATERIAL_PROPERTIES|WEIGHT|STIFFNESS|STRESS,PROJECT_SCREENING_ONLY,1885S Project Data material-family screening rule.
DEFAULT-USAGE-000077,DEFAULT-1885-CS-E,material.elasticModulusPa,,Pa,PE-000016,POS-016,10170,10180,SOURCE_VALUE_UNRESOLVED,3,fnv1a64:38bb39004140b6aa,EA|EI|THERMAL_REACTION|P_DELTA,PROJECT_SCREENING_ONLY,1885S Project Data carbon-steel elastic modulus.
DEFAULT-USAGE-000078,DEFAULT-1885-CS-NU,material.poissonsRatio,,ratio,PE-000016,POS-016,10170,10180,SOURCE_VALUE_UNRESOLVED,3,fnv1a64:38bb39004140b6aa,SHEAR_MODULUS|TORSIONAL_STIFFNESS,PROJECT_SCREENING_ONLY,1885S Project Data carbon-steel Poisson ratio.
DEFAULT-USAGE-000079,DEFAULT-1885-CS-ALPHA,material.thermalExpansionPerC,,1/C,PE-000016,POS-016,10170,10180,SOURCE_VALUE_UNRESOLVED,3,fnv1a64:38bb39004140b6aa,THERMAL_STRAIN|THERMAL_DISPLACEMENT|THERMAL_REACTION,PROJECT_SCREENING_ONLY,1885S Project Data mean thermal-expansion coefficient for the screening state.
DEFAULT-USAGE-000080,DEFAULT-1885-CODE-WALL,section.codeStressWallRule,,,PE-000016,POS-016,10170,10180,SOURCE_VALUE_UNRESOLVED,3,fnv1a64:38bb39004140b6aa,CODE_STRESS_SECTION,PROJECT_SCREENING_ONLY,1885S Project Data code-stress section rule.
DEFAULT-USAGE-000081,DEFAULT-1885-MATERIAL-FAMILY,material.family,,,PE-000017,POS-017,10180,10190,SOURCE_VALUE_UNRESOLVED,3,fnv1a64:38bb39004140b6aa,MATERIAL_PROPERTIES|WEIGHT|STIFFNESS|STRESS,PROJECT_SCREENING_ONLY,1885S Project Data material-family screening rule.
DEFAULT-USAGE-000082,DEFAULT-1885-CS-E,material.elasticModulusPa,,Pa,PE-000017,POS-017,10180,10190,SOURCE_VALUE_UNRESOLVED,3,fnv1a64:38bb39004140b6aa,EA|EI|THERMAL_REACTION|P_DELTA,PROJECT_SCREENING_ONLY,1885S Project Data carbon-steel elastic modulus.
DEFAULT-USAGE-000083,DEFAULT-1885-CS-NU,material.poissonsRatio,,ratio,PE-000017,POS-017,10180,10190,SOURCE_VALUE_UNRESOLVED,3,fnv1a64:38bb39004140b6aa,SHEAR_MODULUS|TORSIONAL_STIFFNESS,PROJECT_SCREENING_ONLY,1885S Project Data carbon-steel Poisson ratio.
DEFAULT-USAGE-000084,DEFAULT-1885-CS-ALPHA,material.thermalExpansionPerC,,1/C,PE-000017,POS-017,10180,10190,SOURCE_VALUE_UNRESOLVED,3,fnv1a64:38bb39004140b6aa,THERMAL_STRAIN|THERMAL_DISPLACEMENT|THERMAL_REACTION,PROJECT_SCREENING_ONLY,1885S Project Data mean thermal-expansion coefficient for the screening state.
DEFAULT-USAGE-000085,DEFAULT-1885-CODE-WALL,section.codeStressWallRule,,,PE-000017,POS-017,10180,10190,SOURCE_VALUE_UNRESOLVED,3,fnv1a64:38bb39004140b6aa,CODE_STRESS_SECTION,PROJECT_SCREENING_ONLY,1885S Project Data code-stress section rule.
DEFAULT-USAGE-000086,DEFAULT-1885-MATERIAL-FAMILY,material.family,,,PE-000018,POS-018,10190,10200,SOURCE_VALUE_UNRESOLVED,3,fnv1a64:38bb39004140b6aa,MATERIAL_PROPERTIES|WEIGHT|STIFFNESS|STRESS,PROJECT_SCREENING_ONLY,1885S Project Data material-family screening rule.
DEFAULT-USAGE-000087,DEFAULT-1885-CS-E,material.elasticModulusPa,,Pa,PE-000018,POS-018,10190,10200,SOURCE_VALUE_UNRESOLVED,3,fnv1a64:38bb39004140b6aa,EA|EI|THERMAL_REACTION|P_DELTA,PROJECT_SCREENING_ONLY,1885S Project Data carbon-steel elastic modulus.
DEFAULT-USAGE-000088,DEFAULT-1885-CS-NU,material.poissonsRatio,,ratio,PE-000018,POS-018,10190,10200,SOURCE_VALUE_UNRESOLVED,3,fnv1a64:38bb39004140b6aa,SHEAR_MODULUS|TORSIONAL_STIFFNESS,PROJECT_SCREENING_ONLY,1885S Project Data carbon-steel Poisson ratio.
DEFAULT-USAGE-000089,DEFAULT-1885-CS-ALPHA,material.thermalExpansionPerC,,1/C,PE-000018,POS-018,10190,10200,SOURCE_VALUE_UNRESOLVED,3,fnv1a64:38bb39004140b6aa,THERMAL_STRAIN|THERMAL_DISPLACEMENT|THERMAL_REACTION,PROJECT_SCREENING_ONLY,1885S Project Data mean thermal-expansion coefficient for the screening state.
DEFAULT-USAGE-000090,DEFAULT-1885-CODE-WALL,section.codeStressWallRule,,,PE-000018,POS-018,10190,10200,SOURCE_VALUE_UNRESOLVED,3,fnv1a64:38bb39004140b6aa,CODE_STRESS_SECTION,PROJECT_SCREENING_ONLY,1885S Project Data code-stress section rule.
DEFAULT-USAGE-000091,DEFAULT-1885-MATERIAL-FAMILY,material.family,,,PE-000019,POS-019,10200,10210,SOURCE_VALUE_UNRESOLVED,3,fnv1a64:38bb39004140b6aa,MATERIAL_PROPERTIES|WEIGHT|STIFFNESS|STRESS,PROJECT_SCREENING_ONLY,1885S Project Data material-family screening rule.
DEFAULT-USAGE-000092,DEFAULT-1885-CS-E,material.elasticModulusPa,,Pa,PE-000019,POS-019,10200,10210,SOURCE_VALUE_UNRESOLVED,3,fnv1a64:38bb39004140b6aa,EA|EI|THERMAL_REACTION|P_DELTA,PROJECT_SCREENING_ONLY,1885S Project Data carbon-steel elastic modulus.
DEFAULT-USAGE-000093,DEFAULT-1885-CS-NU,material.poissonsRatio,,ratio,PE-000019,POS-019,10200,10210,SOURCE_VALUE_UNRESOLVED,3,fnv1a64:38bb39004140b6aa,SHEAR_MODULUS|TORSIONAL_STIFFNESS,PROJECT_SCREENING_ONLY,1885S Project Data carbon-steel Poisson ratio.
DEFAULT-USAGE-000094,DEFAULT-1885-CS-ALPHA,material.thermalExpansionPerC,,1/C,PE-000019,POS-019,10200,10210,SOURCE_VALUE_UNRESOLVED,3,fnv1a64:38bb39004140b6aa,THERMAL_STRAIN|THERMAL_DISPLACEMENT|THERMAL_REACTION,PROJECT_SCREENING_ONLY,1885S Project Data mean thermal-expansion coefficient for the screening state.
DEFAULT-USAGE-000095,DEFAULT-1885-CODE-WALL,section.codeStressWallRule,,,PE-000019,POS-019,10200,10210,SOURCE_VALUE_UNRESOLVED,3,fnv1a64:38bb39004140b6aa,CODE_STRESS_SECTION,PROJECT_SCREENING_ONLY,1885S Project Data code-stress section rule.
DEFAULT-USAGE-000096,DEFAULT-1885-MATERIAL-FAMILY,material.family,,,PE-000020,POS-020,10210,10230,SOURCE_VALUE_UNRESOLVED,3,fnv1a64:38bb39004140b6aa,MATERIAL_PROPERTIES|WEIGHT|STIFFNESS|STRESS,PROJECT_SCREENING_ONLY,1885S Project Data material-family screening rule.
DEFAULT-USAGE-000097,DEFAULT-1885-CS-E,material.elasticModulusPa,,Pa,PE-000020,POS-020,10210,10230,SOURCE_VALUE_UNRESOLVED,3,fnv1a64:38bb39004140b6aa,EA|EI|THERMAL_REACTION|P_DELTA,PROJECT_SCREENING_ONLY,1885S Project Data carbon-steel elastic modulus.
DEFAULT-USAGE-000098,DEFAULT-1885-CS-NU,material.poissonsRatio,,ratio,PE-000020,POS-020,10210,10230,SOURCE_VALUE_UNRESOLVED,3,fnv1a64:38bb39004140b6aa,SHEAR_MODULUS|TORSIONAL_STIFFNESS,PROJECT_SCREENING_ONLY,1885S Project Data carbon-steel Poisson ratio.
DEFAULT-USAGE-000099,DEFAULT-1885-CS-ALPHA,material.thermalExpansionPerC,,1/C,PE-000020,POS-020,10210,10230,SOURCE_VALUE_UNRESOLVED,3,fnv1a64:38bb39004140b6aa,THERMAL_STRAIN|THERMAL_DISPLACEMENT|THERMAL_REACTION,PROJECT_SCREENING_ONLY,1885S Project Data mean thermal-expansion coefficient for the screening state.
DEFAULT-USAGE-000100,DEFAULT-1885-CODE-WALL,section.codeStressWallRule,,,PE-000020,POS-020,10210,10230,SOURCE_VALUE_UNRESOLVED,3,fnv1a64:38bb39004140b6aa,CODE_STRESS_SECTION,PROJECT_SCREENING_ONLY,1885S Project Data code-stress section rule.
DEFAULT-USAGE-000101,DEFAULT-1885-MATERIAL-FAMILY,material.family,,,PE-000021,POS-021,10230,10220,SOURCE_VALUE_UNRESOLVED,3,fnv1a64:38bb39004140b6aa,MATERIAL_PROPERTIES|WEIGHT|STIFFNESS|STRESS,PROJECT_SCREENING_ONLY,1885S Project Data material-family screening rule.
DEFAULT-USAGE-000102,DEFAULT-1885-CS-E,material.elasticModulusPa,,Pa,PE-000021,POS-021,10230,10220,SOURCE_VALUE_UNRESOLVED,3,fnv1a64:38bb39004140b6aa,EA|EI|THERMAL_REACTION|P_DELTA,PROJECT_SCREENING_ONLY,1885S Project Data carbon-steel elastic modulus.
DEFAULT-USAGE-000103,DEFAULT-1885-CS-NU,material.poissonsRatio,,ratio,PE-000021,POS-021,10230,10220,SOURCE_VALUE_UNRESOLVED,3,fnv1a64:38bb39004140b6aa,SHEAR_MODULUS|TORSIONAL_STIFFNESS,PROJECT_SCREENING_ONLY,1885S Project Data carbon-steel Poisson ratio.
DEFAULT-USAGE-000104,DEFAULT-1885-CS-ALPHA,material.thermalExpansionPerC,,1/C,PE-000021,POS-021,10230,10220,SOURCE_VALUE_UNRESOLVED,3,fnv1a64:38bb39004140b6aa,THERMAL_STRAIN|THERMAL_DISPLACEMENT|THERMAL_REACTION,PROJECT_SCREENING_ONLY,1885S Project Data mean thermal-expansion coefficient for the screening state.
DEFAULT-USAGE-000105,DEFAULT-1885-CODE-WALL,section.codeStressWallRule,,,PE-000021,POS-021,10230,10220,SOURCE_VALUE_UNRESOLVED,3,fnv1a64:38bb39004140b6aa,CODE_STRESS_SECTION,PROJECT_SCREENING_ONLY,1885S Project Data code-stress section rule.
DEFAULT-USAGE-000106,DEFAULT-1885-MATERIAL-FAMILY,material.family,,,PE-000022,POS-022,10220,10240,SOURCE_VALUE_UNRESOLVED,3,fnv1a64:38bb39004140b6aa,MATERIAL_PROPERTIES|WEIGHT|STIFFNESS|STRESS,PROJECT_SCREENING_ONLY,1885S Project Data material-family screening rule.
DEFAULT-USAGE-000107,DEFAULT-1885-CS-E,material.elasticModulusPa,,Pa,PE-000022,POS-022,10220,10240,SOURCE_VALUE_UNRESOLVED,3,fnv1a64:38bb39004140b6aa,EA|EI|THERMAL_REACTION|P_DELTA,PROJECT_SCREENING_ONLY,1885S Project Data carbon-steel elastic modulus.
DEFAULT-USAGE-000108,DEFAULT-1885-CS-NU,material.poissonsRatio,,ratio,PE-000022,POS-022,10220,10240,SOURCE_VALUE_UNRESOLVED,3,fnv1a64:38bb39004140b6aa,SHEAR_MODULUS|TORSIONAL_STIFFNESS,PROJECT_SCREENING_ONLY,1885S Project Data carbon-steel Poisson ratio.
DEFAULT-USAGE-000109,DEFAULT-1885-CS-ALPHA,material.thermalExpansionPerC,,1/C,PE-000022,POS-022,10220,10240,SOURCE_VALUE_UNRESOLVED,3,fnv1a64:38bb39004140b6aa,THERMAL_STRAIN|THERMAL_DISPLACEMENT|THERMAL_REACTION,PROJECT_SCREENING_ONLY,1885S Project Data mean thermal-expansion coefficient for the screening state.
DEFAULT-USAGE-000110,DEFAULT-1885-CODE-WALL,section.codeStressWallRule,,,PE-000022,POS-022,10220,10240,SOURCE_VALUE_UNRESOLVED,3,fnv1a64:38bb39004140b6aa,CODE_STRESS_SECTION,PROJECT_SCREENING_ONLY,1885S Project Data code-stress section rule.
DEFAULT-USAGE-000111,DEFAULT-1885-MATERIAL-FAMILY,material.family,,,PE-000023,POS-023,10240,10250,SOURCE_VALUE_UNRESOLVED,3,fnv1a64:38bb39004140b6aa,MATERIAL_PROPERTIES|WEIGHT|STIFFNESS|STRESS,PROJECT_SCREENING_ONLY,1885S Project Data material-family screening rule.
DEFAULT-USAGE-000112,DEFAULT-1885-CS-E,material.elasticModulusPa,,Pa,PE-000023,POS-023,10240,10250,SOURCE_VALUE_UNRESOLVED,3,fnv1a64:38bb39004140b6aa,EA|EI|THERMAL_REACTION|P_DELTA,PROJECT_SCREENING_ONLY,1885S Project Data carbon-steel elastic modulus.
DEFAULT-USAGE-000113,DEFAULT-1885-CS-NU,material.poissonsRatio,,ratio,PE-000023,POS-023,10240,10250,SOURCE_VALUE_UNRESOLVED,3,fnv1a64:38bb39004140b6aa,SHEAR_MODULUS|TORSIONAL_STIFFNESS,PROJECT_SCREENING_ONLY,1885S Project Data carbon-steel Poisson ratio.
DEFAULT-USAGE-000114,DEFAULT-1885-CS-ALPHA,material.thermalExpansionPerC,,1/C,PE-000023,POS-023,10240,10250,SOURCE_VALUE_UNRESOLVED,3,fnv1a64:38bb39004140b6aa,THERMAL_STRAIN|THERMAL_DISPLACEMENT|THERMAL_REACTION,PROJECT_SCREENING_ONLY,1885S Project Data mean thermal-expansion coefficient for the screening state.
DEFAULT-USAGE-000115,DEFAULT-1885-CODE-WALL,section.codeStressWallRule,,,PE-000023,POS-023,10240,10250,SOURCE_VALUE_UNRESOLVED,3,fnv1a64:38bb39004140b6aa,CODE_STRESS_SECTION,PROJECT_SCREENING_ONLY,1885S Project Data code-stress section rule.
DEFAULT-USAGE-000116,DEFAULT-1885-MATERIAL-FAMILY,material.family,,,PE-000024,POS-024,10250,10260,SOURCE_VALUE_UNRESOLVED,3,fnv1a64:38bb39004140b6aa,MATERIAL_PROPERTIES|WEIGHT|STIFFNESS|STRESS,PROJECT_SCREENING_ONLY,1885S Project Data material-family screening rule.
DEFAULT-USAGE-000117,DEFAULT-1885-CS-E,material.elasticModulusPa,,Pa,PE-000024,POS-024,10250,10260,SOURCE_VALUE_UNRESOLVED,3,fnv1a64:38bb39004140b6aa,EA|EI|THERMAL_REACTION|P_DELTA,PROJECT_SCREENING_ONLY,1885S Project Data carbon-steel elastic modulus.
DEFAULT-USAGE-000118,DEFAULT-1885-CS-NU,material.poissonsRatio,,ratio,PE-000024,POS-024,10250,10260,SOURCE_VALUE_UNRESOLVED,3,fnv1a64:38bb39004140b6aa,SHEAR_MODULUS|TORSIONAL_STIFFNESS,PROJECT_SCREENING_ONLY,1885S Project Data carbon-steel Poisson ratio.
DEFAULT-USAGE-000119,DEFAULT-1885-CS-ALPHA,material.thermalExpansionPerC,,1/C,PE-000024,POS-024,10250,10260,SOURCE_VALUE_UNRESOLVED,3,fnv1a64:38bb39004140b6aa,THERMAL_STRAIN|THERMAL_DISPLACEMENT|THERMAL_REACTION,PROJECT_SCREENING_ONLY,1885S Project Data mean thermal-expansion coefficient for the screening state.
DEFAULT-USAGE-000120,DEFAULT-1885-CODE-WALL,section.codeStressWallRule,,,PE-000024,POS-024,10250,10260,SOURCE_VALUE_UNRESOLVED,3,fnv1a64:38bb39004140b6aa,CODE_STRESS_SECTION,PROJECT_SCREENING_ONLY,1885S Project Data code-stress section rule.
DEFAULT-USAGE-000121,DEFAULT-1885-MATERIAL-FAMILY,material.family,,,PE-000025,POS-025,10260,10270,SOURCE_VALUE_UNRESOLVED,3,fnv1a64:38bb39004140b6aa,MATERIAL_PROPERTIES|WEIGHT|STIFFNESS|STRESS,PROJECT_SCREENING_ONLY,1885S Project Data material-family screening rule.
DEFAULT-USAGE-000122,DEFAULT-1885-CS-E,material.elasticModulusPa,,Pa,PE-000025,POS-025,10260,10270,SOURCE_VALUE_UNRESOLVED,3,fnv1a64:38bb39004140b6aa,EA|EI|THERMAL_REACTION|P_DELTA,PROJECT_SCREENING_ONLY,1885S Project Data carbon-steel elastic modulus.
DEFAULT-USAGE-000123,DEFAULT-1885-CS-NU,material.poissonsRatio,,ratio,PE-000025,POS-025,10260,10270,SOURCE_VALUE_UNRESOLVED,3,fnv1a64:38bb39004140b6aa,SHEAR_MODULUS|TORSIONAL_STIFFNESS,PROJECT_SCREENING_ONLY,1885S Project Data carbon-steel Poisson ratio.
DEFAULT-USAGE-000124,DEFAULT-1885-CS-ALPHA,material.thermalExpansionPerC,,1/C,PE-000025,POS-025,10260,10270,SOURCE_VALUE_UNRESOLVED,3,fnv1a64:38bb39004140b6aa,THERMAL_STRAIN|THERMAL_DISPLACEMENT|THERMAL_REACTION,PROJECT_SCREENING_ONLY,1885S Project Data mean thermal-expansion coefficient for the screening state.
DEFAULT-USAGE-000125,DEFAULT-1885-CODE-WALL,section.codeStressWallRule,,,PE-000025,POS-025,10260,10270,SOURCE_VALUE_UNRESOLVED,3,fnv1a64:38bb39004140b6aa,CODE_STRESS_SECTION,PROJECT_SCREENING_ONLY,1885S Project Data code-stress section rule.
DEFAULT-USAGE-000126,DEFAULT-1885-MATERIAL-FAMILY,material.family,,,PE-000026,POS-026,10270,10280,SOURCE_VALUE_UNRESOLVED,3,fnv1a64:38bb39004140b6aa,MATERIAL_PROPERTIES|WEIGHT|STIFFNESS|STRESS,PROJECT_SCREENING_ONLY,1885S Project Data material-family screening rule.
DEFAULT-USAGE-000127,DEFAULT-1885-CS-E,material.elasticModulusPa,,Pa,PE-000026,POS-026,10270,10280,SOURCE_VALUE_UNRESOLVED,3,fnv1a64:38bb39004140b6aa,EA|EI|THERMAL_REACTION|P_DELTA,PROJECT_SCREENING_ONLY,1885S Project Data carbon-steel elastic modulus.
DEFAULT-USAGE-000128,DEFAULT-1885-CS-NU,material.poissonsRatio,,ratio,PE-000026,POS-026,10270,10280,SOURCE_VALUE_UNRESOLVED,3,fnv1a64:38bb39004140b6aa,SHEAR_MODULUS|TORSIONAL_STIFFNESS,PROJECT_SCREENING_ONLY,1885S Project Data carbon-steel Poisson ratio.
DEFAULT-USAGE-000129,DEFAULT-1885-CS-ALPHA,material.thermalExpansionPerC,,1/C,PE-000026,POS-026,10270,10280,SOURCE_VALUE_UNRESOLVED,3,fnv1a64:38bb39004140b6aa,THERMAL_STRAIN|THERMAL_DISPLACEMENT|THERMAL_REACTION,PROJECT_SCREENING_ONLY,1885S Project Data mean thermal-expansion coefficient for the screening state.
DEFAULT-USAGE-000130,DEFAULT-1885-CODE-WALL,section.codeStressWallRule,,,PE-000026,POS-026,10270,10280,SOURCE_VALUE_UNRESOLVED,3,fnv1a64:38bb39004140b6aa,CODE_STRESS_SECTION,PROJECT_SCREENING_ONLY,1885S Project Data code-stress section rule.
DEFAULT-USAGE-000131,DEFAULT-1885-MATERIAL-FAMILY,material.family,,,PE-000027,POS-027,10280,10290,SOURCE_VALUE_UNRESOLVED,3,fnv1a64:38bb39004140b6aa,MATERIAL_PROPERTIES|WEIGHT|STIFFNESS|STRESS,PROJECT_SCREENING_ONLY,1885S Project Data material-family screening rule.
DEFAULT-USAGE-000132,DEFAULT-1885-CS-E,material.elasticModulusPa,,Pa,PE-000027,POS-027,10280,10290,SOURCE_VALUE_UNRESOLVED,3,fnv1a64:38bb39004140b6aa,EA|EI|THERMAL_REACTION|P_DELTA,PROJECT_SCREENING_ONLY,1885S Project Data carbon-steel elastic modulus.
DEFAULT-USAGE-000133,DEFAULT-1885-CS-NU,material.poissonsRatio,,ratio,PE-000027,POS-027,10280,10290,SOURCE_VALUE_UNRESOLVED,3,fnv1a64:38bb39004140b6aa,SHEAR_MODULUS|TORSIONAL_STIFFNESS,PROJECT_SCREENING_ONLY,1885S Project Data carbon-steel Poisson ratio.
DEFAULT-USAGE-000134,DEFAULT-1885-CS-ALPHA,material.thermalExpansionPerC,,1/C,PE-000027,POS-027,10280,10290,SOURCE_VALUE_UNRESOLVED,3,fnv1a64:38bb39004140b6aa,THERMAL_STRAIN|THERMAL_DISPLACEMENT|THERMAL_REACTION,PROJECT_SCREENING_ONLY,1885S Project Data mean thermal-expansion coefficient for the screening state.
DEFAULT-USAGE-000135,DEFAULT-1885-CODE-WALL,section.codeStressWallRule,,,PE-000027,POS-027,10280,10290,SOURCE_VALUE_UNRESOLVED,3,fnv1a64:38bb39004140b6aa,CODE_STRESS_SECTION,PROJECT_SCREENING_ONLY,1885S Project Data code-stress section rule.
DEFAULT-USAGE-000136,DEFAULT-1885-DN80-SCH80-SECTION,section.dimensionsMm,,mm,PE-000028,POS-028,10290,10310,SCHEDULE_MASTER_COVERAGE_MISSING_CONFIG_REQUIRED,3,fnv1a64:38bb39004140b6aa,SECTION_PROPERTIES|WEIGHT|STIFFNESS|STRESS,PROJECT_SCREENING_ONLY,Project-configured DN 80 / NPS 3 Schedule 80 section where the current shared master has no exact row.
DEFAULT-USAGE-000137,DEFAULT-1885-MATERIAL-FAMILY,material.family,,,PE-000028,POS-028,10290,10310,SOURCE_VALUE_UNRESOLVED,3,fnv1a64:38bb39004140b6aa,MATERIAL_PROPERTIES|WEIGHT|STIFFNESS|STRESS,PROJECT_SCREENING_ONLY,1885S Project Data material-family screening rule.
DEFAULT-USAGE-000138,DEFAULT-1885-CS-E,material.elasticModulusPa,,Pa,PE-000028,POS-028,10290,10310,SOURCE_VALUE_UNRESOLVED,3,fnv1a64:38bb39004140b6aa,EA|EI|THERMAL_REACTION|P_DELTA,PROJECT_SCREENING_ONLY,1885S Project Data carbon-steel elastic modulus.
DEFAULT-USAGE-000139,DEFAULT-1885-CS-NU,material.poissonsRatio,,ratio,PE-000028,POS-028,10290,10310,SOURCE_VALUE_UNRESOLVED,3,fnv1a64:38bb39004140b6aa,SHEAR_MODULUS|TORSIONAL_STIFFNESS,PROJECT_SCREENING_ONLY,1885S Project Data carbon-steel Poisson ratio.
DEFAULT-USAGE-000140,DEFAULT-1885-CS-ALPHA,material.thermalExpansionPerC,,1/C,PE-000028,POS-028,10290,10310,SOURCE_VALUE_UNRESOLVED,3,fnv1a64:38bb39004140b6aa,THERMAL_STRAIN|THERMAL_DISPLACEMENT|THERMAL_REACTION,PROJECT_SCREENING_ONLY,1885S Project Data mean thermal-expansion coefficient for the screening state.
DEFAULT-USAGE-000141,DEFAULT-1885-CODE-WALL,section.codeStressWallRule,,,PE-000028,POS-028,10290,10310,SOURCE_VALUE_UNRESOLVED,3,fnv1a64:38bb39004140b6aa,CODE_STRESS_SECTION,PROJECT_SCREENING_ONLY,1885S Project Data code-stress section rule.
DEFAULT-USAGE-000142,DEFAULT-1885-DN80-SCH80-SECTION,section.dimensionsMm,,mm,PE-000029,POS-029,10310,10300,SCHEDULE_MASTER_COVERAGE_MISSING_CONFIG_REQUIRED,3,fnv1a64:38bb39004140b6aa,SECTION_PROPERTIES|WEIGHT|STIFFNESS|STRESS,PROJECT_SCREENING_ONLY,Project-configured DN 80 / NPS 3 Schedule 80 section where the current shared master has no exact row.
DEFAULT-USAGE-000143,DEFAULT-1885-MATERIAL-FAMILY,material.family,,,PE-000029,POS-029,10310,10300,SOURCE_VALUE_UNRESOLVED,3,fnv1a64:38bb39004140b6aa,MATERIAL_PROPERTIES|WEIGHT|STIFFNESS|STRESS,PROJECT_SCREENING_ONLY,1885S Project Data material-family screening rule.
DEFAULT-USAGE-000144,DEFAULT-1885-CS-E,material.elasticModulusPa,,Pa,PE-000029,POS-029,10310,10300,SOURCE_VALUE_UNRESOLVED,3,fnv1a64:38bb39004140b6aa,EA|EI|THERMAL_REACTION|P_DELTA,PROJECT_SCREENING_ONLY,1885S Project Data carbon-steel elastic modulus.
DEFAULT-USAGE-000145,DEFAULT-1885-CS-NU,material.poissonsRatio,,ratio,PE-000029,POS-029,10310,10300,SOURCE_VALUE_UNRESOLVED,3,fnv1a64:38bb39004140b6aa,SHEAR_MODULUS|TORSIONAL_STIFFNESS,PROJECT_SCREENING_ONLY,1885S Project Data carbon-steel Poisson ratio.
DEFAULT-USAGE-000146,DEFAULT-1885-CS-ALPHA,material.thermalExpansionPerC,,1/C,PE-000029,POS-029,10310,10300,SOURCE_VALUE_UNRESOLVED,3,fnv1a64:38bb39004140b6aa,THERMAL_STRAIN|THERMAL_DISPLACEMENT|THERMAL_REACTION,PROJECT_SCREENING_ONLY,1885S Project Data mean thermal-expansion coefficient for the screening state.
DEFAULT-USAGE-000147,DEFAULT-1885-CODE-WALL,section.codeStressWallRule,,,PE-000029,POS-029,10310,10300,SOURCE_VALUE_UNRESOLVED,3,fnv1a64:38bb39004140b6aa,CODE_STRESS_SECTION,PROJECT_SCREENING_ONLY,1885S Project Data code-stress section rule.
DEFAULT-USAGE-000148,DEFAULT-1885-DN80-SCH80-SECTION,section.dimensionsMm,,mm,PE-000030,POS-030,10300,10320,SCHEDULE_MASTER_COVERAGE_MISSING_CONFIG_REQUIRED,3,fnv1a64:38bb39004140b6aa,SECTION_PROPERTIES|WEIGHT|STIFFNESS|STRESS,PROJECT_SCREENING_ONLY,Project-configured DN 80 / NPS 3 Schedule 80 section where the current shared master has no exact row.
DEFAULT-USAGE-000149,DEFAULT-1885-MATERIAL-FAMILY,material.family,,,PE-000030,POS-030,10300,10320,SOURCE_VALUE_UNRESOLVED,3,fnv1a64:38bb39004140b6aa,MATERIAL_PROPERTIES|WEIGHT|STIFFNESS|STRESS,PROJECT_SCREENING_ONLY,1885S Project Data material-family screening rule.
DEFAULT-USAGE-000150,DEFAULT-1885-CS-E,material.elasticModulusPa,,Pa,PE-000030,POS-030,10300,10320,SOURCE_VALUE_UNRESOLVED,3,fnv1a64:38bb39004140b6aa,EA|EI|THERMAL_REACTION|P_DELTA,PROJECT_SCREENING_ONLY,1885S Project Data carbon-steel elastic modulus.
DEFAULT-USAGE-000151,DEFAULT-1885-CS-NU,material.poissonsRatio,,ratio,PE-000030,POS-030,10300,10320,SOURCE_VALUE_UNRESOLVED,3,fnv1a64:38bb39004140b6aa,SHEAR_MODULUS|TORSIONAL_STIFFNESS,PROJECT_SCREENING_ONLY,1885S Project Data carbon-steel Poisson ratio.
DEFAULT-USAGE-000152,DEFAULT-1885-CS-ALPHA,material.thermalExpansionPerC,,1/C,PE-000030,POS-030,10300,10320,SOURCE_VALUE_UNRESOLVED,3,fnv1a64:38bb39004140b6aa,THERMAL_STRAIN|THERMAL_DISPLACEMENT|THERMAL_REACTION,PROJECT_SCREENING_ONLY,1885S Project Data mean thermal-expansion coefficient for the screening state.
DEFAULT-USAGE-000153,DEFAULT-1885-CODE-WALL,section.codeStressWallRule,,,PE-000030,POS-030,10300,10320,SOURCE_VALUE_UNRESOLVED,3,fnv1a64:38bb39004140b6aa,CODE_STRESS_SECTION,PROJECT_SCREENING_ONLY,1885S Project Data code-stress section rule.
DEFAULT-USAGE-000154,DEFAULT-1885-DN80-SCH80-SECTION,section.dimensionsMm,,mm,PE-000031,POS-031,10320,10330,SCHEDULE_MASTER_COVERAGE_MISSING_CONFIG_REQUIRED,3,fnv1a64:38bb39004140b6aa,SECTION_PROPERTIES|WEIGHT|STIFFNESS|STRESS,PROJECT_SCREENING_ONLY,Project-configured DN 80 / NPS 3 Schedule 80 section where the current shared master has no exact row.
DEFAULT-USAGE-000155,DEFAULT-1885-MATERIAL-FAMILY,material.family,,,PE-000031,POS-031,10320,10330,SOURCE_VALUE_UNRESOLVED,3,fnv1a64:38bb39004140b6aa,MATERIAL_PROPERTIES|WEIGHT|STIFFNESS|STRESS,PROJECT_SCREENING_ONLY,1885S Project Data material-family screening rule.
DEFAULT-USAGE-000156,DEFAULT-1885-CS-E,material.elasticModulusPa,,Pa,PE-000031,POS-031,10320,10330,SOURCE_VALUE_UNRESOLVED,3,fnv1a64:38bb39004140b6aa,EA|EI|THERMAL_REACTION|P_DELTA,PROJECT_SCREENING_ONLY,1885S Project Data carbon-steel elastic modulus.
DEFAULT-USAGE-000157,DEFAULT-1885-CS-NU,material.poissonsRatio,,ratio,PE-000031,POS-031,10320,10330,SOURCE_VALUE_UNRESOLVED,3,fnv1a64:38bb39004140b6aa,SHEAR_MODULUS|TORSIONAL_STIFFNESS,PROJECT_SCREENING_ONLY,1885S Project Data carbon-steel Poisson ratio.
DEFAULT-USAGE-000158,DEFAULT-1885-CS-ALPHA,material.thermalExpansionPerC,,1/C,PE-000031,POS-031,10320,10330,SOURCE_VALUE_UNRESOLVED,3,fnv1a64:38bb39004140b6aa,THERMAL_STRAIN|THERMAL_DISPLACEMENT|THERMAL_REACTION,PROJECT_SCREENING_ONLY,1885S Project Data mean thermal-expansion coefficient for the screening state.
DEFAULT-USAGE-000159,DEFAULT-1885-CODE-WALL,section.codeStressWallRule,,,PE-000031,POS-031,10320,10330,SOURCE_VALUE_UNRESOLVED,3,fnv1a64:38bb39004140b6aa,CODE_STRESS_SECTION,PROJECT_SCREENING_ONLY,1885S Project Data code-stress section rule.
DEFAULT-USAGE-000160,DEFAULT-1885-DN80-SCH80-SECTION,section.dimensionsMm,,mm,PE-000032,POS-032,10330,10340,SCHEDULE_MASTER_COVERAGE_MISSING_CONFIG_REQUIRED,3,fnv1a64:38bb39004140b6aa,SECTION_PROPERTIES|WEIGHT|STIFFNESS|STRESS,PROJECT_SCREENING_ONLY,Project-configured DN 80 / NPS 3 Schedule 80 section where the current shared master has no exact row.
DEFAULT-USAGE-000161,DEFAULT-1885-MATERIAL-FAMILY,material.family,,,PE-000032,POS-032,10330,10340,SOURCE_VALUE_UNRESOLVED,3,fnv1a64:38bb39004140b6aa,MATERIAL_PROPERTIES|WEIGHT|STIFFNESS|STRESS,PROJECT_SCREENING_ONLY,1885S Project Data material-family screening rule.
DEFAULT-USAGE-000162,DEFAULT-1885-CS-E,material.elasticModulusPa,,Pa,PE-000032,POS-032,10330,10340,SOURCE_VALUE_UNRESOLVED,3,fnv1a64:38bb39004140b6aa,EA|EI|THERMAL_REACTION|P_DELTA,PROJECT_SCREENING_ONLY,1885S Project Data carbon-steel elastic modulus.
DEFAULT-USAGE-000163,DEFAULT-1885-CS-NU,material.poissonsRatio,,ratio,PE-000032,POS-032,10330,10340,SOURCE_VALUE_UNRESOLVED,3,fnv1a64:38bb39004140b6aa,SHEAR_MODULUS|TORSIONAL_STIFFNESS,PROJECT_SCREENING_ONLY,1885S Project Data carbon-steel Poisson ratio.
DEFAULT-USAGE-000164,DEFAULT-1885-CS-ALPHA,material.thermalExpansionPerC,,1/C,PE-000032,POS-032,10330,10340,SOURCE_VALUE_UNRESOLVED,3,fnv1a64:38bb39004140b6aa,THERMAL_STRAIN|THERMAL_DISPLACEMENT|THERMAL_REACTION,PROJECT_SCREENING_ONLY,1885S Project Data mean thermal-expansion coefficient for the screening state.
DEFAULT-USAGE-000165,DEFAULT-1885-CODE-WALL,section.codeStressWallRule,,,PE-000032,POS-032,10330,10340,SOURCE_VALUE_UNRESOLVED,3,fnv1a64:38bb39004140b6aa,CODE_STRESS_SECTION,PROJECT_SCREENING_ONLY,1885S Project Data code-stress section rule.
DEFAULT-USAGE-000166,DEFAULT-1885-DN80-SCH80-SECTION,section.dimensionsMm,,mm,PE-000033,POS-033,10340,10350,SCHEDULE_MASTER_COVERAGE_MISSING_CONFIG_REQUIRED,3,fnv1a64:38bb39004140b6aa,SECTION_PROPERTIES|WEIGHT|STIFFNESS|STRESS,PROJECT_SCREENING_ONLY,Project-configured DN 80 / NPS 3 Schedule 80 section where the current shared master has no exact row.
DEFAULT-USAGE-000167,DEFAULT-1885-MATERIAL-FAMILY,material.family,,,PE-000033,POS-033,10340,10350,SOURCE_VALUE_UNRESOLVED,3,fnv1a64:38bb39004140b6aa,MATERIAL_PROPERTIES|WEIGHT|STIFFNESS|STRESS,PROJECT_SCREENING_ONLY,1885S Project Data material-family screening rule.
DEFAULT-USAGE-000168,DEFAULT-1885-CS-E,material.elasticModulusPa,,Pa,PE-000033,POS-033,10340,10350,SOURCE_VALUE_UNRESOLVED,3,fnv1a64:38bb39004140b6aa,EA|EI|THERMAL_REACTION|P_DELTA,PROJECT_SCREENING_ONLY,1885S Project Data carbon-steel elastic modulus.
DEFAULT-USAGE-000169,DEFAULT-1885-CS-NU,material.poissonsRatio,,ratio,PE-000033,POS-033,10340,10350,SOURCE_VALUE_UNRESOLVED,3,fnv1a64:38bb39004140b6aa,SHEAR_MODULUS|TORSIONAL_STIFFNESS,PROJECT_SCREENING_ONLY,1885S Project Data carbon-steel Poisson ratio.
DEFAULT-USAGE-000170,DEFAULT-1885-CS-ALPHA,material.thermalExpansionPerC,,1/C,PE-000033,POS-033,10340,10350,SOURCE_VALUE_UNRESOLVED,3,fnv1a64:38bb39004140b6aa,THERMAL_STRAIN|THERMAL_DISPLACEMENT|THERMAL_REACTION,PROJECT_SCREENING_ONLY,1885S Project Data mean thermal-expansion coefficient for the screening state.
DEFAULT-USAGE-000171,DEFAULT-1885-CODE-WALL,section.codeStressWallRule,,,PE-000033,POS-033,10340,10350,SOURCE_VALUE_UNRESOLVED,3,fnv1a64:38bb39004140b6aa,CODE_STRESS_SECTION,PROJECT_SCREENING_ONLY,1885S Project Data code-stress section rule.
DEFAULT-USAGE-000172,DEFAULT-1885-DN80-SCH80-SECTION,section.dimensionsMm,,mm,PE-000034,POS-034,10350,10360,SCHEDULE_MASTER_COVERAGE_MISSING_CONFIG_REQUIRED,3,fnv1a64:38bb39004140b6aa,SECTION_PROPERTIES|WEIGHT|STIFFNESS|STRESS,PROJECT_SCREENING_ONLY,Project-configured DN 80 / NPS 3 Schedule 80 section where the current shared master has no exact row.
DEFAULT-USAGE-000173,DEFAULT-1885-MATERIAL-FAMILY,material.family,,,PE-000034,POS-034,10350,10360,SOURCE_VALUE_UNRESOLVED,3,fnv1a64:38bb39004140b6aa,MATERIAL_PROPERTIES|WEIGHT|STIFFNESS|STRESS,PROJECT_SCREENING_ONLY,1885S Project Data material-family screening rule.
DEFAULT-USAGE-000174,DEFAULT-1885-CS-E,material.elasticModulusPa,,Pa,PE-000034,POS-034,10350,10360,SOURCE_VALUE_UNRESOLVED,3,fnv1a64:38bb39004140b6aa,EA|EI|THERMAL_REACTION|P_DELTA,PROJECT_SCREENING_ONLY,1885S Project Data carbon-steel elastic modulus.
DEFAULT-USAGE-000175,DEFAULT-1885-CS-NU,material.poissonsRatio,,ratio,PE-000034,POS-034,10350,10360,SOURCE_VALUE_UNRESOLVED,3,fnv1a64:38bb39004140b6aa,SHEAR_MODULUS|TORSIONAL_STIFFNESS,PROJECT_SCREENING_ONLY,1885S Project Data carbon-steel Poisson ratio.
DEFAULT-USAGE-000176,DEFAULT-1885-CS-ALPHA,material.thermalExpansionPerC,,1/C,PE-000034,POS-034,10350,10360,SOURCE_VALUE_UNRESOLVED,3,fnv1a64:38bb39004140b6aa,THERMAL_STRAIN|THERMAL_DISPLACEMENT|THERMAL_REACTION,PROJECT_SCREENING_ONLY,1885S Project Data mean thermal-expansion coefficient for the screening state.
DEFAULT-USAGE-000177,DEFAULT-1885-CODE-WALL,section.codeStressWallRule,,,PE-000034,POS-034,10350,10360,SOURCE_VALUE_UNRESOLVED,3,fnv1a64:38bb39004140b6aa,CODE_STRESS_SECTION,PROJECT_SCREENING_ONLY,1885S Project Data code-stress section rule.
DEFAULT-USAGE-000178,DEFAULT-1885-DN80-SCH80-SECTION,section.dimensionsMm,,mm,PE-000035,POS-035,10360,10380,SCHEDULE_MASTER_COVERAGE_MISSING_CONFIG_REQUIRED,3,fnv1a64:38bb39004140b6aa,SECTION_PROPERTIES|WEIGHT|STIFFNESS|STRESS,PROJECT_SCREENING_ONLY,Project-configured DN 80 / NPS 3 Schedule 80 section where the current shared master has no exact row.
DEFAULT-USAGE-000179,DEFAULT-1885-MATERIAL-FAMILY,material.family,,,PE-000035,POS-035,10360,10380,SOURCE_VALUE_UNRESOLVED,3,fnv1a64:38bb39004140b6aa,MATERIAL_PROPERTIES|WEIGHT|STIFFNESS|STRESS,PROJECT_SCREENING_ONLY,1885S Project Data material-family screening rule.
DEFAULT-USAGE-000180,DEFAULT-1885-CS-E,material.elasticModulusPa,,Pa,PE-000035,POS-035,10360,10380,SOURCE_VALUE_UNRESOLVED,3,fnv1a64:38bb39004140b6aa,EA|EI|THERMAL_REACTION|P_DELTA,PROJECT_SCREENING_ONLY,1885S Project Data carbon-steel elastic modulus.
DEFAULT-USAGE-000181,DEFAULT-1885-CS-NU,material.poissonsRatio,,ratio,PE-000035,POS-035,10360,10380,SOURCE_VALUE_UNRESOLVED,3,fnv1a64:38bb39004140b6aa,SHEAR_MODULUS|TORSIONAL_STIFFNESS,PROJECT_SCREENING_ONLY,1885S Project Data carbon-steel Poisson ratio.
DEFAULT-USAGE-000182,DEFAULT-1885-CS-ALPHA,material.thermalExpansionPerC,,1/C,PE-000035,POS-035,10360,10380,SOURCE_VALUE_UNRESOLVED,3,fnv1a64:38bb39004140b6aa,THERMAL_STRAIN|THERMAL_DISPLACEMENT|THERMAL_REACTION,PROJECT_SCREENING_ONLY,1885S Project Data mean thermal-expansion coefficient for the screening state.
DEFAULT-USAGE-000183,DEFAULT-1885-CODE-WALL,section.codeStressWallRule,,,PE-000035,POS-035,10360,10380,SOURCE_VALUE_UNRESOLVED,3,fnv1a64:38bb39004140b6aa,CODE_STRESS_SECTION,PROJECT_SCREENING_ONLY,1885S Project Data code-stress section rule.
DEFAULT-USAGE-000184,DEFAULT-1885-DN80-SCH80-SECTION,section.dimensionsMm,,mm,PE-000036,POS-036,10380,10370,SCHEDULE_MASTER_COVERAGE_MISSING_CONFIG_REQUIRED,3,fnv1a64:38bb39004140b6aa,SECTION_PROPERTIES|WEIGHT|STIFFNESS|STRESS,PROJECT_SCREENING_ONLY,Project-configured DN 80 / NPS 3 Schedule 80 section where the current shared master has no exact row.
DEFAULT-USAGE-000185,DEFAULT-1885-MATERIAL-FAMILY,material.family,,,PE-000036,POS-036,10380,10370,SOURCE_VALUE_UNRESOLVED,3,fnv1a64:38bb39004140b6aa,MATERIAL_PROPERTIES|WEIGHT|STIFFNESS|STRESS,PROJECT_SCREENING_ONLY,1885S Project Data material-family screening rule.
DEFAULT-USAGE-000186,DEFAULT-1885-CS-E,material.elasticModulusPa,,Pa,PE-000036,POS-036,10380,10370,SOURCE_VALUE_UNRESOLVED,3,fnv1a64:38bb39004140b6aa,EA|EI|THERMAL_REACTION|P_DELTA,PROJECT_SCREENING_ONLY,1885S Project Data carbon-steel elastic modulus.
DEFAULT-USAGE-000187,DEFAULT-1885-CS-NU,material.poissonsRatio,,ratio,PE-000036,POS-036,10380,10370,SOURCE_VALUE_UNRESOLVED,3,fnv1a64:38bb39004140b6aa,SHEAR_MODULUS|TORSIONAL_STIFFNESS,PROJECT_SCREENING_ONLY,1885S Project Data carbon-steel Poisson ratio.
DEFAULT-USAGE-000188,DEFAULT-1885-CS-ALPHA,material.thermalExpansionPerC,,1/C,PE-000036,POS-036,10380,10370,SOURCE_VALUE_UNRESOLVED,3,fnv1a64:38bb39004140b6aa,THERMAL_STRAIN|THERMAL_DISPLACEMENT|THERMAL_REACTION,PROJECT_SCREENING_ONLY,1885S Project Data mean thermal-expansion coefficient for the screening state.
DEFAULT-USAGE-000189,DEFAULT-1885-CODE-WALL,section.codeStressWallRule,,,PE-000036,POS-036,10380,10370,SOURCE_VALUE_UNRESOLVED,3,fnv1a64:38bb39004140b6aa,CODE_STRESS_SECTION,PROJECT_SCREENING_ONLY,1885S Project Data code-stress section rule.
DEFAULT-USAGE-000190,DEFAULT-1885-DN80-SCH80-SECTION,section.dimensionsMm,,mm,PE-000037,POS-037,10370,10390,SCHEDULE_MASTER_COVERAGE_MISSING_CONFIG_REQUIRED,3,fnv1a64:38bb39004140b6aa,SECTION_PROPERTIES|WEIGHT|STIFFNESS|STRESS,PROJECT_SCREENING_ONLY,Project-configured DN 80 / NPS 3 Schedule 80 section where the current shared master has no exact row.
DEFAULT-USAGE-000191,DEFAULT-1885-MATERIAL-FAMILY,material.family,,,PE-000037,POS-037,10370,10390,SOURCE_VALUE_UNRESOLVED,3,fnv1a64:38bb39004140b6aa,MATERIAL_PROPERTIES|WEIGHT|STIFFNESS|STRESS,PROJECT_SCREENING_ONLY,1885S Project Data material-family screening rule.
DEFAULT-USAGE-000192,DEFAULT-1885-CS-E,material.elasticModulusPa,,Pa,PE-000037,POS-037,10370,10390,SOURCE_VALUE_UNRESOLVED,3,fnv1a64:38bb39004140b6aa,EA|EI|THERMAL_REACTION|P_DELTA,PROJECT_SCREENING_ONLY,1885S Project Data carbon-steel elastic modulus.
DEFAULT-USAGE-000193,DEFAULT-1885-CS-NU,material.poissonsRatio,,ratio,PE-000037,POS-037,10370,10390,SOURCE_VALUE_UNRESOLVED,3,fnv1a64:38bb39004140b6aa,SHEAR_MODULUS|TORSIONAL_STIFFNESS,PROJECT_SCREENING_ONLY,1885S Project Data carbon-steel Poisson ratio.
DEFAULT-USAGE-000194,DEFAULT-1885-CS-ALPHA,material.thermalExpansionPerC,,1/C,PE-000037,POS-037,10370,10390,SOURCE_VALUE_UNRESOLVED,3,fnv1a64:38bb39004140b6aa,THERMAL_STRAIN|THERMAL_DISPLACEMENT|THERMAL_REACTION,PROJECT_SCREENING_ONLY,1885S Project Data mean thermal-expansion coefficient for the screening state.
DEFAULT-USAGE-000195,DEFAULT-1885-CODE-WALL,section.codeStressWallRule,,,PE-000037,POS-037,10370,10390,SOURCE_VALUE_UNRESOLVED,3,fnv1a64:38bb39004140b6aa,CODE_STRESS_SECTION,PROJECT_SCREENING_ONLY,1885S Project Data code-stress section rule.
DEFAULT-USAGE-000196,DEFAULT-1885-MATERIAL-FAMILY,material.family,,,PE-000038,POS-038,10390,10400,SOURCE_VALUE_UNRESOLVED,3,fnv1a64:38bb39004140b6aa,MATERIAL_PROPERTIES|WEIGHT|STIFFNESS|STRESS,PROJECT_SCREENING_ONLY,1885S Project Data material-family screening rule.
DEFAULT-USAGE-000197,DEFAULT-1885-CS-E,material.elasticModulusPa,,Pa,PE-000038,POS-038,10390,10400,SOURCE_VALUE_UNRESOLVED,3,fnv1a64:38bb39004140b6aa,EA|EI|THERMAL_REACTION|P_DELTA,PROJECT_SCREENING_ONLY,1885S Project Data carbon-steel elastic modulus.
DEFAULT-USAGE-000198,DEFAULT-1885-CS-NU,material.poissonsRatio,,ratio,PE-000038,POS-038,10390,10400,SOURCE_VALUE_UNRESOLVED,3,fnv1a64:38bb39004140b6aa,SHEAR_MODULUS|TORSIONAL_STIFFNESS,PROJECT_SCREENING_ONLY,1885S Project Data carbon-steel Poisson ratio.
DEFAULT-USAGE-000199,DEFAULT-1885-CS-ALPHA,material.thermalExpansionPerC,,1/C,PE-000038,POS-038,10390,10400,SOURCE_VALUE_UNRESOLVED,3,fnv1a64:38bb39004140b6aa,THERMAL_STRAIN|THERMAL_DISPLACEMENT|THERMAL_REACTION,PROJECT_SCREENING_ONLY,1885S Project Data mean thermal-expansion coefficient for the screening state.
DEFAULT-USAGE-000200,DEFAULT-1885-CODE-WALL,section.codeStressWallRule,,,PE-000038,POS-038,10390,10400,SOURCE_VALUE_UNRESOLVED,3,fnv1a64:38bb39004140b6aa,CODE_STRESS_SECTION,PROJECT_SCREENING_ONLY,1885S Project Data code-stress section rule.
DEFAULT-USAGE-000201,DEFAULT-1885-MATERIAL-FAMILY,material.family,,,PE-000039,POS-039,10400,10410,SOURCE_VALUE_UNRESOLVED,3,fnv1a64:38bb39004140b6aa,MATERIAL_PROPERTIES|WEIGHT|STIFFNESS|STRESS,PROJECT_SCREENING_ONLY,1885S Project Data material-family screening rule.
DEFAULT-USAGE-000202,DEFAULT-1885-CS-E,material.elasticModulusPa,,Pa,PE-000039,POS-039,10400,10410,SOURCE_VALUE_UNRESOLVED,3,fnv1a64:38bb39004140b6aa,EA|EI|THERMAL_REACTION|P_DELTA,PROJECT_SCREENING_ONLY,1885S Project Data carbon-steel elastic modulus.
DEFAULT-USAGE-000203,DEFAULT-1885-CS-NU,material.poissonsRatio,,ratio,PE-000039,POS-039,10400,10410,SOURCE_VALUE_UNRESOLVED,3,fnv1a64:38bb39004140b6aa,SHEAR_MODULUS|TORSIONAL_STIFFNESS,PROJECT_SCREENING_ONLY,1885S Project Data carbon-steel Poisson ratio.
DEFAULT-USAGE-000204,DEFAULT-1885-CS-ALPHA,material.thermalExpansionPerC,,1/C,PE-000039,POS-039,10400,10410,SOURCE_VALUE_UNRESOLVED,3,fnv1a64:38bb39004140b6aa,THERMAL_STRAIN|THERMAL_DISPLACEMENT|THERMAL_REACTION,PROJECT_SCREENING_ONLY,1885S Project Data mean thermal-expansion coefficient for the screening state.
DEFAULT-USAGE-000205,DEFAULT-1885-CODE-WALL,section.codeStressWallRule,,,PE-000039,POS-039,10400,10410,SOURCE_VALUE_UNRESOLVED,3,fnv1a64:38bb39004140b6aa,CODE_STRESS_SECTION,PROJECT_SCREENING_ONLY,1885S Project Data code-stress section rule.
DEFAULT-USAGE-000206,DEFAULT-1885-MATERIAL-FAMILY,material.family,,,PE-000040,POS-040,10410,10020,SOURCE_VALUE_UNRESOLVED,3,fnv1a64:38bb39004140b6aa,MATERIAL_PROPERTIES|WEIGHT|STIFFNESS|STRESS,PROJECT_SCREENING_ONLY,1885S Project Data material-family screening rule.
DEFAULT-USAGE-000207,DEFAULT-1885-CS-E,material.elasticModulusPa,,Pa,PE-000040,POS-040,10410,10020,SOURCE_VALUE_UNRESOLVED,3,fnv1a64:38bb39004140b6aa,EA|EI|THERMAL_REACTION|P_DELTA,PROJECT_SCREENING_ONLY,1885S Project Data carbon-steel elastic modulus.
DEFAULT-USAGE-000208,DEFAULT-1885-CS-NU,material.poissonsRatio,,ratio,PE-000040,POS-040,10410,10020,SOURCE_VALUE_UNRESOLVED,3,fnv1a64:38bb39004140b6aa,SHEAR_MODULUS|TORSIONAL_STIFFNESS,PROJECT_SCREENING_ONLY,1885S Project Data carbon-steel Poisson ratio.
DEFAULT-USAGE-000209,DEFAULT-1885-CS-ALPHA,material.thermalExpansionPerC,,1/C,PE-000040,POS-040,10410,10020,SOURCE_VALUE_UNRESOLVED,3,fnv1a64:38bb39004140b6aa,THERMAL_STRAIN|THERMAL_DISPLACEMENT|THERMAL_REACTION,PROJECT_SCREENING_ONLY,1885S Project Data mean thermal-expansion coefficient for the screening state.
DEFAULT-USAGE-000210,DEFAULT-1885-CODE-WALL,section.codeStressWallRule,,,PE-000040,POS-040,10410,10020,SOURCE_VALUE_UNRESOLVED,3,fnv1a64:38bb39004140b6aa,CODE_STRESS_SECTION,PROJECT_SCREENING_ONLY,1885S Project Data code-stress section rule.
DEFAULT-USAGE-000211,DEFAULT-1885-MATERIAL-FAMILY,material.family,,,PE-000041,POS-041,10020,20010,SOURCE_VALUE_UNRESOLVED,3,fnv1a64:38bb39004140b6aa,MATERIAL_PROPERTIES|WEIGHT|STIFFNESS|STRESS,PROJECT_SCREENING_ONLY,1885S Project Data material-family screening rule.
DEFAULT-USAGE-000212,DEFAULT-1885-CS-E,material.elasticModulusPa,,Pa,PE-000041,POS-041,10020,20010,SOURCE_VALUE_UNRESOLVED,3,fnv1a64:38bb39004140b6aa,EA|EI|THERMAL_REACTION|P_DELTA,PROJECT_SCREENING_ONLY,1885S Project Data carbon-steel elastic modulus.
DEFAULT-USAGE-000213,DEFAULT-1885-CS-NU,material.poissonsRatio,,ratio,PE-000041,POS-041,10020,20010,SOURCE_VALUE_UNRESOLVED,3,fnv1a64:38bb39004140b6aa,SHEAR_MODULUS|TORSIONAL_STIFFNESS,PROJECT_SCREENING_ONLY,1885S Project Data carbon-steel Poisson ratio.
DEFAULT-USAGE-000214,DEFAULT-1885-CS-ALPHA,material.thermalExpansionPerC,,1/C,PE-000041,POS-041,10020,20010,SOURCE_VALUE_UNRESOLVED,3,fnv1a64:38bb39004140b6aa,THERMAL_STRAIN|THERMAL_DISPLACEMENT|THERMAL_REACTION,PROJECT_SCREENING_ONLY,1885S Project Data mean thermal-expansion coefficient for the screening state.
DEFAULT-USAGE-000215,DEFAULT-1885-CODE-WALL,section.codeStressWallRule,,,PE-000041,POS-041,10020,20010,SOURCE_VALUE_UNRESOLVED,3,fnv1a64:38bb39004140b6aa,CODE_STRESS_SECTION,PROJECT_SCREENING_ONLY,1885S Project Data code-stress section rule.
DEFAULT-USAGE-000216,DEFAULT-1885-MATERIAL-FAMILY,material.family,,,PE-000042,POS-042,20010,20020,SOURCE_VALUE_UNRESOLVED,3,fnv1a64:38bb39004140b6aa,MATERIAL_PROPERTIES|WEIGHT|STIFFNESS|STRESS,PROJECT_SCREENING_ONLY,1885S Project Data material-family screening rule.
DEFAULT-USAGE-000217,DEFAULT-1885-CS-E,material.elasticModulusPa,,Pa,PE-000042,POS-042,20010,20020,SOURCE_VALUE_UNRESOLVED,3,fnv1a64:38bb39004140b6aa,EA|EI|THERMAL_REACTION|P_DELTA,PROJECT_SCREENING_ONLY,1885S Project Data carbon-steel elastic modulus.
DEFAULT-USAGE-000218,DEFAULT-1885-CS-NU,material.poissonsRatio,,ratio,PE-000042,POS-042,20010,20020,SOURCE_VALUE_UNRESOLVED,3,fnv1a64:38bb39004140b6aa,SHEAR_MODULUS|TORSIONAL_STIFFNESS,PROJECT_SCREENING_ONLY,1885S Project Data carbon-steel Poisson ratio.
DEFAULT-USAGE-000219,DEFAULT-1885-CS-ALPHA,material.thermalExpansionPerC,,1/C,PE-000042,POS-042,20010,20020,SOURCE_VALUE_UNRESOLVED,3,fnv1a64:38bb39004140b6aa,THERMAL_STRAIN|THERMAL_DISPLACEMENT|THERMAL_REACTION,PROJECT_SCREENING_ONLY,1885S Project Data mean thermal-expansion coefficient for the screening state.
DEFAULT-USAGE-000220,DEFAULT-1885-CODE-WALL,section.codeStressWallRule,,,PE-000042,POS-042,20010,20020,SOURCE_VALUE_UNRESOLVED,3,fnv1a64:38bb39004140b6aa,CODE_STRESS_SECTION,PROJECT_SCREENING_ONLY,1885S Project Data code-stress section rule.
DEFAULT-USAGE-000221,DEFAULT-1885-MATERIAL-FAMILY,material.family,,,PE-000043,POS-043,20020,20040,SOURCE_VALUE_UNRESOLVED,3,fnv1a64:38bb39004140b6aa,MATERIAL_PROPERTIES|WEIGHT|STIFFNESS|STRESS,PROJECT_SCREENING_ONLY,1885S Project Data material-family screening rule.
DEFAULT-USAGE-000222,DEFAULT-1885-CS-E,material.elasticModulusPa,,Pa,PE-000043,POS-043,20020,20040,SOURCE_VALUE_UNRESOLVED,3,fnv1a64:38bb39004140b6aa,EA|EI|THERMAL_REACTION|P_DELTA,PROJECT_SCREENING_ONLY,1885S Project Data carbon-steel elastic modulus.
DEFAULT-USAGE-000223,DEFAULT-1885-CS-NU,material.poissonsRatio,,ratio,PE-000043,POS-043,20020,20040,SOURCE_VALUE_UNRESOLVED,3,fnv1a64:38bb39004140b6aa,SHEAR_MODULUS|TORSIONAL_STIFFNESS,PROJECT_SCREENING_ONLY,1885S Project Data carbon-steel Poisson ratio.
DEFAULT-USAGE-000224,DEFAULT-1885-CS-ALPHA,material.thermalExpansionPerC,,1/C,PE-000043,POS-043,20020,20040,SOURCE_VALUE_UNRESOLVED,3,fnv1a64:38bb39004140b6aa,THERMAL_STRAIN|THERMAL_DISPLACEMENT|THERMAL_REACTION,PROJECT_SCREENING_ONLY,1885S Project Data mean thermal-expansion coefficient for the screening state.
DEFAULT-USAGE-000225,DEFAULT-1885-CODE-WALL,section.codeStressWallRule,,,PE-000043,POS-043,20020,20040,SOURCE_VALUE_UNRESOLVED,3,fnv1a64:38bb39004140b6aa,CODE_STRESS_SECTION,PROJECT_SCREENING_ONLY,1885S Project Data code-stress section rule.
DEFAULT-USAGE-000226,DEFAULT-1885-MATERIAL-FAMILY,material.family,,,PE-000044,POS-044,20040,20030,SOURCE_VALUE_UNRESOLVED,3,fnv1a64:38bb39004140b6aa,MATERIAL_PROPERTIES|WEIGHT|STIFFNESS|STRESS,PROJECT_SCREENING_ONLY,1885S Project Data material-family screening rule.
DEFAULT-USAGE-000227,DEFAULT-1885-CS-E,material.elasticModulusPa,,Pa,PE-000044,POS-044,20040,20030,SOURCE_VALUE_UNRESOLVED,3,fnv1a64:38bb39004140b6aa,EA|EI|THERMAL_REACTION|P_DELTA,PROJECT_SCREENING_ONLY,1885S Project Data carbon-steel elastic modulus.
DEFAULT-USAGE-000228,DEFAULT-1885-CS-NU,material.poissonsRatio,,ratio,PE-000044,POS-044,20040,20030,SOURCE_VALUE_UNRESOLVED,3,fnv1a64:38bb39004140b6aa,SHEAR_MODULUS|TORSIONAL_STIFFNESS,PROJECT_SCREENING_ONLY,1885S Project Data carbon-steel Poisson ratio.
DEFAULT-USAGE-000229,DEFAULT-1885-CS-ALPHA,material.thermalExpansionPerC,,1/C,PE-000044,POS-044,20040,20030,SOURCE_VALUE_UNRESOLVED,3,fnv1a64:38bb39004140b6aa,THERMAL_STRAIN|THERMAL_DISPLACEMENT|THERMAL_REACTION,PROJECT_SCREENING_ONLY,1885S Project Data mean thermal-expansion coefficient for the screening state.
DEFAULT-USAGE-000230,DEFAULT-1885-CODE-WALL,section.codeStressWallRule,,,PE-000044,POS-044,20040,20030,SOURCE_VALUE_UNRESOLVED,3,fnv1a64:38bb39004140b6aa,CODE_STRESS_SECTION,PROJECT_SCREENING_ONLY,1885S Project Data code-stress section rule.
DEFAULT-USAGE-000231,DEFAULT-1885-MATERIAL-FAMILY,material.family,,,PE-000045,POS-045,20030,20050,SOURCE_VALUE_UNRESOLVED,3,fnv1a64:38bb39004140b6aa,MATERIAL_PROPERTIES|WEIGHT|STIFFNESS|STRESS,PROJECT_SCREENING_ONLY,1885S Project Data material-family screening rule.
DEFAULT-USAGE-000232,DEFAULT-1885-CS-E,material.elasticModulusPa,,Pa,PE-000045,POS-045,20030,20050,SOURCE_VALUE_UNRESOLVED,3,fnv1a64:38bb39004140b6aa,EA|EI|THERMAL_REACTION|P_DELTA,PROJECT_SCREENING_ONLY,1885S Project Data carbon-steel elastic modulus.
DEFAULT-USAGE-000233,DEFAULT-1885-CS-NU,material.poissonsRatio,,ratio,PE-000045,POS-045,20030,20050,SOURCE_VALUE_UNRESOLVED,3,fnv1a64:38bb39004140b6aa,SHEAR_MODULUS|TORSIONAL_STIFFNESS,PROJECT_SCREENING_ONLY,1885S Project Data carbon-steel Poisson ratio.
DEFAULT-USAGE-000234,DEFAULT-1885-CS-ALPHA,material.thermalExpansionPerC,,1/C,PE-000045,POS-045,20030,20050,SOURCE_VALUE_UNRESOLVED,3,fnv1a64:38bb39004140b6aa,THERMAL_STRAIN|THERMAL_DISPLACEMENT|THERMAL_REACTION,PROJECT_SCREENING_ONLY,1885S Project Data mean thermal-expansion coefficient for the screening state.
DEFAULT-USAGE-000235,DEFAULT-1885-CODE-WALL,section.codeStressWallRule,,,PE-000045,POS-045,20030,20050,SOURCE_VALUE_UNRESOLVED,3,fnv1a64:38bb39004140b6aa,CODE_STRESS_SECTION,PROJECT_SCREENING_ONLY,1885S Project Data code-stress section rule.
DEFAULT-USAGE-000236,DEFAULT-1885-MATERIAL-FAMILY,material.family,,,PE-000046,POS-046,20050,20060,SOURCE_VALUE_UNRESOLVED,3,fnv1a64:38bb39004140b6aa,MATERIAL_PROPERTIES|WEIGHT|STIFFNESS|STRESS,PROJECT_SCREENING_ONLY,1885S Project Data material-family screening rule.
DEFAULT-USAGE-000237,DEFAULT-1885-CS-E,material.elasticModulusPa,,Pa,PE-000046,POS-046,20050,20060,SOURCE_VALUE_UNRESOLVED,3,fnv1a64:38bb39004140b6aa,EA|EI|THERMAL_REACTION|P_DELTA,PROJECT_SCREENING_ONLY,1885S Project Data carbon-steel elastic modulus.
DEFAULT-USAGE-000238,DEFAULT-1885-CS-NU,material.poissonsRatio,,ratio,PE-000046,POS-046,20050,20060,SOURCE_VALUE_UNRESOLVED,3,fnv1a64:38bb39004140b6aa,SHEAR_MODULUS|TORSIONAL_STIFFNESS,PROJECT_SCREENING_ONLY,1885S Project Data carbon-steel Poisson ratio.
DEFAULT-USAGE-000239,DEFAULT-1885-CS-ALPHA,material.thermalExpansionPerC,,1/C,PE-000046,POS-046,20050,20060,SOURCE_VALUE_UNRESOLVED,3,fnv1a64:38bb39004140b6aa,THERMAL_STRAIN|THERMAL_DISPLACEMENT|THERMAL_REACTION,PROJECT_SCREENING_ONLY,1885S Project Data mean thermal-expansion coefficient for the screening state.
DEFAULT-USAGE-000240,DEFAULT-1885-CODE-WALL,section.codeStressWallRule,,,PE-000046,POS-046,20050,20060,SOURCE_VALUE_UNRESOLVED,3,fnv1a64:38bb39004140b6aa,CODE_STRESS_SECTION,PROJECT_SCREENING_ONLY,1885S Project Data code-stress section rule.
DEFAULT-USAGE-000241,DEFAULT-1885-MATERIAL-FAMILY,material.family,,,PE-000047,POS-047,20060,20080,SOURCE_VALUE_UNRESOLVED,3,fnv1a64:38bb39004140b6aa,MATERIAL_PROPERTIES|WEIGHT|STIFFNESS|STRESS,PROJECT_SCREENING_ONLY,1885S Project Data material-family screening rule.
DEFAULT-USAGE-000242,DEFAULT-1885-CS-E,material.elasticModulusPa,,Pa,PE-000047,POS-047,20060,20080,SOURCE_VALUE_UNRESOLVED,3,fnv1a64:38bb39004140b6aa,EA|EI|THERMAL_REACTION|P_DELTA,PROJECT_SCREENING_ONLY,1885S Project Data carbon-steel elastic modulus.
DEFAULT-USAGE-000243,DEFAULT-1885-CS-NU,material.poissonsRatio,,ratio,PE-000047,POS-047,20060,20080,SOURCE_VALUE_UNRESOLVED,3,fnv1a64:38bb39004140b6aa,SHEAR_MODULUS|TORSIONAL_STIFFNESS,PROJECT_SCREENING_ONLY,1885S Project Data carbon-steel Poisson ratio.
DEFAULT-USAGE-000244,DEFAULT-1885-CS-ALPHA,material.thermalExpansionPerC,,1/C,PE-000047,POS-047,20060,20080,SOURCE_VALUE_UNRESOLVED,3,fnv1a64:38bb39004140b6aa,THERMAL_STRAIN|THERMAL_DISPLACEMENT|THERMAL_REACTION,PROJECT_SCREENING_ONLY,1885S Project Data mean thermal-expansion coefficient for the screening state.
DEFAULT-USAGE-000245,DEFAULT-1885-CODE-WALL,section.codeStressWallRule,,,PE-000047,POS-047,20060,20080,SOURCE_VALUE_UNRESOLVED,3,fnv1a64:38bb39004140b6aa,CODE_STRESS_SECTION,PROJECT_SCREENING_ONLY,1885S Project Data code-stress section rule.
DEFAULT-USAGE-000246,DEFAULT-1885-MATERIAL-FAMILY,material.family,,,PE-000048,POS-048,20080,20070,SOURCE_VALUE_UNRESOLVED,3,fnv1a64:38bb39004140b6aa,MATERIAL_PROPERTIES|WEIGHT|STIFFNESS|STRESS,PROJECT_SCREENING_ONLY,1885S Project Data material-family screening rule.
DEFAULT-USAGE-000247,DEFAULT-1885-CS-E,material.elasticModulusPa,,Pa,PE-000048,POS-048,20080,20070,SOURCE_VALUE_UNRESOLVED,3,fnv1a64:38bb39004140b6aa,EA|EI|THERMAL_REACTION|P_DELTA,PROJECT_SCREENING_ONLY,1885S Project Data carbon-steel elastic modulus.
DEFAULT-USAGE-000248,DEFAULT-1885-CS-NU,material.poissonsRatio,,ratio,PE-000048,POS-048,20080,20070,SOURCE_VALUE_UNRESOLVED,3,fnv1a64:38bb39004140b6aa,SHEAR_MODULUS|TORSIONAL_STIFFNESS,PROJECT_SCREENING_ONLY,1885S Project Data carbon-steel Poisson ratio.
DEFAULT-USAGE-000249,DEFAULT-1885-CS-ALPHA,material.thermalExpansionPerC,,1/C,PE-000048,POS-048,20080,20070,SOURCE_VALUE_UNRESOLVED,3,fnv1a64:38bb39004140b6aa,THERMAL_STRAIN|THERMAL_DISPLACEMENT|THERMAL_REACTION,PROJECT_SCREENING_ONLY,1885S Project Data mean thermal-expansion coefficient for the screening state.
DEFAULT-USAGE-000250,DEFAULT-1885-CODE-WALL,section.codeStressWallRule,,,PE-000048,POS-048,20080,20070,SOURCE_VALUE_UNRESOLVED,3,fnv1a64:38bb39004140b6aa,CODE_STRESS_SECTION,PROJECT_SCREENING_ONLY,1885S Project Data code-stress section rule.
DEFAULT-USAGE-000251,DEFAULT-1885-MATERIAL-FAMILY,material.family,,,PE-000049,POS-049,20070,20090,SOURCE_VALUE_UNRESOLVED,3,fnv1a64:38bb39004140b6aa,MATERIAL_PROPERTIES|WEIGHT|STIFFNESS|STRESS,PROJECT_SCREENING_ONLY,1885S Project Data material-family screening rule.
DEFAULT-USAGE-000252,DEFAULT-1885-CS-E,material.elasticModulusPa,,Pa,PE-000049,POS-049,20070,20090,SOURCE_VALUE_UNRESOLVED,3,fnv1a64:38bb39004140b6aa,EA|EI|THERMAL_REACTION|P_DELTA,PROJECT_SCREENING_ONLY,1885S Project Data carbon-steel elastic modulus.
DEFAULT-USAGE-000253,DEFAULT-1885-CS-NU,material.poissonsRatio,,ratio,PE-000049,POS-049,20070,20090,SOURCE_VALUE_UNRESOLVED,3,fnv1a64:38bb39004140b6aa,SHEAR_MODULUS|TORSIONAL_STIFFNESS,PROJECT_SCREENING_ONLY,1885S Project Data carbon-steel Poisson ratio.
DEFAULT-USAGE-000254,DEFAULT-1885-CS-ALPHA,material.thermalExpansionPerC,,1/C,PE-000049,POS-049,20070,20090,SOURCE_VALUE_UNRESOLVED,3,fnv1a64:38bb39004140b6aa,THERMAL_STRAIN|THERMAL_DISPLACEMENT|THERMAL_REACTION,PROJECT_SCREENING_ONLY,1885S Project Data mean thermal-expansion coefficient for the screening state.
DEFAULT-USAGE-000255,DEFAULT-1885-CODE-WALL,section.codeStressWallRule,,,PE-000049,POS-049,20070,20090,SOURCE_VALUE_UNRESOLVED,3,fnv1a64:38bb39004140b6aa,CODE_STRESS_SECTION,PROJECT_SCREENING_ONLY,1885S Project Data code-stress section rule.
DEFAULT-USAGE-000256,DEFAULT-1885-MATERIAL-FAMILY,material.family,,,PE-000050,POS-050,20090,20100,SOURCE_VALUE_UNRESOLVED,3,fnv1a64:38bb39004140b6aa,MATERIAL_PROPERTIES|WEIGHT|STIFFNESS|STRESS,PROJECT_SCREENING_ONLY,1885S Project Data material-family screening rule.
DEFAULT-USAGE-000257,DEFAULT-1885-CS-E,material.elasticModulusPa,,Pa,PE-000050,POS-050,20090,20100,SOURCE_VALUE_UNRESOLVED,3,fnv1a64:38bb39004140b6aa,EA|EI|THERMAL_REACTION|P_DELTA,PROJECT_SCREENING_ONLY,1885S Project Data carbon-steel elastic modulus.
DEFAULT-USAGE-000258,DEFAULT-1885-CS-NU,material.poissonsRatio,,ratio,PE-000050,POS-050,20090,20100,SOURCE_VALUE_UNRESOLVED,3,fnv1a64:38bb39004140b6aa,SHEAR_MODULUS|TORSIONAL_STIFFNESS,PROJECT_SCREENING_ONLY,1885S Project Data carbon-steel Poisson ratio.
DEFAULT-USAGE-000259,DEFAULT-1885-CS-ALPHA,material.thermalExpansionPerC,,1/C,PE-000050,POS-050,20090,20100,SOURCE_VALUE_UNRESOLVED,3,fnv1a64:38bb39004140b6aa,THERMAL_STRAIN|THERMAL_DISPLACEMENT|THERMAL_REACTION,PROJECT_SCREENING_ONLY,1885S Project Data mean thermal-expansion coefficient for the screening state.
DEFAULT-USAGE-000260,DEFAULT-1885-CODE-WALL,section.codeStressWallRule,,,PE-000050,POS-050,20090,20100,SOURCE_VALUE_UNRESOLVED,3,fnv1a64:38bb39004140b6aa,CODE_STRESS_SECTION,PROJECT_SCREENING_ONLY,1885S Project Data code-stress section rule.
DEFAULT-USAGE-000261,DEFAULT-1885-MATERIAL-FAMILY,material.family,,,PE-000051,POS-051,20100,20120,SOURCE_VALUE_UNRESOLVED,3,fnv1a64:38bb39004140b6aa,MATERIAL_PROPERTIES|WEIGHT|STIFFNESS|STRESS,PROJECT_SCREENING_ONLY,1885S Project Data material-family screening rule.
DEFAULT-USAGE-000262,DEFAULT-1885-CS-E,material.elasticModulusPa,,Pa,PE-000051,POS-051,20100,20120,SOURCE_VALUE_UNRESOLVED,3,fnv1a64:38bb39004140b6aa,EA|EI|THERMAL_REACTION|P_DELTA,PROJECT_SCREENING_ONLY,1885S Project Data carbon-steel elastic modulus.
DEFAULT-USAGE-000263,DEFAULT-1885-CS-NU,material.poissonsRatio,,ratio,PE-000051,POS-051,20100,20120,SOURCE_VALUE_UNRESOLVED,3,fnv1a64:38bb39004140b6aa,SHEAR_MODULUS|TORSIONAL_STIFFNESS,PROJECT_SCREENING_ONLY,1885S Project Data carbon-steel Poisson ratio.
DEFAULT-USAGE-000264,DEFAULT-1885-CS-ALPHA,material.thermalExpansionPerC,,1/C,PE-000051,POS-051,20100,20120,SOURCE_VALUE_UNRESOLVED,3,fnv1a64:38bb39004140b6aa,THERMAL_STRAIN|THERMAL_DISPLACEMENT|THERMAL_REACTION,PROJECT_SCREENING_ONLY,1885S Project Data mean thermal-expansion coefficient for the screening state.
DEFAULT-USAGE-000265,DEFAULT-1885-CODE-WALL,section.codeStressWallRule,,,PE-000051,POS-051,20100,20120,SOURCE_VALUE_UNRESOLVED,3,fnv1a64:38bb39004140b6aa,CODE_STRESS_SECTION,PROJECT_SCREENING_ONLY,1885S Project Data code-stress section rule.
DEFAULT-USAGE-000266,DEFAULT-1885-MATERIAL-FAMILY,material.family,,,PE-000052,POS-052,20120,20130,SOURCE_VALUE_UNRESOLVED,3,fnv1a64:38bb39004140b6aa,MATERIAL_PROPERTIES|WEIGHT|STIFFNESS|STRESS,PROJECT_SCREENING_ONLY,1885S Project Data material-family screening rule.
DEFAULT-USAGE-000267,DEFAULT-1885-CS-E,material.elasticModulusPa,,Pa,PE-000052,POS-052,20120,20130,SOURCE_VALUE_UNRESOLVED,3,fnv1a64:38bb39004140b6aa,EA|EI|THERMAL_REACTION|P_DELTA,PROJECT_SCREENING_ONLY,1885S Project Data carbon-steel elastic modulus.
DEFAULT-USAGE-000268,DEFAULT-1885-CS-NU,material.poissonsRatio,,ratio,PE-000052,POS-052,20120,20130,SOURCE_VALUE_UNRESOLVED,3,fnv1a64:38bb39004140b6aa,SHEAR_MODULUS|TORSIONAL_STIFFNESS,PROJECT_SCREENING_ONLY,1885S Project Data carbon-steel Poisson ratio.
DEFAULT-USAGE-000269,DEFAULT-1885-CS-ALPHA,material.thermalExpansionPerC,,1/C,PE-000052,POS-052,20120,20130,SOURCE_VALUE_UNRESOLVED,3,fnv1a64:38bb39004140b6aa,THERMAL_STRAIN|THERMAL_DISPLACEMENT|THERMAL_REACTION,PROJECT_SCREENING_ONLY,1885S Project Data mean thermal-expansion coefficient for the screening state.
DEFAULT-USAGE-000270,DEFAULT-1885-CODE-WALL,section.codeStressWallRule,,,PE-000052,POS-052,20120,20130,SOURCE_VALUE_UNRESOLVED,3,fnv1a64:38bb39004140b6aa,CODE_STRESS_SECTION,PROJECT_SCREENING_ONLY,1885S Project Data code-stress section rule.
DEFAULT-USAGE-000271,DEFAULT-1885-MATERIAL-FAMILY,material.family,,,PE-000053,POS-053,20130,20110,SOURCE_VALUE_UNRESOLVED,3,fnv1a64:38bb39004140b6aa,MATERIAL_PROPERTIES|WEIGHT|STIFFNESS|STRESS,PROJECT_SCREENING_ONLY,1885S Project Data material-family screening rule.
DEFAULT-USAGE-000272,DEFAULT-1885-CS-E,material.elasticModulusPa,,Pa,PE-000053,POS-053,20130,20110,SOURCE_VALUE_UNRESOLVED,3,fnv1a64:38bb39004140b6aa,EA|EI|THERMAL_REACTION|P_DELTA,PROJECT_SCREENING_ONLY,1885S Project Data carbon-steel elastic modulus.
DEFAULT-USAGE-000273,DEFAULT-1885-CS-NU,material.poissonsRatio,,ratio,PE-000053,POS-053,20130,20110,SOURCE_VALUE_UNRESOLVED,3,fnv1a64:38bb39004140b6aa,SHEAR_MODULUS|TORSIONAL_STIFFNESS,PROJECT_SCREENING_ONLY,1885S Project Data carbon-steel Poisson ratio.
DEFAULT-USAGE-000274,DEFAULT-1885-CS-ALPHA,material.thermalExpansionPerC,,1/C,PE-000053,POS-053,20130,20110,SOURCE_VALUE_UNRESOLVED,3,fnv1a64:38bb39004140b6aa,THERMAL_STRAIN|THERMAL_DISPLACEMENT|THERMAL_REACTION,PROJECT_SCREENING_ONLY,1885S Project Data mean thermal-expansion coefficient for the screening state.
DEFAULT-USAGE-000275,DEFAULT-1885-CODE-WALL,section.codeStressWallRule,,,PE-000053,POS-053,20130,20110,SOURCE_VALUE_UNRESOLVED,3,fnv1a64:38bb39004140b6aa,CODE_STRESS_SECTION,PROJECT_SCREENING_ONLY,1885S Project Data code-stress section rule.
DEFAULT-USAGE-000276,DEFAULT-1885-MATERIAL-FAMILY,material.family,,,PE-000054,POS-054,20110,20140,SOURCE_VALUE_UNRESOLVED,3,fnv1a64:38bb39004140b6aa,MATERIAL_PROPERTIES|WEIGHT|STIFFNESS|STRESS,PROJECT_SCREENING_ONLY,1885S Project Data material-family screening rule.
DEFAULT-USAGE-000277,DEFAULT-1885-CS-E,material.elasticModulusPa,,Pa,PE-000054,POS-054,20110,20140,SOURCE_VALUE_UNRESOLVED,3,fnv1a64:38bb39004140b6aa,EA|EI|THERMAL_REACTION|P_DELTA,PROJECT_SCREENING_ONLY,1885S Project Data carbon-steel elastic modulus.
DEFAULT-USAGE-000278,DEFAULT-1885-CS-NU,material.poissonsRatio,,ratio,PE-000054,POS-054,20110,20140,SOURCE_VALUE_UNRESOLVED,3,fnv1a64:38bb39004140b6aa,SHEAR_MODULUS|TORSIONAL_STIFFNESS,PROJECT_SCREENING_ONLY,1885S Project Data carbon-steel Poisson ratio.
DEFAULT-USAGE-000279,DEFAULT-1885-CS-ALPHA,material.thermalExpansionPerC,,1/C,PE-000054,POS-054,20110,20140,SOURCE_VALUE_UNRESOLVED,3,fnv1a64:38bb39004140b6aa,THERMAL_STRAIN|THERMAL_DISPLACEMENT|THERMAL_REACTION,PROJECT_SCREENING_ONLY,1885S Project Data mean thermal-expansion coefficient for the screening state.
DEFAULT-USAGE-000280,DEFAULT-1885-CODE-WALL,section.codeStressWallRule,,,PE-000054,POS-054,20110,20140,SOURCE_VALUE_UNRESOLVED,3,fnv1a64:38bb39004140b6aa,CODE_STRESS_SECTION,PROJECT_SCREENING_ONLY,1885S Project Data code-stress section rule.
DEFAULT-USAGE-000281,DEFAULT-1885-MATERIAL-FAMILY,material.family,,,PE-000055,POS-055,20140,20150,SOURCE_VALUE_UNRESOLVED,3,fnv1a64:38bb39004140b6aa,MATERIAL_PROPERTIES|WEIGHT|STIFFNESS|STRESS,PROJECT_SCREENING_ONLY,1885S Project Data material-family screening rule.
DEFAULT-USAGE-000282,DEFAULT-1885-CS-E,material.elasticModulusPa,,Pa,PE-000055,POS-055,20140,20150,SOURCE_VALUE_UNRESOLVED,3,fnv1a64:38bb39004140b6aa,EA|EI|THERMAL_REACTION|P_DELTA,PROJECT_SCREENING_ONLY,1885S Project Data carbon-steel elastic modulus.
DEFAULT-USAGE-000283,DEFAULT-1885-CS-NU,material.poissonsRatio,,ratio,PE-000055,POS-055,20140,20150,SOURCE_VALUE_UNRESOLVED,3,fnv1a64:38bb39004140b6aa,SHEAR_MODULUS|TORSIONAL_STIFFNESS,PROJECT_SCREENING_ONLY,1885S Project Data carbon-steel Poisson ratio.
DEFAULT-USAGE-000284,DEFAULT-1885-CS-ALPHA,material.thermalExpansionPerC,,1/C,PE-000055,POS-055,20140,20150,SOURCE_VALUE_UNRESOLVED,3,fnv1a64:38bb39004140b6aa,THERMAL_STRAIN|THERMAL_DISPLACEMENT|THERMAL_REACTION,PROJECT_SCREENING_ONLY,1885S Project Data mean thermal-expansion coefficient for the screening state.
DEFAULT-USAGE-000285,DEFAULT-1885-CODE-WALL,section.codeStressWallRule,,,PE-000055,POS-055,20140,20150,SOURCE_VALUE_UNRESOLVED,3,fnv1a64:38bb39004140b6aa,CODE_STRESS_SECTION,PROJECT_SCREENING_ONLY,1885S Project Data code-stress section rule.
DEFAULT-USAGE-000286,DEFAULT-1885-MATERIAL-FAMILY,material.family,,,PE-000056,POS-056,20150,20170,SOURCE_VALUE_UNRESOLVED,3,fnv1a64:38bb39004140b6aa,MATERIAL_PROPERTIES|WEIGHT|STIFFNESS|STRESS,PROJECT_SCREENING_ONLY,1885S Project Data material-family screening rule.
DEFAULT-USAGE-000287,DEFAULT-1885-CS-E,material.elasticModulusPa,,Pa,PE-000056,POS-056,20150,20170,SOURCE_VALUE_UNRESOLVED,3,fnv1a64:38bb39004140b6aa,EA|EI|THERMAL_REACTION|P_DELTA,PROJECT_SCREENING_ONLY,1885S Project Data carbon-steel elastic modulus.
DEFAULT-USAGE-000288,DEFAULT-1885-CS-NU,material.poissonsRatio,,ratio,PE-000056,POS-056,20150,20170,SOURCE_VALUE_UNRESOLVED,3,fnv1a64:38bb39004140b6aa,SHEAR_MODULUS|TORSIONAL_STIFFNESS,PROJECT_SCREENING_ONLY,1885S Project Data carbon-steel Poisson ratio.
DEFAULT-USAGE-000289,DEFAULT-1885-CS-ALPHA,material.thermalExpansionPerC,,1/C,PE-000056,POS-056,20150,20170,SOURCE_VALUE_UNRESOLVED,3,fnv1a64:38bb39004140b6aa,THERMAL_STRAIN|THERMAL_DISPLACEMENT|THERMAL_REACTION,PROJECT_SCREENING_ONLY,1885S Project Data mean thermal-expansion coefficient for the screening state.
DEFAULT-USAGE-000290,DEFAULT-1885-CODE-WALL,section.codeStressWallRule,,,PE-000056,POS-056,20150,20170,SOURCE_VALUE_UNRESOLVED,3,fnv1a64:38bb39004140b6aa,CODE_STRESS_SECTION,PROJECT_SCREENING_ONLY,1885S Project Data code-stress section rule.
DEFAULT-USAGE-000291,DEFAULT-1885-MATERIAL-FAMILY,material.family,,,PE-000057,POS-057,20170,20180,SOURCE_VALUE_UNRESOLVED,3,fnv1a64:38bb39004140b6aa,MATERIAL_PROPERTIES|WEIGHT|STIFFNESS|STRESS,PROJECT_SCREENING_ONLY,1885S Project Data material-family screening rule.
DEFAULT-USAGE-000292,DEFAULT-1885-CS-E,material.elasticModulusPa,,Pa,PE-000057,POS-057,20170,20180,SOURCE_VALUE_UNRESOLVED,3,fnv1a64:38bb39004140b6aa,EA|EI|THERMAL_REACTION|P_DELTA,PROJECT_SCREENING_ONLY,1885S Project Data carbon-steel elastic modulus.
DEFAULT-USAGE-000293,DEFAULT-1885-CS-NU,material.poissonsRatio,,ratio,PE-000057,POS-057,20170,20180,SOURCE_VALUE_UNRESOLVED,3,fnv1a64:38bb39004140b6aa,SHEAR_MODULUS|TORSIONAL_STIFFNESS,PROJECT_SCREENING_ONLY,1885S Project Data carbon-steel Poisson ratio.
DEFAULT-USAGE-000294,DEFAULT-1885-CS-ALPHA,material.thermalExpansionPerC,,1/C,PE-000057,POS-057,20170,20180,SOURCE_VALUE_UNRESOLVED,3,fnv1a64:38bb39004140b6aa,THERMAL_STRAIN|THERMAL_DISPLACEMENT|THERMAL_REACTION,PROJECT_SCREENING_ONLY,1885S Project Data mean thermal-expansion coefficient for the screening state.
DEFAULT-USAGE-000295,DEFAULT-1885-CODE-WALL,section.codeStressWallRule,,,PE-000057,POS-057,20170,20180,SOURCE_VALUE_UNRESOLVED,3,fnv1a64:38bb39004140b6aa,CODE_STRESS_SECTION,PROJECT_SCREENING_ONLY,1885S Project Data code-stress section rule.
DEFAULT-USAGE-000296,DEFAULT-1885-MATERIAL-FAMILY,material.family,,,PE-000058,POS-058,20180,20190,SOURCE_VALUE_UNRESOLVED,3,fnv1a64:38bb39004140b6aa,MATERIAL_PROPERTIES|WEIGHT|STIFFNESS|STRESS,PROJECT_SCREENING_ONLY,1885S Project Data material-family screening rule.
DEFAULT-USAGE-000297,DEFAULT-1885-CS-E,material.elasticModulusPa,,Pa,PE-000058,POS-058,20180,20190,SOURCE_VALUE_UNRESOLVED,3,fnv1a64:38bb39004140b6aa,EA|EI|THERMAL_REACTION|P_DELTA,PROJECT_SCREENING_ONLY,1885S Project Data carbon-steel elastic modulus.
DEFAULT-USAGE-000298,DEFAULT-1885-CS-NU,material.poissonsRatio,,ratio,PE-000058,POS-058,20180,20190,SOURCE_VALUE_UNRESOLVED,3,fnv1a64:38bb39004140b6aa,SHEAR_MODULUS|TORSIONAL_STIFFNESS,PROJECT_SCREENING_ONLY,1885S Project Data carbon-steel Poisson ratio.
DEFAULT-USAGE-000299,DEFAULT-1885-CS-ALPHA,material.thermalExpansionPerC,,1/C,PE-000058,POS-058,20180,20190,SOURCE_VALUE_UNRESOLVED,3,fnv1a64:38bb39004140b6aa,THERMAL_STRAIN|THERMAL_DISPLACEMENT|THERMAL_REACTION,PROJECT_SCREENING_ONLY,1885S Project Data mean thermal-expansion coefficient for the screening state.
DEFAULT-USAGE-000300,DEFAULT-1885-CODE-WALL,section.codeStressWallRule,,,PE-000058,POS-058,20180,20190,SOURCE_VALUE_UNRESOLVED,3,fnv1a64:38bb39004140b6aa,CODE_STRESS_SECTION,PROJECT_SCREENING_ONLY,1885S Project Data code-stress section rule.
DEFAULT-USAGE-000301,DEFAULT-1885-MATERIAL-FAMILY,material.family,,,PE-000059,POS-059,20190,20160,SOURCE_VALUE_UNRESOLVED,3,fnv1a64:38bb39004140b6aa,MATERIAL_PROPERTIES|WEIGHT|STIFFNESS|STRESS,PROJECT_SCREENING_ONLY,1885S Project Data material-family screening rule.
DEFAULT-USAGE-000302,DEFAULT-1885-CS-E,material.elasticModulusPa,,Pa,PE-000059,POS-059,20190,20160,SOURCE_VALUE_UNRESOLVED,3,fnv1a64:38bb39004140b6aa,EA|EI|THERMAL_REACTION|P_DELTA,PROJECT_SCREENING_ONLY,1885S Project Data carbon-steel elastic modulus.
DEFAULT-USAGE-000303,DEFAULT-1885-CS-NU,material.poissonsRatio,,ratio,PE-000059,POS-059,20190,20160,SOURCE_VALUE_UNRESOLVED,3,fnv1a64:38bb39004140b6aa,SHEAR_MODULUS|TORSIONAL_STIFFNESS,PROJECT_SCREENING_ONLY,1885S Project Data carbon-steel Poisson ratio.
DEFAULT-USAGE-000304,DEFAULT-1885-CS-ALPHA,material.thermalExpansionPerC,,1/C,PE-000059,POS-059,20190,20160,SOURCE_VALUE_UNRESOLVED,3,fnv1a64:38bb39004140b6aa,THERMAL_STRAIN|THERMAL_DISPLACEMENT|THERMAL_REACTION,PROJECT_SCREENING_ONLY,1885S Project Data mean thermal-expansion coefficient for the screening state.
DEFAULT-USAGE-000305,DEFAULT-1885-CODE-WALL,section.codeStressWallRule,,,PE-000059,POS-059,20190,20160,SOURCE_VALUE_UNRESOLVED,3,fnv1a64:38bb39004140b6aa,CODE_STRESS_SECTION,PROJECT_SCREENING_ONLY,1885S Project Data code-stress section rule.
DEFAULT-USAGE-000306,DEFAULT-1885-MATERIAL-FAMILY,material.family,,,PE-000060,POS-060,20160,20200,SOURCE_VALUE_UNRESOLVED,3,fnv1a64:38bb39004140b6aa,MATERIAL_PROPERTIES|WEIGHT|STIFFNESS|STRESS,PROJECT_SCREENING_ONLY,1885S Project Data material-family screening rule.
DEFAULT-USAGE-000307,DEFAULT-1885-CS-E,material.elasticModulusPa,,Pa,PE-000060,POS-060,20160,20200,SOURCE_VALUE_UNRESOLVED,3,fnv1a64:38bb39004140b6aa,EA|EI|THERMAL_REACTION|P_DELTA,PROJECT_SCREENING_ONLY,1885S Project Data carbon-steel elastic modulus.
DEFAULT-USAGE-000308,DEFAULT-1885-CS-NU,material.poissonsRatio,,ratio,PE-000060,POS-060,20160,20200,SOURCE_VALUE_UNRESOLVED,3,fnv1a64:38bb39004140b6aa,SHEAR_MODULUS|TORSIONAL_STIFFNESS,PROJECT_SCREENING_ONLY,1885S Project Data carbon-steel Poisson ratio.
DEFAULT-USAGE-000309,DEFAULT-1885-CS-ALPHA,material.thermalExpansionPerC,,1/C,PE-000060,POS-060,20160,20200,SOURCE_VALUE_UNRESOLVED,3,fnv1a64:38bb39004140b6aa,THERMAL_STRAIN|THERMAL_DISPLACEMENT|THERMAL_REACTION,PROJECT_SCREENING_ONLY,1885S Project Data mean thermal-expansion coefficient for the screening state.
DEFAULT-USAGE-000310,DEFAULT-1885-CODE-WALL,section.codeStressWallRule,,,PE-000060,POS-060,20160,20200,SOURCE_VALUE_UNRESOLVED,3,fnv1a64:38bb39004140b6aa,CODE_STRESS_SECTION,PROJECT_SCREENING_ONLY,1885S Project Data code-stress section rule.
DEFAULT-USAGE-000311,DEFAULT-1885-MATERIAL-FAMILY,material.family,,,PE-000061,POS-061,20200,10420,SOURCE_VALUE_UNRESOLVED,3,fnv1a64:38bb39004140b6aa,MATERIAL_PROPERTIES|WEIGHT|STIFFNESS|STRESS,PROJECT_SCREENING_ONLY,1885S Project Data material-family screening rule.
DEFAULT-USAGE-000312,DEFAULT-1885-CS-E,material.elasticModulusPa,,Pa,PE-000061,POS-061,20200,10420,SOURCE_VALUE_UNRESOLVED,3,fnv1a64:38bb39004140b6aa,EA|EI|THERMAL_REACTION|P_DELTA,PROJECT_SCREENING_ONLY,1885S Project Data carbon-steel elastic modulus.
DEFAULT-USAGE-000313,DEFAULT-1885-CS-NU,material.poissonsRatio,,ratio,PE-000061,POS-061,20200,10420,SOURCE_VALUE_UNRESOLVED,3,fnv1a64:38bb39004140b6aa,SHEAR_MODULUS|TORSIONAL_STIFFNESS,PROJECT_SCREENING_ONLY,1885S Project Data carbon-steel Poisson ratio.
DEFAULT-USAGE-000314,DEFAULT-1885-CS-ALPHA,material.thermalExpansionPerC,,1/C,PE-000061,POS-061,20200,10420,SOURCE_VALUE_UNRESOLVED,3,fnv1a64:38bb39004140b6aa,THERMAL_STRAIN|THERMAL_DISPLACEMENT|THERMAL_REACTION,PROJECT_SCREENING_ONLY,1885S Project Data mean thermal-expansion coefficient for the screening state.
DEFAULT-USAGE-000315,DEFAULT-1885-CODE-WALL,section.codeStressWallRule,,,PE-000061,POS-061,20200,10420,SOURCE_VALUE_UNRESOLVED,3,fnv1a64:38bb39004140b6aa,CODE_STRESS_SECTION,PROJECT_SCREENING_ONLY,1885S Project Data code-stress section rule.
DEFAULT-USAGE-000316,DEFAULT-1885-MATERIAL-FAMILY,material.family,,,PE-000062,POS-062,10430,30010,SOURCE_VALUE_UNRESOLVED,3,fnv1a64:38bb39004140b6aa,MATERIAL_PROPERTIES|WEIGHT|STIFFNESS|STRESS,PROJECT_SCREENING_ONLY,1885S Project Data material-family screening rule.
DEFAULT-USAGE-000317,DEFAULT-1885-CS-E,material.elasticModulusPa,,Pa,PE-000062,POS-062,10430,30010,SOURCE_VALUE_UNRESOLVED,3,fnv1a64:38bb39004140b6aa,EA|EI|THERMAL_REACTION|P_DELTA,PROJECT_SCREENING_ONLY,1885S Project Data carbon-steel elastic modulus.
DEFAULT-USAGE-000318,DEFAULT-1885-CS-NU,material.poissonsRatio,,ratio,PE-000062,POS-062,10430,30010,SOURCE_VALUE_UNRESOLVED,3,fnv1a64:38bb39004140b6aa,SHEAR_MODULUS|TORSIONAL_STIFFNESS,PROJECT_SCREENING_ONLY,1885S Project Data carbon-steel Poisson ratio.
DEFAULT-USAGE-000319,DEFAULT-1885-CS-ALPHA,material.thermalExpansionPerC,,1/C,PE-000062,POS-062,10430,30010,SOURCE_VALUE_UNRESOLVED,3,fnv1a64:38bb39004140b6aa,THERMAL_STRAIN|THERMAL_DISPLACEMENT|THERMAL_REACTION,PROJECT_SCREENING_ONLY,1885S Project Data mean thermal-expansion coefficient for the screening state.
DEFAULT-USAGE-000320,DEFAULT-1885-CODE-WALL,section.codeStressWallRule,,,PE-000062,POS-062,10430,30010,SOURCE_VALUE_UNRESOLVED,3,fnv1a64:38bb39004140b6aa,CODE_STRESS_SECTION,PROJECT_SCREENING_ONLY,1885S Project Data code-stress section rule.
DEFAULT-USAGE-000321,DEFAULT-1885-MATERIAL-FAMILY,material.family,,,PE-000063,POS-063,30010,30020,SOURCE_VALUE_UNRESOLVED,3,fnv1a64:38bb39004140b6aa,MATERIAL_PROPERTIES|WEIGHT|STIFFNESS|STRESS,PROJECT_SCREENING_ONLY,1885S Project Data material-family screening rule.
DEFAULT-USAGE-000322,DEFAULT-1885-CS-E,material.elasticModulusPa,,Pa,PE-000063,POS-063,30010,30020,SOURCE_VALUE_UNRESOLVED,3,fnv1a64:38bb39004140b6aa,EA|EI|THERMAL_REACTION|P_DELTA,PROJECT_SCREENING_ONLY,1885S Project Data carbon-steel elastic modulus.
DEFAULT-USAGE-000323,DEFAULT-1885-CS-NU,material.poissonsRatio,,ratio,PE-000063,POS-063,30010,30020,SOURCE_VALUE_UNRESOLVED,3,fnv1a64:38bb39004140b6aa,SHEAR_MODULUS|TORSIONAL_STIFFNESS,PROJECT_SCREENING_ONLY,1885S Project Data carbon-steel Poisson ratio.
DEFAULT-USAGE-000324,DEFAULT-1885-CS-ALPHA,material.thermalExpansionPerC,,1/C,PE-000063,POS-063,30010,30020,SOURCE_VALUE_UNRESOLVED,3,fnv1a64:38bb39004140b6aa,THERMAL_STRAIN|THERMAL_DISPLACEMENT|THERMAL_REACTION,PROJECT_SCREENING_ONLY,1885S Project Data mean thermal-expansion coefficient for the screening state.
DEFAULT-USAGE-000325,DEFAULT-1885-CODE-WALL,section.codeStressWallRule,,,PE-000063,POS-063,30010,30020,SOURCE_VALUE_UNRESOLVED,3,fnv1a64:38bb39004140b6aa,CODE_STRESS_SECTION,PROJECT_SCREENING_ONLY,1885S Project Data code-stress section rule.
DEFAULT-USAGE-000326,DEFAULT-1885-MATERIAL-FAMILY,material.family,,,PE-000064,POS-064,30020,30030,SOURCE_VALUE_UNRESOLVED,3,fnv1a64:38bb39004140b6aa,MATERIAL_PROPERTIES|WEIGHT|STIFFNESS|STRESS,PROJECT_SCREENING_ONLY,1885S Project Data material-family screening rule.
DEFAULT-USAGE-000327,DEFAULT-1885-CS-E,material.elasticModulusPa,,Pa,PE-000064,POS-064,30020,30030,SOURCE_VALUE_UNRESOLVED,3,fnv1a64:38bb39004140b6aa,EA|EI|THERMAL_REACTION|P_DELTA,PROJECT_SCREENING_ONLY,1885S Project Data carbon-steel elastic modulus.
DEFAULT-USAGE-000328,DEFAULT-1885-CS-NU,material.poissonsRatio,,ratio,PE-000064,POS-064,30020,30030,SOURCE_VALUE_UNRESOLVED,3,fnv1a64:38bb39004140b6aa,SHEAR_MODULUS|TORSIONAL_STIFFNESS,PROJECT_SCREENING_ONLY,1885S Project Data carbon-steel Poisson ratio.
DEFAULT-USAGE-000329,DEFAULT-1885-CS-ALPHA,material.thermalExpansionPerC,,1/C,PE-000064,POS-064,30020,30030,SOURCE_VALUE_UNRESOLVED,3,fnv1a64:38bb39004140b6aa,THERMAL_STRAIN|THERMAL_DISPLACEMENT|THERMAL_REACTION,PROJECT_SCREENING_ONLY,1885S Project Data mean thermal-expansion coefficient for the screening state.
DEFAULT-USAGE-000330,DEFAULT-1885-CODE-WALL,section.codeStressWallRule,,,PE-000064,POS-064,30020,30030,SOURCE_VALUE_UNRESOLVED,3,fnv1a64:38bb39004140b6aa,CODE_STRESS_SECTION,PROJECT_SCREENING_ONLY,1885S Project Data code-stress section rule.
DEFAULT-USAGE-000331,DEFAULT-1885-MATERIAL-FAMILY,material.family,,,PE-000065,POS-065,30030,30050,SOURCE_VALUE_UNRESOLVED,3,fnv1a64:38bb39004140b6aa,MATERIAL_PROPERTIES|WEIGHT|STIFFNESS|STRESS,PROJECT_SCREENING_ONLY,1885S Project Data material-family screening rule.
DEFAULT-USAGE-000332,DEFAULT-1885-CS-E,material.elasticModulusPa,,Pa,PE-000065,POS-065,30030,30050,SOURCE_VALUE_UNRESOLVED,3,fnv1a64:38bb39004140b6aa,EA|EI|THERMAL_REACTION|P_DELTA,PROJECT_SCREENING_ONLY,1885S Project Data carbon-steel elastic modulus.
DEFAULT-USAGE-000333,DEFAULT-1885-CS-NU,material.poissonsRatio,,ratio,PE-000065,POS-065,30030,30050,SOURCE_VALUE_UNRESOLVED,3,fnv1a64:38bb39004140b6aa,SHEAR_MODULUS|TORSIONAL_STIFFNESS,PROJECT_SCREENING_ONLY,1885S Project Data carbon-steel Poisson ratio.
DEFAULT-USAGE-000334,DEFAULT-1885-CS-ALPHA,material.thermalExpansionPerC,,1/C,PE-000065,POS-065,30030,30050,SOURCE_VALUE_UNRESOLVED,3,fnv1a64:38bb39004140b6aa,THERMAL_STRAIN|THERMAL_DISPLACEMENT|THERMAL_REACTION,PROJECT_SCREENING_ONLY,1885S Project Data mean thermal-expansion coefficient for the screening state.
DEFAULT-USAGE-000335,DEFAULT-1885-CODE-WALL,section.codeStressWallRule,,,PE-000065,POS-065,30030,30050,SOURCE_VALUE_UNRESOLVED,3,fnv1a64:38bb39004140b6aa,CODE_STRESS_SECTION,PROJECT_SCREENING_ONLY,1885S Project Data code-stress section rule.
DEFAULT-USAGE-000336,DEFAULT-1885-MATERIAL-FAMILY,material.family,,,PE-000066,POS-066,30050,30060,SOURCE_VALUE_UNRESOLVED,3,fnv1a64:38bb39004140b6aa,MATERIAL_PROPERTIES|WEIGHT|STIFFNESS|STRESS,PROJECT_SCREENING_ONLY,1885S Project Data material-family screening rule.
DEFAULT-USAGE-000337,DEFAULT-1885-CS-E,material.elasticModulusPa,,Pa,PE-000066,POS-066,30050,30060,SOURCE_VALUE_UNRESOLVED,3,fnv1a64:38bb39004140b6aa,EA|EI|THERMAL_REACTION|P_DELTA,PROJECT_SCREENING_ONLY,1885S Project Data carbon-steel elastic modulus.
DEFAULT-USAGE-000338,DEFAULT-1885-CS-NU,material.poissonsRatio,,ratio,PE-000066,POS-066,30050,30060,SOURCE_VALUE_UNRESOLVED,3,fnv1a64:38bb39004140b6aa,SHEAR_MODULUS|TORSIONAL_STIFFNESS,PROJECT_SCREENING_ONLY,1885S Project Data carbon-steel Poisson ratio.
DEFAULT-USAGE-000339,DEFAULT-1885-CS-ALPHA,material.thermalExpansionPerC,,1/C,PE-000066,POS-066,30050,30060,SOURCE_VALUE_UNRESOLVED,3,fnv1a64:38bb39004140b6aa,THERMAL_STRAIN|THERMAL_DISPLACEMENT|THERMAL_REACTION,PROJECT_SCREENING_ONLY,1885S Project Data mean thermal-expansion coefficient for the screening state.
DEFAULT-USAGE-000340,DEFAULT-1885-CODE-WALL,section.codeStressWallRule,,,PE-000066,POS-066,30050,30060,SOURCE_VALUE_UNRESOLVED,3,fnv1a64:38bb39004140b6aa,CODE_STRESS_SECTION,PROJECT_SCREENING_ONLY,1885S Project Data code-stress section rule.
DEFAULT-USAGE-000341,DEFAULT-1885-MATERIAL-FAMILY,material.family,,,PE-000067,POS-067,30060,30070,SOURCE_VALUE_UNRESOLVED,3,fnv1a64:38bb39004140b6aa,MATERIAL_PROPERTIES|WEIGHT|STIFFNESS|STRESS,PROJECT_SCREENING_ONLY,1885S Project Data material-family screening rule.
DEFAULT-USAGE-000342,DEFAULT-1885-CS-E,material.elasticModulusPa,,Pa,PE-000067,POS-067,30060,30070,SOURCE_VALUE_UNRESOLVED,3,fnv1a64:38bb39004140b6aa,EA|EI|THERMAL_REACTION|P_DELTA,PROJECT_SCREENING_ONLY,1885S Project Data carbon-steel elastic modulus.
DEFAULT-USAGE-000343,DEFAULT-1885-CS-NU,material.poissonsRatio,,ratio,PE-000067,POS-067,30060,30070,SOURCE_VALUE_UNRESOLVED,3,fnv1a64:38bb39004140b6aa,SHEAR_MODULUS|TORSIONAL_STIFFNESS,PROJECT_SCREENING_ONLY,1885S Project Data carbon-steel Poisson ratio.
DEFAULT-USAGE-000344,DEFAULT-1885-CS-ALPHA,material.thermalExpansionPerC,,1/C,PE-000067,POS-067,30060,30070,SOURCE_VALUE_UNRESOLVED,3,fnv1a64:38bb39004140b6aa,THERMAL_STRAIN|THERMAL_DISPLACEMENT|THERMAL_REACTION,PROJECT_SCREENING_ONLY,1885S Project Data mean thermal-expansion coefficient for the screening state.
DEFAULT-USAGE-000345,DEFAULT-1885-CODE-WALL,section.codeStressWallRule,,,PE-000067,POS-067,30060,30070,SOURCE_VALUE_UNRESOLVED,3,fnv1a64:38bb39004140b6aa,CODE_STRESS_SECTION,PROJECT_SCREENING_ONLY,1885S Project Data code-stress section rule.
DEFAULT-USAGE-000346,DEFAULT-1885-MATERIAL-FAMILY,material.family,,,PE-000068,POS-068,30070,30040,SOURCE_VALUE_UNRESOLVED,3,fnv1a64:38bb39004140b6aa,MATERIAL_PROPERTIES|WEIGHT|STIFFNESS|STRESS,PROJECT_SCREENING_ONLY,1885S Project Data material-family screening rule.
DEFAULT-USAGE-000347,DEFAULT-1885-CS-E,material.elasticModulusPa,,Pa,PE-000068,POS-068,30070,30040,SOURCE_VALUE_UNRESOLVED,3,fnv1a64:38bb39004140b6aa,EA|EI|THERMAL_REACTION|P_DELTA,PROJECT_SCREENING_ONLY,1885S Project Data carbon-steel elastic modulus.
DEFAULT-USAGE-000348,DEFAULT-1885-CS-NU,material.poissonsRatio,,ratio,PE-000068,POS-068,30070,30040,SOURCE_VALUE_UNRESOLVED,3,fnv1a64:38bb39004140b6aa,SHEAR_MODULUS|TORSIONAL_STIFFNESS,PROJECT_SCREENING_ONLY,1885S Project Data carbon-steel Poisson ratio.
DEFAULT-USAGE-000349,DEFAULT-1885-CS-ALPHA,material.thermalExpansionPerC,,1/C,PE-000068,POS-068,30070,30040,SOURCE_VALUE_UNRESOLVED,3,fnv1a64:38bb39004140b6aa,THERMAL_STRAIN|THERMAL_DISPLACEMENT|THERMAL_REACTION,PROJECT_SCREENING_ONLY,1885S Project Data mean thermal-expansion coefficient for the screening state.
DEFAULT-USAGE-000350,DEFAULT-1885-CODE-WALL,section.codeStressWallRule,,,PE-000068,POS-068,30070,30040,SOURCE_VALUE_UNRESOLVED,3,fnv1a64:38bb39004140b6aa,CODE_STRESS_SECTION,PROJECT_SCREENING_ONLY,1885S Project Data code-stress section rule.
DEFAULT-USAGE-000351,DEFAULT-1885-MATERIAL-FAMILY,material.family,,,PE-000069,POS-069,30040,30080,SOURCE_VALUE_UNRESOLVED,3,fnv1a64:38bb39004140b6aa,MATERIAL_PROPERTIES|WEIGHT|STIFFNESS|STRESS,PROJECT_SCREENING_ONLY,1885S Project Data material-family screening rule.
DEFAULT-USAGE-000352,DEFAULT-1885-CS-E,material.elasticModulusPa,,Pa,PE-000069,POS-069,30040,30080,SOURCE_VALUE_UNRESOLVED,3,fnv1a64:38bb39004140b6aa,EA|EI|THERMAL_REACTION|P_DELTA,PROJECT_SCREENING_ONLY,1885S Project Data carbon-steel elastic modulus.
DEFAULT-USAGE-000353,DEFAULT-1885-CS-NU,material.poissonsRatio,,ratio,PE-000069,POS-069,30040,30080,SOURCE_VALUE_UNRESOLVED,3,fnv1a64:38bb39004140b6aa,SHEAR_MODULUS|TORSIONAL_STIFFNESS,PROJECT_SCREENING_ONLY,1885S Project Data carbon-steel Poisson ratio.
DEFAULT-USAGE-000354,DEFAULT-1885-CS-ALPHA,material.thermalExpansionPerC,,1/C,PE-000069,POS-069,30040,30080,SOURCE_VALUE_UNRESOLVED,3,fnv1a64:38bb39004140b6aa,THERMAL_STRAIN|THERMAL_DISPLACEMENT|THERMAL_REACTION,PROJECT_SCREENING_ONLY,1885S Project Data mean thermal-expansion coefficient for the screening state.
DEFAULT-USAGE-000355,DEFAULT-1885-CODE-WALL,section.codeStressWallRule,,,PE-000069,POS-069,30040,30080,SOURCE_VALUE_UNRESOLVED,3,fnv1a64:38bb39004140b6aa,CODE_STRESS_SECTION,PROJECT_SCREENING_ONLY,1885S Project Data code-stress section rule.
DEFAULT-USAGE-000356,DEFAULT-1885-MATERIAL-FAMILY,material.family,,,PE-000070,POS-070,30080,10440,SOURCE_VALUE_UNRESOLVED,3,fnv1a64:38bb39004140b6aa,MATERIAL_PROPERTIES|WEIGHT|STIFFNESS|STRESS,PROJECT_SCREENING_ONLY,1885S Project Data material-family screening rule.
DEFAULT-USAGE-000357,DEFAULT-1885-CS-E,material.elasticModulusPa,,Pa,PE-000070,POS-070,30080,10440,SOURCE_VALUE_UNRESOLVED,3,fnv1a64:38bb39004140b6aa,EA|EI|THERMAL_REACTION|P_DELTA,PROJECT_SCREENING_ONLY,1885S Project Data carbon-steel elastic modulus.
DEFAULT-USAGE-000358,DEFAULT-1885-CS-NU,material.poissonsRatio,,ratio,PE-000070,POS-070,30080,10440,SOURCE_VALUE_UNRESOLVED,3,fnv1a64:38bb39004140b6aa,SHEAR_MODULUS|TORSIONAL_STIFFNESS,PROJECT_SCREENING_ONLY,1885S Project Data carbon-steel Poisson ratio.
DEFAULT-USAGE-000359,DEFAULT-1885-CS-ALPHA,material.thermalExpansionPerC,,1/C,PE-000070,POS-070,30080,10440,SOURCE_VALUE_UNRESOLVED,3,fnv1a64:38bb39004140b6aa,THERMAL_STRAIN|THERMAL_DISPLACEMENT|THERMAL_REACTION,PROJECT_SCREENING_ONLY,1885S Project Data mean thermal-expansion coefficient for the screening state.
DEFAULT-USAGE-000360,DEFAULT-1885-CODE-WALL,section.codeStressWallRule,,,PE-000070,POS-070,30080,10440,SOURCE_VALUE_UNRESOLVED,3,fnv1a64:38bb39004140b6aa,CODE_STRESS_SECTION,PROJECT_SCREENING_ONLY,1885S Project Data code-stress section rule.
DEFAULT-USAGE-000361,DEFAULT-1885-MATERIAL-FAMILY,material.family,,,PE-000071,POS-071,10450,40020,SOURCE_VALUE_UNRESOLVED,3,fnv1a64:38bb39004140b6aa,MATERIAL_PROPERTIES|WEIGHT|STIFFNESS|STRESS,PROJECT_SCREENING_ONLY,1885S Project Data material-family screening rule.
DEFAULT-USAGE-000362,DEFAULT-1885-CS-E,material.elasticModulusPa,,Pa,PE-000071,POS-071,10450,40020,SOURCE_VALUE_UNRESOLVED,3,fnv1a64:38bb39004140b6aa,EA|EI|THERMAL_REACTION|P_DELTA,PROJECT_SCREENING_ONLY,1885S Project Data carbon-steel elastic modulus.
DEFAULT-USAGE-000363,DEFAULT-1885-CS-NU,material.poissonsRatio,,ratio,PE-000071,POS-071,10450,40020,SOURCE_VALUE_UNRESOLVED,3,fnv1a64:38bb39004140b6aa,SHEAR_MODULUS|TORSIONAL_STIFFNESS,PROJECT_SCREENING_ONLY,1885S Project Data carbon-steel Poisson ratio.
DEFAULT-USAGE-000364,DEFAULT-1885-CS-ALPHA,material.thermalExpansionPerC,,1/C,PE-000071,POS-071,10450,40020,SOURCE_VALUE_UNRESOLVED,3,fnv1a64:38bb39004140b6aa,THERMAL_STRAIN|THERMAL_DISPLACEMENT|THERMAL_REACTION,PROJECT_SCREENING_ONLY,1885S Project Data mean thermal-expansion coefficient for the screening state.
DEFAULT-USAGE-000365,DEFAULT-1885-CODE-WALL,section.codeStressWallRule,,,PE-000071,POS-071,10450,40020,SOURCE_VALUE_UNRESOLVED,3,fnv1a64:38bb39004140b6aa,CODE_STRESS_SECTION,PROJECT_SCREENING_ONLY,1885S Project Data code-stress section rule.
DEFAULT-USAGE-000366,DEFAULT-1885-MATERIAL-FAMILY,material.family,,,PE-000072,POS-072,40020,40030,SOURCE_VALUE_UNRESOLVED,3,fnv1a64:38bb39004140b6aa,MATERIAL_PROPERTIES|WEIGHT|STIFFNESS|STRESS,PROJECT_SCREENING_ONLY,1885S Project Data material-family screening rule.
DEFAULT-USAGE-000367,DEFAULT-1885-CS-E,material.elasticModulusPa,,Pa,PE-000072,POS-072,40020,40030,SOURCE_VALUE_UNRESOLVED,3,fnv1a64:38bb39004140b6aa,EA|EI|THERMAL_REACTION|P_DELTA,PROJECT_SCREENING_ONLY,1885S Project Data carbon-steel elastic modulus.
DEFAULT-USAGE-000368,DEFAULT-1885-CS-NU,material.poissonsRatio,,ratio,PE-000072,POS-072,40020,40030,SOURCE_VALUE_UNRESOLVED,3,fnv1a64:38bb39004140b6aa,SHEAR_MODULUS|TORSIONAL_STIFFNESS,PROJECT_SCREENING_ONLY,1885S Project Data carbon-steel Poisson ratio.
DEFAULT-USAGE-000369,DEFAULT-1885-CS-ALPHA,material.thermalExpansionPerC,,1/C,PE-000072,POS-072,40020,40030,SOURCE_VALUE_UNRESOLVED,3,fnv1a64:38bb39004140b6aa,THERMAL_STRAIN|THERMAL_DISPLACEMENT|THERMAL_REACTION,PROJECT_SCREENING_ONLY,1885S Project Data mean thermal-expansion coefficient for the screening state.
DEFAULT-USAGE-000370,DEFAULT-1885-CODE-WALL,section.codeStressWallRule,,,PE-000072,POS-072,40020,40030,SOURCE_VALUE_UNRESOLVED,3,fnv1a64:38bb39004140b6aa,CODE_STRESS_SECTION,PROJECT_SCREENING_ONLY,1885S Project Data code-stress section rule.
DEFAULT-USAGE-000371,DEFAULT-1885-MATERIAL-FAMILY,material.family,,,PE-000073,POS-073,40030,40040,SOURCE_VALUE_UNRESOLVED,3,fnv1a64:38bb39004140b6aa,MATERIAL_PROPERTIES|WEIGHT|STIFFNESS|STRESS,PROJECT_SCREENING_ONLY,1885S Project Data material-family screening rule.
DEFAULT-USAGE-000372,DEFAULT-1885-CS-E,material.elasticModulusPa,,Pa,PE-000073,POS-073,40030,40040,SOURCE_VALUE_UNRESOLVED,3,fnv1a64:38bb39004140b6aa,EA|EI|THERMAL_REACTION|P_DELTA,PROJECT_SCREENING_ONLY,1885S Project Data carbon-steel elastic modulus.
DEFAULT-USAGE-000373,DEFAULT-1885-CS-NU,material.poissonsRatio,,ratio,PE-000073,POS-073,40030,40040,SOURCE_VALUE_UNRESOLVED,3,fnv1a64:38bb39004140b6aa,SHEAR_MODULUS|TORSIONAL_STIFFNESS,PROJECT_SCREENING_ONLY,1885S Project Data carbon-steel Poisson ratio.
DEFAULT-USAGE-000374,DEFAULT-1885-CS-ALPHA,material.thermalExpansionPerC,,1/C,PE-000073,POS-073,40030,40040,SOURCE_VALUE_UNRESOLVED,3,fnv1a64:38bb39004140b6aa,THERMAL_STRAIN|THERMAL_DISPLACEMENT|THERMAL_REACTION,PROJECT_SCREENING_ONLY,1885S Project Data mean thermal-expansion coefficient for the screening state.
DEFAULT-USAGE-000375,DEFAULT-1885-CODE-WALL,section.codeStressWallRule,,,PE-000073,POS-073,40030,40040,SOURCE_VALUE_UNRESOLVED,3,fnv1a64:38bb39004140b6aa,CODE_STRESS_SECTION,PROJECT_SCREENING_ONLY,1885S Project Data code-stress section rule.
DEFAULT-USAGE-000376,DEFAULT-1885-MATERIAL-FAMILY,material.family,,,PE-000074,POS-074,40040,40050,SOURCE_VALUE_UNRESOLVED,3,fnv1a64:38bb39004140b6aa,MATERIAL_PROPERTIES|WEIGHT|STIFFNESS|STRESS,PROJECT_SCREENING_ONLY,1885S Project Data material-family screening rule.
DEFAULT-USAGE-000377,DEFAULT-1885-CS-E,material.elasticModulusPa,,Pa,PE-000074,POS-074,40040,40050,SOURCE_VALUE_UNRESOLVED,3,fnv1a64:38bb39004140b6aa,EA|EI|THERMAL_REACTION|P_DELTA,PROJECT_SCREENING_ONLY,1885S Project Data carbon-steel elastic modulus.
DEFAULT-USAGE-000378,DEFAULT-1885-CS-NU,material.poissonsRatio,,ratio,PE-000074,POS-074,40040,40050,SOURCE_VALUE_UNRESOLVED,3,fnv1a64:38bb39004140b6aa,SHEAR_MODULUS|TORSIONAL_STIFFNESS,PROJECT_SCREENING_ONLY,1885S Project Data carbon-steel Poisson ratio.
DEFAULT-USAGE-000379,DEFAULT-1885-CS-ALPHA,material.thermalExpansionPerC,,1/C,PE-000074,POS-074,40040,40050,SOURCE_VALUE_UNRESOLVED,3,fnv1a64:38bb39004140b6aa,THERMAL_STRAIN|THERMAL_DISPLACEMENT|THERMAL_REACTION,PROJECT_SCREENING_ONLY,1885S Project Data mean thermal-expansion coefficient for the screening state.
DEFAULT-USAGE-000380,DEFAULT-1885-CODE-WALL,section.codeStressWallRule,,,PE-000074,POS-074,40040,40050,SOURCE_VALUE_UNRESOLVED,3,fnv1a64:38bb39004140b6aa,CODE_STRESS_SECTION,PROJECT_SCREENING_ONLY,1885S Project Data code-stress section rule.
DEFAULT-USAGE-000381,DEFAULT-1885-MATERIAL-FAMILY,material.family,,,PE-000075,POS-075,40050,40010,SOURCE_VALUE_UNRESOLVED,3,fnv1a64:38bb39004140b6aa,MATERIAL_PROPERTIES|WEIGHT|STIFFNESS|STRESS,PROJECT_SCREENING_ONLY,1885S Project Data material-family screening rule.
DEFAULT-USAGE-000382,DEFAULT-1885-CS-E,material.elasticModulusPa,,Pa,PE-000075,POS-075,40050,40010,SOURCE_VALUE_UNRESOLVED,3,fnv1a64:38bb39004140b6aa,EA|EI|THERMAL_REACTION|P_DELTA,PROJECT_SCREENING_ONLY,1885S Project Data carbon-steel elastic modulus.
DEFAULT-USAGE-000383,DEFAULT-1885-CS-NU,material.poissonsRatio,,ratio,PE-000075,POS-075,40050,40010,SOURCE_VALUE_UNRESOLVED,3,fnv1a64:38bb39004140b6aa,SHEAR_MODULUS|TORSIONAL_STIFFNESS,PROJECT_SCREENING_ONLY,1885S Project Data carbon-steel Poisson ratio.
DEFAULT-USAGE-000384,DEFAULT-1885-CS-ALPHA,material.thermalExpansionPerC,,1/C,PE-000075,POS-075,40050,40010,SOURCE_VALUE_UNRESOLVED,3,fnv1a64:38bb39004140b6aa,THERMAL_STRAIN|THERMAL_DISPLACEMENT|THERMAL_REACTION,PROJECT_SCREENING_ONLY,1885S Project Data mean thermal-expansion coefficient for the screening state.
DEFAULT-USAGE-000385,DEFAULT-1885-CODE-WALL,section.codeStressWallRule,,,PE-000075,POS-075,40050,40010,SOURCE_VALUE_UNRESOLVED,3,fnv1a64:38bb39004140b6aa,CODE_STRESS_SECTION,PROJECT_SCREENING_ONLY,1885S Project Data code-stress section rule.
DEFAULT-USAGE-000386,DEFAULT-1885-MATERIAL-FAMILY,material.family,,,PE-000076,POS-076,40010,40060,SOURCE_VALUE_UNRESOLVED,3,fnv1a64:38bb39004140b6aa,MATERIAL_PROPERTIES|WEIGHT|STIFFNESS|STRESS,PROJECT_SCREENING_ONLY,1885S Project Data material-family screening rule.
DEFAULT-USAGE-000387,DEFAULT-1885-CS-E,material.elasticModulusPa,,Pa,PE-000076,POS-076,40010,40060,SOURCE_VALUE_UNRESOLVED,3,fnv1a64:38bb39004140b6aa,EA|EI|THERMAL_REACTION|P_DELTA,PROJECT_SCREENING_ONLY,1885S Project Data carbon-steel elastic modulus.
DEFAULT-USAGE-000388,DEFAULT-1885-CS-NU,material.poissonsRatio,,ratio,PE-000076,POS-076,40010,40060,SOURCE_VALUE_UNRESOLVED,3,fnv1a64:38bb39004140b6aa,SHEAR_MODULUS|TORSIONAL_STIFFNESS,PROJECT_SCREENING_ONLY,1885S Project Data carbon-steel Poisson ratio.
DEFAULT-USAGE-000389,DEFAULT-1885-CS-ALPHA,material.thermalExpansionPerC,,1/C,PE-000076,POS-076,40010,40060,SOURCE_VALUE_UNRESOLVED,3,fnv1a64:38bb39004140b6aa,THERMAL_STRAIN|THERMAL_DISPLACEMENT|THERMAL_REACTION,PROJECT_SCREENING_ONLY,1885S Project Data mean thermal-expansion coefficient for the screening state.
DEFAULT-USAGE-000390,DEFAULT-1885-CODE-WALL,section.codeStressWallRule,,,PE-000076,POS-076,40010,40060,SOURCE_VALUE_UNRESOLVED,3,fnv1a64:38bb39004140b6aa,CODE_STRESS_SECTION,PROJECT_SCREENING_ONLY,1885S Project Data code-stress section rule.
DEFAULT-USAGE-000391,DEFAULT-1885-MATERIAL-FAMILY,material.family,,,PE-000077,POS-077,40060,40070,SOURCE_VALUE_UNRESOLVED,3,fnv1a64:38bb39004140b6aa,MATERIAL_PROPERTIES|WEIGHT|STIFFNESS|STRESS,PROJECT_SCREENING_ONLY,1885S Project Data material-family screening rule.
DEFAULT-USAGE-000392,DEFAULT-1885-CS-E,material.elasticModulusPa,,Pa,PE-000077,POS-077,40060,40070,SOURCE_VALUE_UNRESOLVED,3,fnv1a64:38bb39004140b6aa,EA|EI|THERMAL_REACTION|P_DELTA,PROJECT_SCREENING_ONLY,1885S Project Data carbon-steel elastic modulus.
DEFAULT-USAGE-000393,DEFAULT-1885-CS-NU,material.poissonsRatio,,ratio,PE-000077,POS-077,40060,40070,SOURCE_VALUE_UNRESOLVED,3,fnv1a64:38bb39004140b6aa,SHEAR_MODULUS|TORSIONAL_STIFFNESS,PROJECT_SCREENING_ONLY,1885S Project Data carbon-steel Poisson ratio.
DEFAULT-USAGE-000394,DEFAULT-1885-CS-ALPHA,material.thermalExpansionPerC,,1/C,PE-000077,POS-077,40060,40070,SOURCE_VALUE_UNRESOLVED,3,fnv1a64:38bb39004140b6aa,THERMAL_STRAIN|THERMAL_DISPLACEMENT|THERMAL_REACTION,PROJECT_SCREENING_ONLY,1885S Project Data mean thermal-expansion coefficient for the screening state.
DEFAULT-USAGE-000395,DEFAULT-1885-CODE-WALL,section.codeStressWallRule,,,PE-000077,POS-077,40060,40070,SOURCE_VALUE_UNRESOLVED,3,fnv1a64:38bb39004140b6aa,CODE_STRESS_SECTION,PROJECT_SCREENING_ONLY,1885S Project Data code-stress section rule.
DEFAULT-USAGE-000396,DEFAULT-1885-MATERIAL-FAMILY,material.family,,,PE-000078,POS-078,40070,40080,SOURCE_VALUE_UNRESOLVED,3,fnv1a64:38bb39004140b6aa,MATERIAL_PROPERTIES|WEIGHT|STIFFNESS|STRESS,PROJECT_SCREENING_ONLY,1885S Project Data material-family screening rule.
DEFAULT-USAGE-000397,DEFAULT-1885-CS-E,material.elasticModulusPa,,Pa,PE-000078,POS-078,40070,40080,SOURCE_VALUE_UNRESOLVED,3,fnv1a64:38bb39004140b6aa,EA|EI|THERMAL_REACTION|P_DELTA,PROJECT_SCREENING_ONLY,1885S Project Data carbon-steel elastic modulus.
DEFAULT-USAGE-000398,DEFAULT-1885-CS-NU,material.poissonsRatio,,ratio,PE-000078,POS-078,40070,40080,SOURCE_VALUE_UNRESOLVED,3,fnv1a64:38bb39004140b6aa,SHEAR_MODULUS|TORSIONAL_STIFFNESS,PROJECT_SCREENING_ONLY,1885S Project Data carbon-steel Poisson ratio.
DEFAULT-USAGE-000399,DEFAULT-1885-CS-ALPHA,material.thermalExpansionPerC,,1/C,PE-000078,POS-078,40070,40080,SOURCE_VALUE_UNRESOLVED,3,fnv1a64:38bb39004140b6aa,THERMAL_STRAIN|THERMAL_DISPLACEMENT|THERMAL_REACTION,PROJECT_SCREENING_ONLY,1885S Project Data mean thermal-expansion coefficient for the screening state.
DEFAULT-USAGE-000400,DEFAULT-1885-CODE-WALL,section.codeStressWallRule,,,PE-000078,POS-078,40070,40080,SOURCE_VALUE_UNRESOLVED,3,fnv1a64:38bb39004140b6aa,CODE_STRESS_SECTION,PROJECT_SCREENING_ONLY,1885S Project Data code-stress section rule.
DEFAULT-USAGE-000401,DEFAULT-1885-MATERIAL-FAMILY,material.family,,,PE-000079,POS-079,40080,40090,SOURCE_VALUE_UNRESOLVED,3,fnv1a64:38bb39004140b6aa,MATERIAL_PROPERTIES|WEIGHT|STIFFNESS|STRESS,PROJECT_SCREENING_ONLY,1885S Project Data material-family screening rule.
DEFAULT-USAGE-000402,DEFAULT-1885-CS-E,material.elasticModulusPa,,Pa,PE-000079,POS-079,40080,40090,SOURCE_VALUE_UNRESOLVED,3,fnv1a64:38bb39004140b6aa,EA|EI|THERMAL_REACTION|P_DELTA,PROJECT_SCREENING_ONLY,1885S Project Data carbon-steel elastic modulus.
DEFAULT-USAGE-000403,DEFAULT-1885-CS-NU,material.poissonsRatio,,ratio,PE-000079,POS-079,40080,40090,SOURCE_VALUE_UNRESOLVED,3,fnv1a64:38bb39004140b6aa,SHEAR_MODULUS|TORSIONAL_STIFFNESS,PROJECT_SCREENING_ONLY,1885S Project Data carbon-steel Poisson ratio.
DEFAULT-USAGE-000404,DEFAULT-1885-CS-ALPHA,material.thermalExpansionPerC,,1/C,PE-000079,POS-079,40080,40090,SOURCE_VALUE_UNRESOLVED,3,fnv1a64:38bb39004140b6aa,THERMAL_STRAIN|THERMAL_DISPLACEMENT|THERMAL_REACTION,PROJECT_SCREENING_ONLY,1885S Project Data mean thermal-expansion coefficient for the screening state.
DEFAULT-USAGE-000405,DEFAULT-1885-CODE-WALL,section.codeStressWallRule,,,PE-000079,POS-079,40080,40090,SOURCE_VALUE_UNRESOLVED,3,fnv1a64:38bb39004140b6aa,CODE_STRESS_SECTION,PROJECT_SCREENING_ONLY,1885S Project Data code-stress section rule.
DEFAULT-USAGE-000406,DEFAULT-1885-MATERIAL-FAMILY,material.family,,,PE-000080,POS-080,40090,40100,SOURCE_VALUE_UNRESOLVED,3,fnv1a64:38bb39004140b6aa,MATERIAL_PROPERTIES|WEIGHT|STIFFNESS|STRESS,PROJECT_SCREENING_ONLY,1885S Project Data material-family screening rule.
DEFAULT-USAGE-000407,DEFAULT-1885-CS-E,material.elasticModulusPa,,Pa,PE-000080,POS-080,40090,40100,SOURCE_VALUE_UNRESOLVED,3,fnv1a64:38bb39004140b6aa,EA|EI|THERMAL_REACTION|P_DELTA,PROJECT_SCREENING_ONLY,1885S Project Data carbon-steel elastic modulus.
DEFAULT-USAGE-000408,DEFAULT-1885-CS-NU,material.poissonsRatio,,ratio,PE-000080,POS-080,40090,40100,SOURCE_VALUE_UNRESOLVED,3,fnv1a64:38bb39004140b6aa,SHEAR_MODULUS|TORSIONAL_STIFFNESS,PROJECT_SCREENING_ONLY,1885S Project Data carbon-steel Poisson ratio.
DEFAULT-USAGE-000409,DEFAULT-1885-CS-ALPHA,material.thermalExpansionPerC,,1/C,PE-000080,POS-080,40090,40100,SOURCE_VALUE_UNRESOLVED,3,fnv1a64:38bb39004140b6aa,THERMAL_STRAIN|THERMAL_DISPLACEMENT|THERMAL_REACTION,PROJECT_SCREENING_ONLY,1885S Project Data mean thermal-expansion coefficient for the screening state.
DEFAULT-USAGE-000410,DEFAULT-1885-CODE-WALL,section.codeStressWallRule,,,PE-000080,POS-080,40090,40100,SOURCE_VALUE_UNRESOLVED,3,fnv1a64:38bb39004140b6aa,CODE_STRESS_SECTION,PROJECT_SCREENING_ONLY,1885S Project Data code-stress section rule.
DEFAULT-USAGE-000411,DEFAULT-1885-MATERIAL-FAMILY,material.family,,,PE-000081,POS-081,40100,40110,SOURCE_VALUE_UNRESOLVED,3,fnv1a64:38bb39004140b6aa,MATERIAL_PROPERTIES|WEIGHT|STIFFNESS|STRESS,PROJECT_SCREENING_ONLY,1885S Project Data material-family screening rule.
DEFAULT-USAGE-000412,DEFAULT-1885-CS-E,material.elasticModulusPa,,Pa,PE-000081,POS-081,40100,40110,SOURCE_VALUE_UNRESOLVED,3,fnv1a64:38bb39004140b6aa,EA|EI|THERMAL_REACTION|P_DELTA,PROJECT_SCREENING_ONLY,1885S Project Data carbon-steel elastic modulus.
DEFAULT-USAGE-000413,DEFAULT-1885-CS-NU,material.poissonsRatio,,ratio,PE-000081,POS-081,40100,40110,SOURCE_VALUE_UNRESOLVED,3,fnv1a64:38bb39004140b6aa,SHEAR_MODULUS|TORSIONAL_STIFFNESS,PROJECT_SCREENING_ONLY,1885S Project Data carbon-steel Poisson ratio.
DEFAULT-USAGE-000414,DEFAULT-1885-CS-ALPHA,material.thermalExpansionPerC,,1/C,PE-000081,POS-081,40100,40110,SOURCE_VALUE_UNRESOLVED,3,fnv1a64:38bb39004140b6aa,THERMAL_STRAIN|THERMAL_DISPLACEMENT|THERMAL_REACTION,PROJECT_SCREENING_ONLY,1885S Project Data mean thermal-expansion coefficient for the screening state.
DEFAULT-USAGE-000415,DEFAULT-1885-CODE-WALL,section.codeStressWallRule,,,PE-000081,POS-081,40100,40110,SOURCE_VALUE_UNRESOLVED,3,fnv1a64:38bb39004140b6aa,CODE_STRESS_SECTION,PROJECT_SCREENING_ONLY,1885S Project Data code-stress section rule.
DEFAULT-USAGE-000416,DEFAULT-1885-MATERIAL-FAMILY,material.family,,,PE-000082,POS-082,40110,40120,SOURCE_VALUE_UNRESOLVED,3,fnv1a64:38bb39004140b6aa,MATERIAL_PROPERTIES|WEIGHT|STIFFNESS|STRESS,PROJECT_SCREENING_ONLY,1885S Project Data material-family screening rule.
DEFAULT-USAGE-000417,DEFAULT-1885-CS-E,material.elasticModulusPa,,Pa,PE-000082,POS-082,40110,40120,SOURCE_VALUE_UNRESOLVED,3,fnv1a64:38bb39004140b6aa,EA|EI|THERMAL_REACTION|P_DELTA,PROJECT_SCREENING_ONLY,1885S Project Data carbon-steel elastic modulus.
DEFAULT-USAGE-000418,DEFAULT-1885-CS-NU,material.poissonsRatio,,ratio,PE-000082,POS-082,40110,40120,SOURCE_VALUE_UNRESOLVED,3,fnv1a64:38bb39004140b6aa,SHEAR_MODULUS|TORSIONAL_STIFFNESS,PROJECT_SCREENING_ONLY,1885S Project Data carbon-steel Poisson ratio.
DEFAULT-USAGE-000419,DEFAULT-1885-CS-ALPHA,material.thermalExpansionPerC,,1/C,PE-000082,POS-082,40110,40120,SOURCE_VALUE_UNRESOLVED,3,fnv1a64:38bb39004140b6aa,THERMAL_STRAIN|THERMAL_DISPLACEMENT|THERMAL_REACTION,PROJECT_SCREENING_ONLY,1885S Project Data mean thermal-expansion coefficient for the screening state.
DEFAULT-USAGE-000420,DEFAULT-1885-CODE-WALL,section.codeStressWallRule,,,PE-000082,POS-082,40110,40120,SOURCE_VALUE_UNRESOLVED,3,fnv1a64:38bb39004140b6aa,CODE_STRESS_SECTION,PROJECT_SCREENING_ONLY,1885S Project Data code-stress section rule.
DEFAULT-USAGE-000421,DEFAULT-1885-MATERIAL-FAMILY,material.family,,,PE-000083,POS-083,40120,40130,SOURCE_VALUE_UNRESOLVED,3,fnv1a64:38bb39004140b6aa,MATERIAL_PROPERTIES|WEIGHT|STIFFNESS|STRESS,PROJECT_SCREENING_ONLY,1885S Project Data material-family screening rule.
DEFAULT-USAGE-000422,DEFAULT-1885-CS-E,material.elasticModulusPa,,Pa,PE-000083,POS-083,40120,40130,SOURCE_VALUE_UNRESOLVED,3,fnv1a64:38bb39004140b6aa,EA|EI|THERMAL_REACTION|P_DELTA,PROJECT_SCREENING_ONLY,1885S Project Data carbon-steel elastic modulus.
DEFAULT-USAGE-000423,DEFAULT-1885-CS-NU,material.poissonsRatio,,ratio,PE-000083,POS-083,40120,40130,SOURCE_VALUE_UNRESOLVED,3,fnv1a64:38bb39004140b6aa,SHEAR_MODULUS|TORSIONAL_STIFFNESS,PROJECT_SCREENING_ONLY,1885S Project Data carbon-steel Poisson ratio.
DEFAULT-USAGE-000424,DEFAULT-1885-CS-ALPHA,material.thermalExpansionPerC,,1/C,PE-000083,POS-083,40120,40130,SOURCE_VALUE_UNRESOLVED,3,fnv1a64:38bb39004140b6aa,THERMAL_STRAIN|THERMAL_DISPLACEMENT|THERMAL_REACTION,PROJECT_SCREENING_ONLY,1885S Project Data mean thermal-expansion coefficient for the screening state.
DEFAULT-USAGE-000425,DEFAULT-1885-CODE-WALL,section.codeStressWallRule,,,PE-000083,POS-083,40120,40130,SOURCE_VALUE_UNRESOLVED,3,fnv1a64:38bb39004140b6aa,CODE_STRESS_SECTION,PROJECT_SCREENING_ONLY,1885S Project Data code-stress section rule.
DEFAULT-USAGE-000426,DEFAULT-1885-MATERIAL-FAMILY,material.family,,,PE-000084,POS-084,40130,40140,SOURCE_VALUE_UNRESOLVED,3,fnv1a64:38bb39004140b6aa,MATERIAL_PROPERTIES|WEIGHT|STIFFNESS|STRESS,PROJECT_SCREENING_ONLY,1885S Project Data material-family screening rule.
DEFAULT-USAGE-000427,DEFAULT-1885-CS-E,material.elasticModulusPa,,Pa,PE-000084,POS-084,40130,40140,SOURCE_VALUE_UNRESOLVED,3,fnv1a64:38bb39004140b6aa,EA|EI|THERMAL_REACTION|P_DELTA,PROJECT_SCREENING_ONLY,1885S Project Data carbon-steel elastic modulus.
DEFAULT-USAGE-000428,DEFAULT-1885-CS-NU,material.poissonsRatio,,ratio,PE-000084,POS-084,40130,40140,SOURCE_VALUE_UNRESOLVED,3,fnv1a64:38bb39004140b6aa,SHEAR_MODULUS|TORSIONAL_STIFFNESS,PROJECT_SCREENING_ONLY,1885S Project Data carbon-steel Poisson ratio.
DEFAULT-USAGE-000429,DEFAULT-1885-CS-ALPHA,material.thermalExpansionPerC,,1/C,PE-000084,POS-084,40130,40140,SOURCE_VALUE_UNRESOLVED,3,fnv1a64:38bb39004140b6aa,THERMAL_STRAIN|THERMAL_DISPLACEMENT|THERMAL_REACTION,PROJECT_SCREENING_ONLY,1885S Project Data mean thermal-expansion coefficient for the screening state.
DEFAULT-USAGE-000430,DEFAULT-1885-CODE-WALL,section.codeStressWallRule,,,PE-000084,POS-084,40130,40140,SOURCE_VALUE_UNRESOLVED,3,fnv1a64:38bb39004140b6aa,CODE_STRESS_SECTION,PROJECT_SCREENING_ONLY,1885S Project Data code-stress section rule.
DEFAULT-USAGE-000431,DEFAULT-1885-MATERIAL-FAMILY,material.family,,,PE-000085,POS-085,40140,40150,SOURCE_VALUE_UNRESOLVED,3,fnv1a64:38bb39004140b6aa,MATERIAL_PROPERTIES|WEIGHT|STIFFNESS|STRESS,PROJECT_SCREENING_ONLY,1885S Project Data material-family screening rule.
DEFAULT-USAGE-000432,DEFAULT-1885-CS-E,material.elasticModulusPa,,Pa,PE-000085,POS-085,40140,40150,SOURCE_VALUE_UNRESOLVED,3,fnv1a64:38bb39004140b6aa,EA|EI|THERMAL_REACTION|P_DELTA,PROJECT_SCREENING_ONLY,1885S Project Data carbon-steel elastic modulus.
DEFAULT-USAGE-000433,DEFAULT-1885-CS-NU,material.poissonsRatio,,ratio,PE-000085,POS-085,40140,40150,SOURCE_VALUE_UNRESOLVED,3,fnv1a64:38bb39004140b6aa,SHEAR_MODULUS|TORSIONAL_STIFFNESS,PROJECT_SCREENING_ONLY,1885S Project Data carbon-steel Poisson ratio.
DEFAULT-USAGE-000434,DEFAULT-1885-CS-ALPHA,material.thermalExpansionPerC,,1/C,PE-000085,POS-085,40140,40150,SOURCE_VALUE_UNRESOLVED,3,fnv1a64:38bb39004140b6aa,THERMAL_STRAIN|THERMAL_DISPLACEMENT|THERMAL_REACTION,PROJECT_SCREENING_ONLY,1885S Project Data mean thermal-expansion coefficient for the screening state.
DEFAULT-USAGE-000435,DEFAULT-1885-CODE-WALL,section.codeStressWallRule,,,PE-000085,POS-085,40140,40150,SOURCE_VALUE_UNRESOLVED,3,fnv1a64:38bb39004140b6aa,CODE_STRESS_SECTION,PROJECT_SCREENING_ONLY,1885S Project Data code-stress section rule.
DEFAULT-USAGE-000436,DEFAULT-1885-MATERIAL-FAMILY,material.family,,,PE-000086,POS-086,40150,40160,SOURCE_VALUE_UNRESOLVED,3,fnv1a64:38bb39004140b6aa,MATERIAL_PROPERTIES|WEIGHT|STIFFNESS|STRESS,PROJECT_SCREENING_ONLY,1885S Project Data material-family screening rule.
DEFAULT-USAGE-000437,DEFAULT-1885-CS-E,material.elasticModulusPa,,Pa,PE-000086,POS-086,40150,40160,SOURCE_VALUE_UNRESOLVED,3,fnv1a64:38bb39004140b6aa,EA|EI|THERMAL_REACTION|P_DELTA,PROJECT_SCREENING_ONLY,1885S Project Data carbon-steel elastic modulus.
DEFAULT-USAGE-000438,DEFAULT-1885-CS-NU,material.poissonsRatio,,ratio,PE-000086,POS-086,40150,40160,SOURCE_VALUE_UNRESOLVED,3,fnv1a64:38bb39004140b6aa,SHEAR_MODULUS|TORSIONAL_STIFFNESS,PROJECT_SCREENING_ONLY,1885S Project Data carbon-steel Poisson ratio.
DEFAULT-USAGE-000439,DEFAULT-1885-CS-ALPHA,material.thermalExpansionPerC,,1/C,PE-000086,POS-086,40150,40160,SOURCE_VALUE_UNRESOLVED,3,fnv1a64:38bb39004140b6aa,THERMAL_STRAIN|THERMAL_DISPLACEMENT|THERMAL_REACTION,PROJECT_SCREENING_ONLY,1885S Project Data mean thermal-expansion coefficient for the screening state.
DEFAULT-USAGE-000440,DEFAULT-1885-CODE-WALL,section.codeStressWallRule,,,PE-000086,POS-086,40150,40160,SOURCE_VALUE_UNRESOLVED,3,fnv1a64:38bb39004140b6aa,CODE_STRESS_SECTION,PROJECT_SCREENING_ONLY,1885S Project Data code-stress section rule.
DEFAULT-USAGE-000441,DEFAULT-1885-MATERIAL-FAMILY,material.family,,,PE-000087,POS-087,40160,40170,SOURCE_VALUE_UNRESOLVED,3,fnv1a64:38bb39004140b6aa,MATERIAL_PROPERTIES|WEIGHT|STIFFNESS|STRESS,PROJECT_SCREENING_ONLY,1885S Project Data material-family screening rule.
DEFAULT-USAGE-000442,DEFAULT-1885-CS-E,material.elasticModulusPa,,Pa,PE-000087,POS-087,40160,40170,SOURCE_VALUE_UNRESOLVED,3,fnv1a64:38bb39004140b6aa,EA|EI|THERMAL_REACTION|P_DELTA,PROJECT_SCREENING_ONLY,1885S Project Data carbon-steel elastic modulus.
DEFAULT-USAGE-000443,DEFAULT-1885-CS-NU,material.poissonsRatio,,ratio,PE-000087,POS-087,40160,40170,SOURCE_VALUE_UNRESOLVED,3,fnv1a64:38bb39004140b6aa,SHEAR_MODULUS|TORSIONAL_STIFFNESS,PROJECT_SCREENING_ONLY,1885S Project Data carbon-steel Poisson ratio.
DEFAULT-USAGE-000444,DEFAULT-1885-CS-ALPHA,material.thermalExpansionPerC,,1/C,PE-000087,POS-087,40160,40170,SOURCE_VALUE_UNRESOLVED,3,fnv1a64:38bb39004140b6aa,THERMAL_STRAIN|THERMAL_DISPLACEMENT|THERMAL_REACTION,PROJECT_SCREENING_ONLY,1885S Project Data mean thermal-expansion coefficient for the screening state.
DEFAULT-USAGE-000445,DEFAULT-1885-CODE-WALL,section.codeStressWallRule,,,PE-000087,POS-087,40160,40170,SOURCE_VALUE_UNRESOLVED,3,fnv1a64:38bb39004140b6aa,CODE_STRESS_SECTION,PROJECT_SCREENING_ONLY,1885S Project Data code-stress section rule.
DEFAULT-USAGE-000446,DEFAULT-1885-MATERIAL-FAMILY,material.family,,,PE-000088,POS-088,40170,10010,SOURCE_VALUE_UNRESOLVED,3,fnv1a64:38bb39004140b6aa,MATERIAL_PROPERTIES|WEIGHT|STIFFNESS|STRESS,PROJECT_SCREENING_ONLY,1885S Project Data material-family screening rule.
DEFAULT-USAGE-000447,DEFAULT-1885-CS-E,material.elasticModulusPa,,Pa,PE-000088,POS-088,40170,10010,SOURCE_VALUE_UNRESOLVED,3,fnv1a64:38bb39004140b6aa,EA|EI|THERMAL_REACTION|P_DELTA,PROJECT_SCREENING_ONLY,1885S Project Data carbon-steel elastic modulus.
DEFAULT-USAGE-000448,DEFAULT-1885-CS-NU,material.poissonsRatio,,ratio,PE-000088,POS-088,40170,10010,SOURCE_VALUE_UNRESOLVED,3,fnv1a64:38bb39004140b6aa,SHEAR_MODULUS|TORSIONAL_STIFFNESS,PROJECT_SCREENING_ONLY,1885S Project Data carbon-steel Poisson ratio.
DEFAULT-USAGE-000449,DEFAULT-1885-CS-ALPHA,material.thermalExpansionPerC,,1/C,PE-000088,POS-088,40170,10010,SOURCE_VALUE_UNRESOLVED,3,fnv1a64:38bb39004140b6aa,THERMAL_STRAIN|THERMAL_DISPLACEMENT|THERMAL_REACTION,PROJECT_SCREENING_ONLY,1885S Project Data mean thermal-expansion coefficient for the screening state.
DEFAULT-USAGE-000450,DEFAULT-1885-CODE-WALL,section.codeStressWallRule,,,PE-000088,POS-088,40170,10010,SOURCE_VALUE_UNRESOLVED,3,fnv1a64:38bb39004140b6aa,CODE_STRESS_SECTION,PROJECT_SCREENING_ONLY,1885S Project Data code-stress section rule.
DEFAULT-USAGE-000451,DEFAULT-1885-MATERIAL-FAMILY,material.family,,,PE-000089,POS-089,10460,50010,SOURCE_VALUE_UNRESOLVED,3,fnv1a64:38bb39004140b6aa,MATERIAL_PROPERTIES|WEIGHT|STIFFNESS|STRESS,PROJECT_SCREENING_ONLY,1885S Project Data material-family screening rule.
DEFAULT-USAGE-000452,DEFAULT-1885-CS-E,material.elasticModulusPa,,Pa,PE-000089,POS-089,10460,50010,SOURCE_VALUE_UNRESOLVED,3,fnv1a64:38bb39004140b6aa,EA|EI|THERMAL_REACTION|P_DELTA,PROJECT_SCREENING_ONLY,1885S Project Data carbon-steel elastic modulus.
DEFAULT-USAGE-000453,DEFAULT-1885-CS-NU,material.poissonsRatio,,ratio,PE-000089,POS-089,10460,50010,SOURCE_VALUE_UNRESOLVED,3,fnv1a64:38bb39004140b6aa,SHEAR_MODULUS|TORSIONAL_STIFFNESS,PROJECT_SCREENING_ONLY,1885S Project Data carbon-steel Poisson ratio.
DEFAULT-USAGE-000454,DEFAULT-1885-CS-ALPHA,material.thermalExpansionPerC,,1/C,PE-000089,POS-089,10460,50010,SOURCE_VALUE_UNRESOLVED,3,fnv1a64:38bb39004140b6aa,THERMAL_STRAIN|THERMAL_DISPLACEMENT|THERMAL_REACTION,PROJECT_SCREENING_ONLY,1885S Project Data mean thermal-expansion coefficient for the screening state.
DEFAULT-USAGE-000455,DEFAULT-1885-CODE-WALL,section.codeStressWallRule,,,PE-000089,POS-089,10460,50010,SOURCE_VALUE_UNRESOLVED,3,fnv1a64:38bb39004140b6aa,CODE_STRESS_SECTION,PROJECT_SCREENING_ONLY,1885S Project Data code-stress section rule.
DEFAULT-USAGE-000456,DEFAULT-1885-MATERIAL-FAMILY,material.family,,,PE-000090,POS-090,50010,50020,SOURCE_VALUE_UNRESOLVED,3,fnv1a64:38bb39004140b6aa,MATERIAL_PROPERTIES|WEIGHT|STIFFNESS|STRESS,PROJECT_SCREENING_ONLY,1885S Project Data material-family screening rule.
DEFAULT-USAGE-000457,DEFAULT-1885-CS-E,material.elasticModulusPa,,Pa,PE-000090,POS-090,50010,50020,SOURCE_VALUE_UNRESOLVED,3,fnv1a64:38bb39004140b6aa,EA|EI|THERMAL_REACTION|P_DELTA,PROJECT_SCREENING_ONLY,1885S Project Data carbon-steel elastic modulus.
DEFAULT-USAGE-000458,DEFAULT-1885-CS-NU,material.poissonsRatio,,ratio,PE-000090,POS-090,50010,50020,SOURCE_VALUE_UNRESOLVED,3,fnv1a64:38bb39004140b6aa,SHEAR_MODULUS|TORSIONAL_STIFFNESS,PROJECT_SCREENING_ONLY,1885S Project Data carbon-steel Poisson ratio.
DEFAULT-USAGE-000459,DEFAULT-1885-CS-ALPHA,material.thermalExpansionPerC,,1/C,PE-000090,POS-090,50010,50020,SOURCE_VALUE_UNRESOLVED,3,fnv1a64:38bb39004140b6aa,THERMAL_STRAIN|THERMAL_DISPLACEMENT|THERMAL_REACTION,PROJECT_SCREENING_ONLY,1885S Project Data mean thermal-expansion coefficient for the screening state.
DEFAULT-USAGE-000460,DEFAULT-1885-CODE-WALL,section.codeStressWallRule,,,PE-000090,POS-090,50010,50020,SOURCE_VALUE_UNRESOLVED,3,fnv1a64:38bb39004140b6aa,CODE_STRESS_SECTION,PROJECT_SCREENING_ONLY,1885S Project Data code-stress section rule.
DEFAULT-USAGE-000461,DEFAULT-1885-MATERIAL-FAMILY,material.family,,,PE-000091,POS-091,50020,50040,SOURCE_VALUE_UNRESOLVED,3,fnv1a64:38bb39004140b6aa,MATERIAL_PROPERTIES|WEIGHT|STIFFNESS|STRESS,PROJECT_SCREENING_ONLY,1885S Project Data material-family screening rule.
DEFAULT-USAGE-000462,DEFAULT-1885-CS-E,material.elasticModulusPa,,Pa,PE-000091,POS-091,50020,50040,SOURCE_VALUE_UNRESOLVED,3,fnv1a64:38bb39004140b6aa,EA|EI|THERMAL_REACTION|P_DELTA,PROJECT_SCREENING_ONLY,1885S Project Data carbon-steel elastic modulus.
DEFAULT-USAGE-000463,DEFAULT-1885-CS-NU,material.poissonsRatio,,ratio,PE-000091,POS-091,50020,50040,SOURCE_VALUE_UNRESOLVED,3,fnv1a64:38bb39004140b6aa,SHEAR_MODULUS|TORSIONAL_STIFFNESS,PROJECT_SCREENING_ONLY,1885S Project Data carbon-steel Poisson ratio.
DEFAULT-USAGE-000464,DEFAULT-1885-CS-ALPHA,material.thermalExpansionPerC,,1/C,PE-000091,POS-091,50020,50040,SOURCE_VALUE_UNRESOLVED,3,fnv1a64:38bb39004140b6aa,THERMAL_STRAIN|THERMAL_DISPLACEMENT|THERMAL_REACTION,PROJECT_SCREENING_ONLY,1885S Project Data mean thermal-expansion coefficient for the screening state.
DEFAULT-USAGE-000465,DEFAULT-1885-CODE-WALL,section.codeStressWallRule,,,PE-000091,POS-091,50020,50040,SOURCE_VALUE_UNRESOLVED,3,fnv1a64:38bb39004140b6aa,CODE_STRESS_SECTION,PROJECT_SCREENING_ONLY,1885S Project Data code-stress section rule.
DEFAULT-USAGE-000466,DEFAULT-1885-MATERIAL-FAMILY,material.family,,,PE-000092,POS-092,50040,50030,SOURCE_VALUE_UNRESOLVED,3,fnv1a64:38bb39004140b6aa,MATERIAL_PROPERTIES|WEIGHT|STIFFNESS|STRESS,PROJECT_SCREENING_ONLY,1885S Project Data material-family screening rule.
DEFAULT-USAGE-000467,DEFAULT-1885-CS-E,material.elasticModulusPa,,Pa,PE-000092,POS-092,50040,50030,SOURCE_VALUE_UNRESOLVED,3,fnv1a64:38bb39004140b6aa,EA|EI|THERMAL_REACTION|P_DELTA,PROJECT_SCREENING_ONLY,1885S Project Data carbon-steel elastic modulus.
DEFAULT-USAGE-000468,DEFAULT-1885-CS-NU,material.poissonsRatio,,ratio,PE-000092,POS-092,50040,50030,SOURCE_VALUE_UNRESOLVED,3,fnv1a64:38bb39004140b6aa,SHEAR_MODULUS|TORSIONAL_STIFFNESS,PROJECT_SCREENING_ONLY,1885S Project Data carbon-steel Poisson ratio.
DEFAULT-USAGE-000469,DEFAULT-1885-CS-ALPHA,material.thermalExpansionPerC,,1/C,PE-000092,POS-092,50040,50030,SOURCE_VALUE_UNRESOLVED,3,fnv1a64:38bb39004140b6aa,THERMAL_STRAIN|THERMAL_DISPLACEMENT|THERMAL_REACTION,PROJECT_SCREENING_ONLY,1885S Project Data mean thermal-expansion coefficient for the screening state.
DEFAULT-USAGE-000470,DEFAULT-1885-CODE-WALL,section.codeStressWallRule,,,PE-000092,POS-092,50040,50030,SOURCE_VALUE_UNRESOLVED,3,fnv1a64:38bb39004140b6aa,CODE_STRESS_SECTION,PROJECT_SCREENING_ONLY,1885S Project Data code-stress section rule.
DEFAULT-USAGE-000471,DEFAULT-1885-MATERIAL-FAMILY,material.family,,,PE-000093,POS-093,50030,50050,SOURCE_VALUE_UNRESOLVED,3,fnv1a64:38bb39004140b6aa,MATERIAL_PROPERTIES|WEIGHT|STIFFNESS|STRESS,PROJECT_SCREENING_ONLY,1885S Project Data material-family screening rule.
DEFAULT-USAGE-000472,DEFAULT-1885-CS-E,material.elasticModulusPa,,Pa,PE-000093,POS-093,50030,50050,SOURCE_VALUE_UNRESOLVED,3,fnv1a64:38bb39004140b6aa,EA|EI|THERMAL_REACTION|P_DELTA,PROJECT_SCREENING_ONLY,1885S Project Data carbon-steel elastic modulus.
DEFAULT-USAGE-000473,DEFAULT-1885-CS-NU,material.poissonsRatio,,ratio,PE-000093,POS-093,50030,50050,SOURCE_VALUE_UNRESOLVED,3,fnv1a64:38bb39004140b6aa,SHEAR_MODULUS|TORSIONAL_STIFFNESS,PROJECT_SCREENING_ONLY,1885S Project Data carbon-steel Poisson ratio.
DEFAULT-USAGE-000474,DEFAULT-1885-CS-ALPHA,material.thermalExpansionPerC,,1/C,PE-000093,POS-093,50030,50050,SOURCE_VALUE_UNRESOLVED,3,fnv1a64:38bb39004140b6aa,THERMAL_STRAIN|THERMAL_DISPLACEMENT|THERMAL_REACTION,PROJECT_SCREENING_ONLY,1885S Project Data mean thermal-expansion coefficient for the screening state.
DEFAULT-USAGE-000475,DEFAULT-1885-CODE-WALL,section.codeStressWallRule,,,PE-000093,POS-093,50030,50050,SOURCE_VALUE_UNRESOLVED,3,fnv1a64:38bb39004140b6aa,CODE_STRESS_SECTION,PROJECT_SCREENING_ONLY,1885S Project Data code-stress section rule.
DEFAULT-USAGE-000476,DEFAULT-1885-MATERIAL-FAMILY,material.family,,,PE-000094,POS-094,50050,50060,SOURCE_VALUE_UNRESOLVED,3,fnv1a64:38bb39004140b6aa,MATERIAL_PROPERTIES|WEIGHT|STIFFNESS|STRESS,PROJECT_SCREENING_ONLY,1885S Project Data material-family screening rule.
DEFAULT-USAGE-000477,DEFAULT-1885-CS-E,material.elasticModulusPa,,Pa,PE-000094,POS-094,50050,50060,SOURCE_VALUE_UNRESOLVED,3,fnv1a64:38bb39004140b6aa,EA|EI|THERMAL_REACTION|P_DELTA,PROJECT_SCREENING_ONLY,1885S Project Data carbon-steel elastic modulus.
DEFAULT-USAGE-000478,DEFAULT-1885-CS-NU,material.poissonsRatio,,ratio,PE-000094,POS-094,50050,50060,SOURCE_VALUE_UNRESOLVED,3,fnv1a64:38bb39004140b6aa,SHEAR_MODULUS|TORSIONAL_STIFFNESS,PROJECT_SCREENING_ONLY,1885S Project Data carbon-steel Poisson ratio.
DEFAULT-USAGE-000479,DEFAULT-1885-CS-ALPHA,material.thermalExpansionPerC,,1/C,PE-000094,POS-094,50050,50060,SOURCE_VALUE_UNRESOLVED,3,fnv1a64:38bb39004140b6aa,THERMAL_STRAIN|THERMAL_DISPLACEMENT|THERMAL_REACTION,PROJECT_SCREENING_ONLY,1885S Project Data mean thermal-expansion coefficient for the screening state.
DEFAULT-USAGE-000480,DEFAULT-1885-CODE-WALL,section.codeStressWallRule,,,PE-000094,POS-094,50050,50060,SOURCE_VALUE_UNRESOLVED,3,fnv1a64:38bb39004140b6aa,CODE_STRESS_SECTION,PROJECT_SCREENING_ONLY,1885S Project Data code-stress section rule.
DEFAULT-USAGE-000481,DEFAULT-1885-MATERIAL-FAMILY,material.family,,,PE-000095,POS-095,50060,50070,SOURCE_VALUE_UNRESOLVED,3,fnv1a64:38bb39004140b6aa,MATERIAL_PROPERTIES|WEIGHT|STIFFNESS|STRESS,PROJECT_SCREENING_ONLY,1885S Project Data material-family screening rule.
DEFAULT-USAGE-000482,DEFAULT-1885-CS-E,material.elasticModulusPa,,Pa,PE-000095,POS-095,50060,50070,SOURCE_VALUE_UNRESOLVED,3,fnv1a64:38bb39004140b6aa,EA|EI|THERMAL_REACTION|P_DELTA,PROJECT_SCREENING_ONLY,1885S Project Data carbon-steel elastic modulus.
DEFAULT-USAGE-000483,DEFAULT-1885-CS-NU,material.poissonsRatio,,ratio,PE-000095,POS-095,50060,50070,SOURCE_VALUE_UNRESOLVED,3,fnv1a64:38bb39004140b6aa,SHEAR_MODULUS|TORSIONAL_STIFFNESS,PROJECT_SCREENING_ONLY,1885S Project Data carbon-steel Poisson ratio.
DEFAULT-USAGE-000484,DEFAULT-1885-CS-ALPHA,material.thermalExpansionPerC,,1/C,PE-000095,POS-095,50060,50070,SOURCE_VALUE_UNRESOLVED,3,fnv1a64:38bb39004140b6aa,THERMAL_STRAIN|THERMAL_DISPLACEMENT|THERMAL_REACTION,PROJECT_SCREENING_ONLY,1885S Project Data mean thermal-expansion coefficient for the screening state.
DEFAULT-USAGE-000485,DEFAULT-1885-CODE-WALL,section.codeStressWallRule,,,PE-000095,POS-095,50060,50070,SOURCE_VALUE_UNRESOLVED,3,fnv1a64:38bb39004140b6aa,CODE_STRESS_SECTION,PROJECT_SCREENING_ONLY,1885S Project Data code-stress section rule.
DEFAULT-USAGE-000486,DEFAULT-1885-MATERIAL-FAMILY,material.family,,,PE-000096,POS-096,50070,50080,SOURCE_VALUE_UNRESOLVED,3,fnv1a64:38bb39004140b6aa,MATERIAL_PROPERTIES|WEIGHT|STIFFNESS|STRESS,PROJECT_SCREENING_ONLY,1885S Project Data material-family screening rule.
DEFAULT-USAGE-000487,DEFAULT-1885-CS-E,material.elasticModulusPa,,Pa,PE-000096,POS-096,50070,50080,SOURCE_VALUE_UNRESOLVED,3,fnv1a64:38bb39004140b6aa,EA|EI|THERMAL_REACTION|P_DELTA,PROJECT_SCREENING_ONLY,1885S Project Data carbon-steel elastic modulus.
DEFAULT-USAGE-000488,DEFAULT-1885-CS-NU,material.poissonsRatio,,ratio,PE-000096,POS-096,50070,50080,SOURCE_VALUE_UNRESOLVED,3,fnv1a64:38bb39004140b6aa,SHEAR_MODULUS|TORSIONAL_STIFFNESS,PROJECT_SCREENING_ONLY,1885S Project Data carbon-steel Poisson ratio.
DEFAULT-USAGE-000489,DEFAULT-1885-CS-ALPHA,material.thermalExpansionPerC,,1/C,PE-000096,POS-096,50070,50080,SOURCE_VALUE_UNRESOLVED,3,fnv1a64:38bb39004140b6aa,THERMAL_STRAIN|THERMAL_DISPLACEMENT|THERMAL_REACTION,PROJECT_SCREENING_ONLY,1885S Project Data mean thermal-expansion coefficient for the screening state.
DEFAULT-USAGE-000490,DEFAULT-1885-CODE-WALL,section.codeStressWallRule,,,PE-000096,POS-096,50070,50080,SOURCE_VALUE_UNRESOLVED,3,fnv1a64:38bb39004140b6aa,CODE_STRESS_SECTION,PROJECT_SCREENING_ONLY,1885S Project Data code-stress section rule.
DEFAULT-USAGE-000491,DEFAULT-1885-MATERIAL-FAMILY,material.family,,,PE-000097,POS-097,50080,50090,SOURCE_VALUE_UNRESOLVED,3,fnv1a64:38bb39004140b6aa,MATERIAL_PROPERTIES|WEIGHT|STIFFNESS|STRESS,PROJECT_SCREENING_ONLY,1885S Project Data material-family screening rule.
DEFAULT-USAGE-000492,DEFAULT-1885-CS-E,material.elasticModulusPa,,Pa,PE-000097,POS-097,50080,50090,SOURCE_VALUE_UNRESOLVED,3,fnv1a64:38bb39004140b6aa,EA|EI|THERMAL_REACTION|P_DELTA,PROJECT_SCREENING_ONLY,1885S Project Data carbon-steel elastic modulus.
DEFAULT-USAGE-000493,DEFAULT-1885-CS-NU,material.poissonsRatio,,ratio,PE-000097,POS-097,50080,50090,SOURCE_VALUE_UNRESOLVED,3,fnv1a64:38bb39004140b6aa,SHEAR_MODULUS|TORSIONAL_STIFFNESS,PROJECT_SCREENING_ONLY,1885S Project Data carbon-steel Poisson ratio.
DEFAULT-USAGE-000494,DEFAULT-1885-CS-ALPHA,material.thermalExpansionPerC,,1/C,PE-000097,POS-097,50080,50090,SOURCE_VALUE_UNRESOLVED,3,fnv1a64:38bb39004140b6aa,THERMAL_STRAIN|THERMAL_DISPLACEMENT|THERMAL_REACTION,PROJECT_SCREENING_ONLY,1885S Project Data mean thermal-expansion coefficient for the screening state.
DEFAULT-USAGE-000495,DEFAULT-1885-CODE-WALL,section.codeStressWallRule,,,PE-000097,POS-097,50080,50090,SOURCE_VALUE_UNRESOLVED,3,fnv1a64:38bb39004140b6aa,CODE_STRESS_SECTION,PROJECT_SCREENING_ONLY,1885S Project Data code-stress section rule.
DEFAULT-USAGE-000496,DEFAULT-1885-MATERIAL-FAMILY,material.family,,,PE-000098,POS-098,50090,50110,SOURCE_VALUE_UNRESOLVED,3,fnv1a64:38bb39004140b6aa,MATERIAL_PROPERTIES|WEIGHT|STIFFNESS|STRESS,PROJECT_SCREENING_ONLY,1885S Project Data material-family screening rule.
DEFAULT-USAGE-000497,DEFAULT-1885-CS-E,material.elasticModulusPa,,Pa,PE-000098,POS-098,50090,50110,SOURCE_VALUE_UNRESOLVED,3,fnv1a64:38bb39004140b6aa,EA|EI|THERMAL_REACTION|P_DELTA,PROJECT_SCREENING_ONLY,1885S Project Data carbon-steel elastic modulus.
DEFAULT-USAGE-000498,DEFAULT-1885-CS-NU,material.poissonsRatio,,ratio,PE-000098,POS-098,50090,50110,SOURCE_VALUE_UNRESOLVED,3,fnv1a64:38bb39004140b6aa,SHEAR_MODULUS|TORSIONAL_STIFFNESS,PROJECT_SCREENING_ONLY,1885S Project Data carbon-steel Poisson ratio.
DEFAULT-USAGE-000499,DEFAULT-1885-CS-ALPHA,material.thermalExpansionPerC,,1/C,PE-000098,POS-098,50090,50110,SOURCE_VALUE_UNRESOLVED,3,fnv1a64:38bb39004140b6aa,THERMAL_STRAIN|THERMAL_DISPLACEMENT|THERMAL_REACTION,PROJECT_SCREENING_ONLY,1885S Project Data mean thermal-expansion coefficient for the screening state.
DEFAULT-USAGE-000500,DEFAULT-1885-CODE-WALL,section.codeStressWallRule,,,PE-000098,POS-098,50090,50110,SOURCE_VALUE_UNRESOLVED,3,fnv1a64:38bb39004140b6aa,CODE_STRESS_SECTION,PROJECT_SCREENING_ONLY,1885S Project Data code-stress section rule.
DEFAULT-USAGE-000501,DEFAULT-1885-MATERIAL-FAMILY,material.family,,,PE-000099,POS-099,50110,50120,SOURCE_VALUE_UNRESOLVED,3,fnv1a64:38bb39004140b6aa,MATERIAL_PROPERTIES|WEIGHT|STIFFNESS|STRESS,PROJECT_SCREENING_ONLY,1885S Project Data material-family screening rule.
DEFAULT-USAGE-000502,DEFAULT-1885-CS-E,material.elasticModulusPa,,Pa,PE-000099,POS-099,50110,50120,SOURCE_VALUE_UNRESOLVED,3,fnv1a64:38bb39004140b6aa,EA|EI|THERMAL_REACTION|P_DELTA,PROJECT_SCREENING_ONLY,1885S Project Data carbon-steel elastic modulus.
DEFAULT-USAGE-000503,DEFAULT-1885-CS-NU,material.poissonsRatio,,ratio,PE-000099,POS-099,50110,50120,SOURCE_VALUE_UNRESOLVED,3,fnv1a64:38bb39004140b6aa,SHEAR_MODULUS|TORSIONAL_STIFFNESS,PROJECT_SCREENING_ONLY,1885S Project Data carbon-steel Poisson ratio.
DEFAULT-USAGE-000504,DEFAULT-1885-CS-ALPHA,material.thermalExpansionPerC,,1/C,PE-000099,POS-099,50110,50120,SOURCE_VALUE_UNRESOLVED,3,fnv1a64:38bb39004140b6aa,THERMAL_STRAIN|THERMAL_DISPLACEMENT|THERMAL_REACTION,PROJECT_SCREENING_ONLY,1885S Project Data mean thermal-expansion coefficient for the screening state.
DEFAULT-USAGE-000505,DEFAULT-1885-CODE-WALL,section.codeStressWallRule,,,PE-000099,POS-099,50110,50120,SOURCE_VALUE_UNRESOLVED,3,fnv1a64:38bb39004140b6aa,CODE_STRESS_SECTION,PROJECT_SCREENING_ONLY,1885S Project Data code-stress section rule.
DEFAULT-USAGE-000506,DEFAULT-1885-MATERIAL-FAMILY,material.family,,,PE-000100,POS-100,50120,50130,SOURCE_VALUE_UNRESOLVED,3,fnv1a64:38bb39004140b6aa,MATERIAL_PROPERTIES|WEIGHT|STIFFNESS|STRESS,PROJECT_SCREENING_ONLY,1885S Project Data material-family screening rule.
DEFAULT-USAGE-000507,DEFAULT-1885-CS-E,material.elasticModulusPa,,Pa,PE-000100,POS-100,50120,50130,SOURCE_VALUE_UNRESOLVED,3,fnv1a64:38bb39004140b6aa,EA|EI|THERMAL_REACTION|P_DELTA,PROJECT_SCREENING_ONLY,1885S Project Data carbon-steel elastic modulus.
DEFAULT-USAGE-000508,DEFAULT-1885-CS-NU,material.poissonsRatio,,ratio,PE-000100,POS-100,50120,50130,SOURCE_VALUE_UNRESOLVED,3,fnv1a64:38bb39004140b6aa,SHEAR_MODULUS|TORSIONAL_STIFFNESS,PROJECT_SCREENING_ONLY,1885S Project Data carbon-steel Poisson ratio.
DEFAULT-USAGE-000509,DEFAULT-1885-CS-ALPHA,material.thermalExpansionPerC,,1/C,PE-000100,POS-100,50120,50130,SOURCE_VALUE_UNRESOLVED,3,fnv1a64:38bb39004140b6aa,THERMAL_STRAIN|THERMAL_DISPLACEMENT|THERMAL_REACTION,PROJECT_SCREENING_ONLY,1885S Project Data mean thermal-expansion coefficient for the screening state.
DEFAULT-USAGE-000510,DEFAULT-1885-CODE-WALL,section.codeStressWallRule,,,PE-000100,POS-100,50120,50130,SOURCE_VALUE_UNRESOLVED,3,fnv1a64:38bb39004140b6aa,CODE_STRESS_SECTION,PROJECT_SCREENING_ONLY,1885S Project Data code-stress section rule.
DEFAULT-USAGE-000511,DEFAULT-1885-MATERIAL-FAMILY,material.family,,,PE-000101,POS-101,50130,50140,SOURCE_VALUE_UNRESOLVED,3,fnv1a64:38bb39004140b6aa,MATERIAL_PROPERTIES|WEIGHT|STIFFNESS|STRESS,PROJECT_SCREENING_ONLY,1885S Project Data material-family screening rule.
DEFAULT-USAGE-000512,DEFAULT-1885-CS-E,material.elasticModulusPa,,Pa,PE-000101,POS-101,50130,50140,SOURCE_VALUE_UNRESOLVED,3,fnv1a64:38bb39004140b6aa,EA|EI|THERMAL_REACTION|P_DELTA,PROJECT_SCREENING_ONLY,1885S Project Data carbon-steel elastic modulus.
DEFAULT-USAGE-000513,DEFAULT-1885-CS-NU,material.poissonsRatio,,ratio,PE-000101,POS-101,50130,50140,SOURCE_VALUE_UNRESOLVED,3,fnv1a64:38bb39004140b6aa,SHEAR_MODULUS|TORSIONAL_STIFFNESS,PROJECT_SCREENING_ONLY,1885S Project Data carbon-steel Poisson ratio.
DEFAULT-USAGE-000514,DEFAULT-1885-CS-ALPHA,material.thermalExpansionPerC,,1/C,PE-000101,POS-101,50130,50140,SOURCE_VALUE_UNRESOLVED,3,fnv1a64:38bb39004140b6aa,THERMAL_STRAIN|THERMAL_DISPLACEMENT|THERMAL_REACTION,PROJECT_SCREENING_ONLY,1885S Project Data mean thermal-expansion coefficient for the screening state.
DEFAULT-USAGE-000515,DEFAULT-1885-CODE-WALL,section.codeStressWallRule,,,PE-000101,POS-101,50130,50140,SOURCE_VALUE_UNRESOLVED,3,fnv1a64:38bb39004140b6aa,CODE_STRESS_SECTION,PROJECT_SCREENING_ONLY,1885S Project Data code-stress section rule.
DEFAULT-USAGE-000516,DEFAULT-1885-MATERIAL-FAMILY,material.family,,,PE-000102,POS-102,50140,50100,SOURCE_VALUE_UNRESOLVED,3,fnv1a64:38bb39004140b6aa,MATERIAL_PROPERTIES|WEIGHT|STIFFNESS|STRESS,PROJECT_SCREENING_ONLY,1885S Project Data material-family screening rule.
DEFAULT-USAGE-000517,DEFAULT-1885-CS-E,material.elasticModulusPa,,Pa,PE-000102,POS-102,50140,50100,SOURCE_VALUE_UNRESOLVED,3,fnv1a64:38bb39004140b6aa,EA|EI|THERMAL_REACTION|P_DELTA,PROJECT_SCREENING_ONLY,1885S Project Data carbon-steel elastic modulus.
DEFAULT-USAGE-000518,DEFAULT-1885-CS-NU,material.poissonsRatio,,ratio,PE-000102,POS-102,50140,50100,SOURCE_VALUE_UNRESOLVED,3,fnv1a64:38bb39004140b6aa,SHEAR_MODULUS|TORSIONAL_STIFFNESS,PROJECT_SCREENING_ONLY,1885S Project Data carbon-steel Poisson ratio.
DEFAULT-USAGE-000519,DEFAULT-1885-CS-ALPHA,material.thermalExpansionPerC,,1/C,PE-000102,POS-102,50140,50100,SOURCE_VALUE_UNRESOLVED,3,fnv1a64:38bb39004140b6aa,THERMAL_STRAIN|THERMAL_DISPLACEMENT|THERMAL_REACTION,PROJECT_SCREENING_ONLY,1885S Project Data mean thermal-expansion coefficient for the screening state.
DEFAULT-USAGE-000520,DEFAULT-1885-CODE-WALL,section.codeStressWallRule,,,PE-000102,POS-102,50140,50100,SOURCE_VALUE_UNRESOLVED,3,fnv1a64:38bb39004140b6aa,CODE_STRESS_SECTION,PROJECT_SCREENING_ONLY,1885S Project Data code-stress section rule.
DEFAULT-USAGE-000521,DEFAULT-1885-MATERIAL-FAMILY,material.family,,,PE-000103,POS-103,50100,50150,SOURCE_VALUE_UNRESOLVED,3,fnv1a64:38bb39004140b6aa,MATERIAL_PROPERTIES|WEIGHT|STIFFNESS|STRESS,PROJECT_SCREENING_ONLY,1885S Project Data material-family screening rule.
DEFAULT-USAGE-000522,DEFAULT-1885-CS-E,material.elasticModulusPa,,Pa,PE-000103,POS-103,50100,50150,SOURCE_VALUE_UNRESOLVED,3,fnv1a64:38bb39004140b6aa,EA|EI|THERMAL_REACTION|P_DELTA,PROJECT_SCREENING_ONLY,1885S Project Data carbon-steel elastic modulus.
DEFAULT-USAGE-000523,DEFAULT-1885-CS-NU,material.poissonsRatio,,ratio,PE-000103,POS-103,50100,50150,SOURCE_VALUE_UNRESOLVED,3,fnv1a64:38bb39004140b6aa,SHEAR_MODULUS|TORSIONAL_STIFFNESS,PROJECT_SCREENING_ONLY,1885S Project Data carbon-steel Poisson ratio.
DEFAULT-USAGE-000524,DEFAULT-1885-CS-ALPHA,material.thermalExpansionPerC,,1/C,PE-000103,POS-103,50100,50150,SOURCE_VALUE_UNRESOLVED,3,fnv1a64:38bb39004140b6aa,THERMAL_STRAIN|THERMAL_DISPLACEMENT|THERMAL_REACTION,PROJECT_SCREENING_ONLY,1885S Project Data mean thermal-expansion coefficient for the screening state.
DEFAULT-USAGE-000525,DEFAULT-1885-CODE-WALL,section.codeStressWallRule,,,PE-000103,POS-103,50100,50150,SOURCE_VALUE_UNRESOLVED,3,fnv1a64:38bb39004140b6aa,CODE_STRESS_SECTION,PROJECT_SCREENING_ONLY,1885S Project Data code-stress section rule.
DEFAULT-USAGE-000526,DEFAULT-1885-MATERIAL-FAMILY,material.family,,,PE-000104,POS-104,50150,10450,SOURCE_VALUE_UNRESOLVED,3,fnv1a64:38bb39004140b6aa,MATERIAL_PROPERTIES|WEIGHT|STIFFNESS|STRESS,PROJECT_SCREENING_ONLY,1885S Project Data material-family screening rule.
DEFAULT-USAGE-000527,DEFAULT-1885-CS-E,material.elasticModulusPa,,Pa,PE-000104,POS-104,50150,10450,SOURCE_VALUE_UNRESOLVED,3,fnv1a64:38bb39004140b6aa,EA|EI|THERMAL_REACTION|P_DELTA,PROJECT_SCREENING_ONLY,1885S Project Data carbon-steel elastic modulus.
DEFAULT-USAGE-000528,DEFAULT-1885-CS-NU,material.poissonsRatio,,ratio,PE-000104,POS-104,50150,10450,SOURCE_VALUE_UNRESOLVED,3,fnv1a64:38bb39004140b6aa,SHEAR_MODULUS|TORSIONAL_STIFFNESS,PROJECT_SCREENING_ONLY,1885S Project Data carbon-steel Poisson ratio.
DEFAULT-USAGE-000529,DEFAULT-1885-CS-ALPHA,material.thermalExpansionPerC,,1/C,PE-000104,POS-104,50150,10450,SOURCE_VALUE_UNRESOLVED,3,fnv1a64:38bb39004140b6aa,THERMAL_STRAIN|THERMAL_DISPLACEMENT|THERMAL_REACTION,PROJECT_SCREENING_ONLY,1885S Project Data mean thermal-expansion coefficient for the screening state.
DEFAULT-USAGE-000530,DEFAULT-1885-CODE-WALL,section.codeStressWallRule,,,PE-000104,POS-104,50150,10450,SOURCE_VALUE_UNRESOLVED,3,fnv1a64:38bb39004140b6aa,CODE_STRESS_SECTION,PROJECT_SCREENING_ONLY,1885S Project Data code-stress section rule.
DEFAULT-USAGE-000531,DEFAULT-1885-DN200-SCH100-SECTION,section.dimensionsMm,,mm,PE-000105,POS-105,10470,60010,SCHEDULE_MASTER_COVERAGE_MISSING_CONFIG_REQUIRED,3,fnv1a64:38bb39004140b6aa,SECTION_PROPERTIES|WEIGHT|STIFFNESS|STRESS,PROJECT_SCREENING_ONLY,Project-configured DN 200 / NPS 8 Schedule 100 section where the current shared master has no exact row.
DEFAULT-USAGE-000532,DEFAULT-1885-CS-E,material.elasticModulusPa,,Pa,PE-000105,POS-105,10470,60010,SOURCE_VALUE_UNRESOLVED,3,fnv1a64:38bb39004140b6aa,EA|EI|THERMAL_REACTION|P_DELTA,PROJECT_SCREENING_ONLY,1885S Project Data carbon-steel elastic modulus.
DEFAULT-USAGE-000533,DEFAULT-1885-CS-NU,material.poissonsRatio,,ratio,PE-000105,POS-105,10470,60010,SOURCE_VALUE_UNRESOLVED,3,fnv1a64:38bb39004140b6aa,SHEAR_MODULUS|TORSIONAL_STIFFNESS,PROJECT_SCREENING_ONLY,1885S Project Data carbon-steel Poisson ratio.
DEFAULT-USAGE-000534,DEFAULT-1885-CS-ALPHA,material.thermalExpansionPerC,,1/C,PE-000105,POS-105,10470,60010,SOURCE_VALUE_UNRESOLVED,3,fnv1a64:38bb39004140b6aa,THERMAL_STRAIN|THERMAL_DISPLACEMENT|THERMAL_REACTION,PROJECT_SCREENING_ONLY,1885S Project Data mean thermal-expansion coefficient for the screening state.
DEFAULT-USAGE-000535,DEFAULT-1885-CODE-WALL,section.codeStressWallRule,,,PE-000105,POS-105,10470,60010,SOURCE_VALUE_UNRESOLVED,3,fnv1a64:38bb39004140b6aa,CODE_STRESS_SECTION,PROJECT_SCREENING_ONLY,1885S Project Data code-stress section rule.
DEFAULT-USAGE-000536,DEFAULT-1885-DN200-SCH100-SECTION,section.dimensionsMm,,mm,PE-000106,POS-106,60010,60020,SCHEDULE_MASTER_COVERAGE_MISSING_CONFIG_REQUIRED,3,fnv1a64:38bb39004140b6aa,SECTION_PROPERTIES|WEIGHT|STIFFNESS|STRESS,PROJECT_SCREENING_ONLY,Project-configured DN 200 / NPS 8 Schedule 100 section where the current shared master has no exact row.
DEFAULT-USAGE-000537,DEFAULT-1885-CS-E,material.elasticModulusPa,,Pa,PE-000106,POS-106,60010,60020,SOURCE_VALUE_UNRESOLVED,3,fnv1a64:38bb39004140b6aa,EA|EI|THERMAL_REACTION|P_DELTA,PROJECT_SCREENING_ONLY,1885S Project Data carbon-steel elastic modulus.
DEFAULT-USAGE-000538,DEFAULT-1885-CS-NU,material.poissonsRatio,,ratio,PE-000106,POS-106,60010,60020,SOURCE_VALUE_UNRESOLVED,3,fnv1a64:38bb39004140b6aa,SHEAR_MODULUS|TORSIONAL_STIFFNESS,PROJECT_SCREENING_ONLY,1885S Project Data carbon-steel Poisson ratio.
DEFAULT-USAGE-000539,DEFAULT-1885-CS-ALPHA,material.thermalExpansionPerC,,1/C,PE-000106,POS-106,60010,60020,SOURCE_VALUE_UNRESOLVED,3,fnv1a64:38bb39004140b6aa,THERMAL_STRAIN|THERMAL_DISPLACEMENT|THERMAL_REACTION,PROJECT_SCREENING_ONLY,1885S Project Data mean thermal-expansion coefficient for the screening state.
DEFAULT-USAGE-000540,DEFAULT-1885-CODE-WALL,section.codeStressWallRule,,,PE-000106,POS-106,60010,60020,SOURCE_VALUE_UNRESOLVED,3,fnv1a64:38bb39004140b6aa,CODE_STRESS_SECTION,PROJECT_SCREENING_ONLY,1885S Project Data code-stress section rule.
DEFAULT-USAGE-000541,DEFAULT-1885-DN200-SCH100-SECTION,section.dimensionsMm,,mm,PE-000107,POS-107,60020,60030,SCHEDULE_MASTER_COVERAGE_MISSING_CONFIG_REQUIRED,3,fnv1a64:38bb39004140b6aa,SECTION_PROPERTIES|WEIGHT|STIFFNESS|STRESS,PROJECT_SCREENING_ONLY,Project-configured DN 200 / NPS 8 Schedule 100 section where the current shared master has no exact row.
DEFAULT-USAGE-000542,DEFAULT-1885-CS-E,material.elasticModulusPa,,Pa,PE-000107,POS-107,60020,60030,SOURCE_VALUE_UNRESOLVED,3,fnv1a64:38bb39004140b6aa,EA|EI|THERMAL_REACTION|P_DELTA,PROJECT_SCREENING_ONLY,1885S Project Data carbon-steel elastic modulus.
DEFAULT-USAGE-000543,DEFAULT-1885-CS-NU,material.poissonsRatio,,ratio,PE-000107,POS-107,60020,60030,SOURCE_VALUE_UNRESOLVED,3,fnv1a64:38bb39004140b6aa,SHEAR_MODULUS|TORSIONAL_STIFFNESS,PROJECT_SCREENING_ONLY,1885S Project Data carbon-steel Poisson ratio.
DEFAULT-USAGE-000544,DEFAULT-1885-CS-ALPHA,material.thermalExpansionPerC,,1/C,PE-000107,POS-107,60020,60030,SOURCE_VALUE_UNRESOLVED,3,fnv1a64:38bb39004140b6aa,THERMAL_STRAIN|THERMAL_DISPLACEMENT|THERMAL_REACTION,PROJECT_SCREENING_ONLY,1885S Project Data mean thermal-expansion coefficient for the screening state.
DEFAULT-USAGE-000545,DEFAULT-1885-CODE-WALL,section.codeStressWallRule,,,PE-000107,POS-107,60020,60030,SOURCE_VALUE_UNRESOLVED,3,fnv1a64:38bb39004140b6aa,CODE_STRESS_SECTION,PROJECT_SCREENING_ONLY,1885S Project Data code-stress section rule.
DEFAULT-USAGE-000546,DEFAULT-1885-DN200-SCH100-SECTION,section.dimensionsMm,,mm,PE-000108,POS-108,60030,60040,SCHEDULE_MASTER_COVERAGE_MISSING_CONFIG_REQUIRED,3,fnv1a64:38bb39004140b6aa,SECTION_PROPERTIES|WEIGHT|STIFFNESS|STRESS,PROJECT_SCREENING_ONLY,Project-configured DN 200 / NPS 8 Schedule 100 section where the current shared master has no exact row.
DEFAULT-USAGE-000547,DEFAULT-1885-CS-E,material.elasticModulusPa,,Pa,PE-000108,POS-108,60030,60040,SOURCE_VALUE_UNRESOLVED,3,fnv1a64:38bb39004140b6aa,EA|EI|THERMAL_REACTION|P_DELTA,PROJECT_SCREENING_ONLY,1885S Project Data carbon-steel elastic modulus.
DEFAULT-USAGE-000548,DEFAULT-1885-CS-NU,material.poissonsRatio,,ratio,PE-000108,POS-108,60030,60040,SOURCE_VALUE_UNRESOLVED,3,fnv1a64:38bb39004140b6aa,SHEAR_MODULUS|TORSIONAL_STIFFNESS,PROJECT_SCREENING_ONLY,1885S Project Data carbon-steel Poisson ratio.
DEFAULT-USAGE-000549,DEFAULT-1885-CS-ALPHA,material.thermalExpansionPerC,,1/C,PE-000108,POS-108,60030,60040,SOURCE_VALUE_UNRESOLVED,3,fnv1a64:38bb39004140b6aa,THERMAL_STRAIN|THERMAL_DISPLACEMENT|THERMAL_REACTION,PROJECT_SCREENING_ONLY,1885S Project Data mean thermal-expansion coefficient for the screening state.
DEFAULT-USAGE-000550,DEFAULT-1885-CODE-WALL,section.codeStressWallRule,,,PE-000108,POS-108,60030,60040,SOURCE_VALUE_UNRESOLVED,3,fnv1a64:38bb39004140b6aa,CODE_STRESS_SECTION,PROJECT_SCREENING_ONLY,1885S Project Data code-stress section rule.
DEFAULT-USAGE-000551,DEFAULT-1885-DN200-SCH100-SECTION,section.dimensionsMm,,mm,PE-000109,POS-109,60040,60050,SCHEDULE_MASTER_COVERAGE_MISSING_CONFIG_REQUIRED,3,fnv1a64:38bb39004140b6aa,SECTION_PROPERTIES|WEIGHT|STIFFNESS|STRESS,PROJECT_SCREENING_ONLY,Project-configured DN 200 / NPS 8 Schedule 100 section where the current shared master has no exact row.
DEFAULT-USAGE-000552,DEFAULT-1885-CS-E,material.elasticModulusPa,,Pa,PE-000109,POS-109,60040,60050,SOURCE_VALUE_UNRESOLVED,3,fnv1a64:38bb39004140b6aa,EA|EI|THERMAL_REACTION|P_DELTA,PROJECT_SCREENING_ONLY,1885S Project Data carbon-steel elastic modulus.
DEFAULT-USAGE-000553,DEFAULT-1885-CS-NU,material.poissonsRatio,,ratio,PE-000109,POS-109,60040,60050,SOURCE_VALUE_UNRESOLVED,3,fnv1a64:38bb39004140b6aa,SHEAR_MODULUS|TORSIONAL_STIFFNESS,PROJECT_SCREENING_ONLY,1885S Project Data carbon-steel Poisson ratio.
DEFAULT-USAGE-000554,DEFAULT-1885-CS-ALPHA,material.thermalExpansionPerC,,1/C,PE-000109,POS-109,60040,60050,SOURCE_VALUE_UNRESOLVED,3,fnv1a64:38bb39004140b6aa,THERMAL_STRAIN|THERMAL_DISPLACEMENT|THERMAL_REACTION,PROJECT_SCREENING_ONLY,1885S Project Data mean thermal-expansion coefficient for the screening state.
DEFAULT-USAGE-000555,DEFAULT-1885-CODE-WALL,section.codeStressWallRule,,,PE-000109,POS-109,60040,60050,SOURCE_VALUE_UNRESOLVED,3,fnv1a64:38bb39004140b6aa,CODE_STRESS_SECTION,PROJECT_SCREENING_ONLY,1885S Project Data code-stress section rule.
DEFAULT-USAGE-000556,DEFAULT-1885-DN200-SCH100-SECTION,section.dimensionsMm,,mm,PE-000110,POS-110,60050,60070,SCHEDULE_MASTER_COVERAGE_MISSING_CONFIG_REQUIRED,3,fnv1a64:38bb39004140b6aa,SECTION_PROPERTIES|WEIGHT|STIFFNESS|STRESS,PROJECT_SCREENING_ONLY,Project-configured DN 200 / NPS 8 Schedule 100 section where the current shared master has no exact row.
DEFAULT-USAGE-000557,DEFAULT-1885-CS-E,material.elasticModulusPa,,Pa,PE-000110,POS-110,60050,60070,SOURCE_VALUE_UNRESOLVED,3,fnv1a64:38bb39004140b6aa,EA|EI|THERMAL_REACTION|P_DELTA,PROJECT_SCREENING_ONLY,1885S Project Data carbon-steel elastic modulus.
DEFAULT-USAGE-000558,DEFAULT-1885-CS-NU,material.poissonsRatio,,ratio,PE-000110,POS-110,60050,60070,SOURCE_VALUE_UNRESOLVED,3,fnv1a64:38bb39004140b6aa,SHEAR_MODULUS|TORSIONAL_STIFFNESS,PROJECT_SCREENING_ONLY,1885S Project Data carbon-steel Poisson ratio.
DEFAULT-USAGE-000559,DEFAULT-1885-CS-ALPHA,material.thermalExpansionPerC,,1/C,PE-000110,POS-110,60050,60070,SOURCE_VALUE_UNRESOLVED,3,fnv1a64:38bb39004140b6aa,THERMAL_STRAIN|THERMAL_DISPLACEMENT|THERMAL_REACTION,PROJECT_SCREENING_ONLY,1885S Project Data mean thermal-expansion coefficient for the screening state.
DEFAULT-USAGE-000560,DEFAULT-1885-CODE-WALL,section.codeStressWallRule,,,PE-000110,POS-110,60050,60070,SOURCE_VALUE_UNRESOLVED,3,fnv1a64:38bb39004140b6aa,CODE_STRESS_SECTION,PROJECT_SCREENING_ONLY,1885S Project Data code-stress section rule.
DEFAULT-USAGE-000561,DEFAULT-1885-DN200-SCH100-SECTION,section.dimensionsMm,,mm,PE-000111,POS-111,60070,60080,SCHEDULE_MASTER_COVERAGE_MISSING_CONFIG_REQUIRED,3,fnv1a64:38bb39004140b6aa,SECTION_PROPERTIES|WEIGHT|STIFFNESS|STRESS,PROJECT_SCREENING_ONLY,Project-configured DN 200 / NPS 8 Schedule 100 section where the current shared master has no exact row.
DEFAULT-USAGE-000562,DEFAULT-1885-CS-E,material.elasticModulusPa,,Pa,PE-000111,POS-111,60070,60080,SOURCE_VALUE_UNRESOLVED,3,fnv1a64:38bb39004140b6aa,EA|EI|THERMAL_REACTION|P_DELTA,PROJECT_SCREENING_ONLY,1885S Project Data carbon-steel elastic modulus.
DEFAULT-USAGE-000563,DEFAULT-1885-CS-NU,material.poissonsRatio,,ratio,PE-000111,POS-111,60070,60080,SOURCE_VALUE_UNRESOLVED,3,fnv1a64:38bb39004140b6aa,SHEAR_MODULUS|TORSIONAL_STIFFNESS,PROJECT_SCREENING_ONLY,1885S Project Data carbon-steel Poisson ratio.
DEFAULT-USAGE-000564,DEFAULT-1885-CS-ALPHA,material.thermalExpansionPerC,,1/C,PE-000111,POS-111,60070,60080,SOURCE_VALUE_UNRESOLVED,3,fnv1a64:38bb39004140b6aa,THERMAL_STRAIN|THERMAL_DISPLACEMENT|THERMAL_REACTION,PROJECT_SCREENING_ONLY,1885S Project Data mean thermal-expansion coefficient for the screening state.
DEFAULT-USAGE-000565,DEFAULT-1885-CODE-WALL,section.codeStressWallRule,,,PE-000111,POS-111,60070,60080,SOURCE_VALUE_UNRESOLVED,3,fnv1a64:38bb39004140b6aa,CODE_STRESS_SECTION,PROJECT_SCREENING_ONLY,1885S Project Data code-stress section rule.
DEFAULT-USAGE-000566,DEFAULT-1885-DN200-SCH100-SECTION,section.dimensionsMm,,mm,PE-000112,POS-112,60080,60060,SCHEDULE_MASTER_COVERAGE_MISSING_CONFIG_REQUIRED,3,fnv1a64:38bb39004140b6aa,SECTION_PROPERTIES|WEIGHT|STIFFNESS|STRESS,PROJECT_SCREENING_ONLY,Project-configured DN 200 / NPS 8 Schedule 100 section where the current shared master has no exact row.
DEFAULT-USAGE-000567,DEFAULT-1885-CS-E,material.elasticModulusPa,,Pa,PE-000112,POS-112,60080,60060,SOURCE_VALUE_UNRESOLVED,3,fnv1a64:38bb39004140b6aa,EA|EI|THERMAL_REACTION|P_DELTA,PROJECT_SCREENING_ONLY,1885S Project Data carbon-steel elastic modulus.
DEFAULT-USAGE-000568,DEFAULT-1885-CS-NU,material.poissonsRatio,,ratio,PE-000112,POS-112,60080,60060,SOURCE_VALUE_UNRESOLVED,3,fnv1a64:38bb39004140b6aa,SHEAR_MODULUS|TORSIONAL_STIFFNESS,PROJECT_SCREENING_ONLY,1885S Project Data carbon-steel Poisson ratio.
DEFAULT-USAGE-000569,DEFAULT-1885-CS-ALPHA,material.thermalExpansionPerC,,1/C,PE-000112,POS-112,60080,60060,SOURCE_VALUE_UNRESOLVED,3,fnv1a64:38bb39004140b6aa,THERMAL_STRAIN|THERMAL_DISPLACEMENT|THERMAL_REACTION,PROJECT_SCREENING_ONLY,1885S Project Data mean thermal-expansion coefficient for the screening state.
DEFAULT-USAGE-000570,DEFAULT-1885-CODE-WALL,section.codeStressWallRule,,,PE-000112,POS-112,60080,60060,SOURCE_VALUE_UNRESOLVED,3,fnv1a64:38bb39004140b6aa,CODE_STRESS_SECTION,PROJECT_SCREENING_ONLY,1885S Project Data code-stress section rule.
DEFAULT-USAGE-000571,DEFAULT-1885-DN200-SCH100-SECTION,section.dimensionsMm,,mm,PE-000113,POS-113,60060,60090,SCHEDULE_MASTER_COVERAGE_MISSING_CONFIG_REQUIRED,3,fnv1a64:38bb39004140b6aa,SECTION_PROPERTIES|WEIGHT|STIFFNESS|STRESS,PROJECT_SCREENING_ONLY,Project-configured DN 200 / NPS 8 Schedule 100 section where the current shared master has no exact row.
DEFAULT-USAGE-000572,DEFAULT-1885-CS-E,material.elasticModulusPa,,Pa,PE-000113,POS-113,60060,60090,SOURCE_VALUE_UNRESOLVED,3,fnv1a64:38bb39004140b6aa,EA|EI|THERMAL_REACTION|P_DELTA,PROJECT_SCREENING_ONLY,1885S Project Data carbon-steel elastic modulus.
DEFAULT-USAGE-000573,DEFAULT-1885-CS-NU,material.poissonsRatio,,ratio,PE-000113,POS-113,60060,60090,SOURCE_VALUE_UNRESOLVED,3,fnv1a64:38bb39004140b6aa,SHEAR_MODULUS|TORSIONAL_STIFFNESS,PROJECT_SCREENING_ONLY,1885S Project Data carbon-steel Poisson ratio.
DEFAULT-USAGE-000574,DEFAULT-1885-CS-ALPHA,material.thermalExpansionPerC,,1/C,PE-000113,POS-113,60060,60090,SOURCE_VALUE_UNRESOLVED,3,fnv1a64:38bb39004140b6aa,THERMAL_STRAIN|THERMAL_DISPLACEMENT|THERMAL_REACTION,PROJECT_SCREENING_ONLY,1885S Project Data mean thermal-expansion coefficient for the screening state.
DEFAULT-USAGE-000575,DEFAULT-1885-CODE-WALL,section.codeStressWallRule,,,PE-000113,POS-113,60060,60090,SOURCE_VALUE_UNRESOLVED,3,fnv1a64:38bb39004140b6aa,CODE_STRESS_SECTION,PROJECT_SCREENING_ONLY,1885S Project Data code-stress section rule.
DEFAULT-USAGE-000576,DEFAULT-1885-DN200-SCH100-SECTION,section.dimensionsMm,,mm,PE-000114,POS-114,60090,10480,SCHEDULE_MASTER_COVERAGE_MISSING_CONFIG_REQUIRED,3,fnv1a64:38bb39004140b6aa,SECTION_PROPERTIES|WEIGHT|STIFFNESS|STRESS,PROJECT_SCREENING_ONLY,Project-configured DN 200 / NPS 8 Schedule 100 section where the current shared master has no exact row.
DEFAULT-USAGE-000577,DEFAULT-1885-CS-E,material.elasticModulusPa,,Pa,PE-000114,POS-114,60090,10480,SOURCE_VALUE_UNRESOLVED,3,fnv1a64:38bb39004140b6aa,EA|EI|THERMAL_REACTION|P_DELTA,PROJECT_SCREENING_ONLY,1885S Project Data carbon-steel elastic modulus.
DEFAULT-USAGE-000578,DEFAULT-1885-CS-NU,material.poissonsRatio,,ratio,PE-000114,POS-114,60090,10480,SOURCE_VALUE_UNRESOLVED,3,fnv1a64:38bb39004140b6aa,SHEAR_MODULUS|TORSIONAL_STIFFNESS,PROJECT_SCREENING_ONLY,1885S Project Data carbon-steel Poisson ratio.
DEFAULT-USAGE-000579,DEFAULT-1885-CS-ALPHA,material.thermalExpansionPerC,,1/C,PE-000114,POS-114,60090,10480,SOURCE_VALUE_UNRESOLVED,3,fnv1a64:38bb39004140b6aa,THERMAL_STRAIN|THERMAL_DISPLACEMENT|THERMAL_REACTION,PROJECT_SCREENING_ONLY,1885S Project Data mean thermal-expansion coefficient for the screening state.
DEFAULT-USAGE-000580,DEFAULT-1885-CODE-WALL,section.codeStressWallRule,,,PE-000114,POS-114,60090,10480,SOURCE_VALUE_UNRESOLVED,3,fnv1a64:38bb39004140b6aa,CODE_STRESS_SECTION,PROJECT_SCREENING_ONLY,1885S Project Data code-stress section rule.
DEFAULT-USAGE-000581,DEFAULT-1885-DN250-SCH100-SECTION,section.dimensionsMm,,mm,PE-000115,POS-115,10490,70010,SCHEDULE_MASTER_COVERAGE_MISSING_CONFIG_REQUIRED,3,fnv1a64:38bb39004140b6aa,SECTION_PROPERTIES|WEIGHT|STIFFNESS|STRESS,PROJECT_SCREENING_ONLY,Project-configured DN 250 / NPS 10 Schedule 100 section where the current shared master has no exact row.
DEFAULT-USAGE-000582,DEFAULT-1885-CS-E,material.elasticModulusPa,,Pa,PE-000115,POS-115,10490,70010,SOURCE_VALUE_UNRESOLVED,3,fnv1a64:38bb39004140b6aa,EA|EI|THERMAL_REACTION|P_DELTA,PROJECT_SCREENING_ONLY,1885S Project Data carbon-steel elastic modulus.
DEFAULT-USAGE-000583,DEFAULT-1885-CS-NU,material.poissonsRatio,,ratio,PE-000115,POS-115,10490,70010,SOURCE_VALUE_UNRESOLVED,3,fnv1a64:38bb39004140b6aa,SHEAR_MODULUS|TORSIONAL_STIFFNESS,PROJECT_SCREENING_ONLY,1885S Project Data carbon-steel Poisson ratio.
DEFAULT-USAGE-000584,DEFAULT-1885-CS-ALPHA,material.thermalExpansionPerC,,1/C,PE-000115,POS-115,10490,70010,SOURCE_VALUE_UNRESOLVED,3,fnv1a64:38bb39004140b6aa,THERMAL_STRAIN|THERMAL_DISPLACEMENT|THERMAL_REACTION,PROJECT_SCREENING_ONLY,1885S Project Data mean thermal-expansion coefficient for the screening state.
DEFAULT-USAGE-000585,DEFAULT-1885-CODE-WALL,section.codeStressWallRule,,,PE-000115,POS-115,10490,70010,SOURCE_VALUE_UNRESOLVED,3,fnv1a64:38bb39004140b6aa,CODE_STRESS_SECTION,PROJECT_SCREENING_ONLY,1885S Project Data code-stress section rule.
DEFAULT-USAGE-000586,DEFAULT-1885-DN250-SCH100-SECTION,section.dimensionsMm,,mm,PE-000116,POS-116,70010,70020,SCHEDULE_MASTER_COVERAGE_MISSING_CONFIG_REQUIRED,3,fnv1a64:38bb39004140b6aa,SECTION_PROPERTIES|WEIGHT|STIFFNESS|STRESS,PROJECT_SCREENING_ONLY,Project-configured DN 250 / NPS 10 Schedule 100 section where the current shared master has no exact row.
DEFAULT-USAGE-000587,DEFAULT-1885-CS-E,material.elasticModulusPa,,Pa,PE-000116,POS-116,70010,70020,SOURCE_VALUE_UNRESOLVED,3,fnv1a64:38bb39004140b6aa,EA|EI|THERMAL_REACTION|P_DELTA,PROJECT_SCREENING_ONLY,1885S Project Data carbon-steel elastic modulus.
DEFAULT-USAGE-000588,DEFAULT-1885-CS-NU,material.poissonsRatio,,ratio,PE-000116,POS-116,70010,70020,SOURCE_VALUE_UNRESOLVED,3,fnv1a64:38bb39004140b6aa,SHEAR_MODULUS|TORSIONAL_STIFFNESS,PROJECT_SCREENING_ONLY,1885S Project Data carbon-steel Poisson ratio.
DEFAULT-USAGE-000589,DEFAULT-1885-CS-ALPHA,material.thermalExpansionPerC,,1/C,PE-000116,POS-116,70010,70020,SOURCE_VALUE_UNRESOLVED,3,fnv1a64:38bb39004140b6aa,THERMAL_STRAIN|THERMAL_DISPLACEMENT|THERMAL_REACTION,PROJECT_SCREENING_ONLY,1885S Project Data mean thermal-expansion coefficient for the screening state.
DEFAULT-USAGE-000590,DEFAULT-1885-CODE-WALL,section.codeStressWallRule,,,PE-000116,POS-116,70010,70020,SOURCE_VALUE_UNRESOLVED,3,fnv1a64:38bb39004140b6aa,CODE_STRESS_SECTION,PROJECT_SCREENING_ONLY,1885S Project Data code-stress section rule.
DEFAULT-USAGE-000591,DEFAULT-1885-DN250-SCH100-SECTION,section.dimensionsMm,,mm,PE-000117,POS-117,70020,70040,SCHEDULE_MASTER_COVERAGE_MISSING_CONFIG_REQUIRED,3,fnv1a64:38bb39004140b6aa,SECTION_PROPERTIES|WEIGHT|STIFFNESS|STRESS,PROJECT_SCREENING_ONLY,Project-configured DN 250 / NPS 10 Schedule 100 section where the current shared master has no exact row.
DEFAULT-USAGE-000592,DEFAULT-1885-CS-E,material.elasticModulusPa,,Pa,PE-000117,POS-117,70020,70040,SOURCE_VALUE_UNRESOLVED,3,fnv1a64:38bb39004140b6aa,EA|EI|THERMAL_REACTION|P_DELTA,PROJECT_SCREENING_ONLY,1885S Project Data carbon-steel elastic modulus.
DEFAULT-USAGE-000593,DEFAULT-1885-CS-NU,material.poissonsRatio,,ratio,PE-000117,POS-117,70020,70040,SOURCE_VALUE_UNRESOLVED,3,fnv1a64:38bb39004140b6aa,SHEAR_MODULUS|TORSIONAL_STIFFNESS,PROJECT_SCREENING_ONLY,1885S Project Data carbon-steel Poisson ratio.
DEFAULT-USAGE-000594,DEFAULT-1885-CS-ALPHA,material.thermalExpansionPerC,,1/C,PE-000117,POS-117,70020,70040,SOURCE_VALUE_UNRESOLVED,3,fnv1a64:38bb39004140b6aa,THERMAL_STRAIN|THERMAL_DISPLACEMENT|THERMAL_REACTION,PROJECT_SCREENING_ONLY,1885S Project Data mean thermal-expansion coefficient for the screening state.
DEFAULT-USAGE-000595,DEFAULT-1885-CODE-WALL,section.codeStressWallRule,,,PE-000117,POS-117,70020,70040,SOURCE_VALUE_UNRESOLVED,3,fnv1a64:38bb39004140b6aa,CODE_STRESS_SECTION,PROJECT_SCREENING_ONLY,1885S Project Data code-stress section rule.
DEFAULT-USAGE-000596,DEFAULT-1885-DN250-SCH100-SECTION,section.dimensionsMm,,mm,PE-000118,POS-118,70040,70050,SCHEDULE_MASTER_COVERAGE_MISSING_CONFIG_REQUIRED,3,fnv1a64:38bb39004140b6aa,SECTION_PROPERTIES|WEIGHT|STIFFNESS|STRESS,PROJECT_SCREENING_ONLY,Project-configured DN 250 / NPS 10 Schedule 100 section where the current shared master has no exact row.
DEFAULT-USAGE-000597,DEFAULT-1885-CS-E,material.elasticModulusPa,,Pa,PE-000118,POS-118,70040,70050,SOURCE_VALUE_UNRESOLVED,3,fnv1a64:38bb39004140b6aa,EA|EI|THERMAL_REACTION|P_DELTA,PROJECT_SCREENING_ONLY,1885S Project Data carbon-steel elastic modulus.
DEFAULT-USAGE-000598,DEFAULT-1885-CS-NU,material.poissonsRatio,,ratio,PE-000118,POS-118,70040,70050,SOURCE_VALUE_UNRESOLVED,3,fnv1a64:38bb39004140b6aa,SHEAR_MODULUS|TORSIONAL_STIFFNESS,PROJECT_SCREENING_ONLY,1885S Project Data carbon-steel Poisson ratio.
DEFAULT-USAGE-000599,DEFAULT-1885-CS-ALPHA,material.thermalExpansionPerC,,1/C,PE-000118,POS-118,70040,70050,SOURCE_VALUE_UNRESOLVED,3,fnv1a64:38bb39004140b6aa,THERMAL_STRAIN|THERMAL_DISPLACEMENT|THERMAL_REACTION,PROJECT_SCREENING_ONLY,1885S Project Data mean thermal-expansion coefficient for the screening state.
DEFAULT-USAGE-000600,DEFAULT-1885-CODE-WALL,section.codeStressWallRule,,,PE-000118,POS-118,70040,70050,SOURCE_VALUE_UNRESOLVED,3,fnv1a64:38bb39004140b6aa,CODE_STRESS_SECTION,PROJECT_SCREENING_ONLY,1885S Project Data code-stress section rule.
DEFAULT-USAGE-000601,DEFAULT-1885-DN250-SCH100-SECTION,section.dimensionsMm,,mm,PE-000119,POS-119,70050,70030,SCHEDULE_MASTER_COVERAGE_MISSING_CONFIG_REQUIRED,3,fnv1a64:38bb39004140b6aa,SECTION_PROPERTIES|WEIGHT|STIFFNESS|STRESS,PROJECT_SCREENING_ONLY,Project-configured DN 250 / NPS 10 Schedule 100 section where the current shared master has no exact row.
DEFAULT-USAGE-000602,DEFAULT-1885-CS-E,material.elasticModulusPa,,Pa,PE-000119,POS-119,70050,70030,SOURCE_VALUE_UNRESOLVED,3,fnv1a64:38bb39004140b6aa,EA|EI|THERMAL_REACTION|P_DELTA,PROJECT_SCREENING_ONLY,1885S Project Data carbon-steel elastic modulus.
DEFAULT-USAGE-000603,DEFAULT-1885-CS-NU,material.poissonsRatio,,ratio,PE-000119,POS-119,70050,70030,SOURCE_VALUE_UNRESOLVED,3,fnv1a64:38bb39004140b6aa,SHEAR_MODULUS|TORSIONAL_STIFFNESS,PROJECT_SCREENING_ONLY,1885S Project Data carbon-steel Poisson ratio.
DEFAULT-USAGE-000604,DEFAULT-1885-CS-ALPHA,material.thermalExpansionPerC,,1/C,PE-000119,POS-119,70050,70030,SOURCE_VALUE_UNRESOLVED,3,fnv1a64:38bb39004140b6aa,THERMAL_STRAIN|THERMAL_DISPLACEMENT|THERMAL_REACTION,PROJECT_SCREENING_ONLY,1885S Project Data mean thermal-expansion coefficient for the screening state.
DEFAULT-USAGE-000605,DEFAULT-1885-CODE-WALL,section.codeStressWallRule,,,PE-000119,POS-119,70050,70030,SOURCE_VALUE_UNRESOLVED,3,fnv1a64:38bb39004140b6aa,CODE_STRESS_SECTION,PROJECT_SCREENING_ONLY,1885S Project Data code-stress section rule.
DEFAULT-USAGE-000606,DEFAULT-1885-DN250-SCH100-SECTION,section.dimensionsMm,,mm,PE-000120,POS-120,70030,70060,SCHEDULE_MASTER_COVERAGE_MISSING_CONFIG_REQUIRED,3,fnv1a64:38bb39004140b6aa,SECTION_PROPERTIES|WEIGHT|STIFFNESS|STRESS,PROJECT_SCREENING_ONLY,Project-configured DN 250 / NPS 10 Schedule 100 section where the current shared master has no exact row.
DEFAULT-USAGE-000607,DEFAULT-1885-CS-E,material.elasticModulusPa,,Pa,PE-000120,POS-120,70030,70060,SOURCE_VALUE_UNRESOLVED,3,fnv1a64:38bb39004140b6aa,EA|EI|THERMAL_REACTION|P_DELTA,PROJECT_SCREENING_ONLY,1885S Project Data carbon-steel elastic modulus.
DEFAULT-USAGE-000608,DEFAULT-1885-CS-NU,material.poissonsRatio,,ratio,PE-000120,POS-120,70030,70060,SOURCE_VALUE_UNRESOLVED,3,fnv1a64:38bb39004140b6aa,SHEAR_MODULUS|TORSIONAL_STIFFNESS,PROJECT_SCREENING_ONLY,1885S Project Data carbon-steel Poisson ratio.
DEFAULT-USAGE-000609,DEFAULT-1885-CS-ALPHA,material.thermalExpansionPerC,,1/C,PE-000120,POS-120,70030,70060,SOURCE_VALUE_UNRESOLVED,3,fnv1a64:38bb39004140b6aa,THERMAL_STRAIN|THERMAL_DISPLACEMENT|THERMAL_REACTION,PROJECT_SCREENING_ONLY,1885S Project Data mean thermal-expansion coefficient for the screening state.
DEFAULT-USAGE-000610,DEFAULT-1885-CODE-WALL,section.codeStressWallRule,,,PE-000120,POS-120,70030,70060,SOURCE_VALUE_UNRESOLVED,3,fnv1a64:38bb39004140b6aa,CODE_STRESS_SECTION,PROJECT_SCREENING_ONLY,1885S Project Data code-stress section rule.
DEFAULT-USAGE-000611,DEFAULT-1885-DN250-SCH100-SECTION,section.dimensionsMm,,mm,PE-000121,POS-121,70060,70070,SCHEDULE_MASTER_COVERAGE_MISSING_CONFIG_REQUIRED,3,fnv1a64:38bb39004140b6aa,SECTION_PROPERTIES|WEIGHT|STIFFNESS|STRESS,PROJECT_SCREENING_ONLY,Project-configured DN 250 / NPS 10 Schedule 100 section where the current shared master has no exact row.
DEFAULT-USAGE-000612,DEFAULT-1885-CS-E,material.elasticModulusPa,,Pa,PE-000121,POS-121,70060,70070,SOURCE_VALUE_UNRESOLVED,3,fnv1a64:38bb39004140b6aa,EA|EI|THERMAL_REACTION|P_DELTA,PROJECT_SCREENING_ONLY,1885S Project Data carbon-steel elastic modulus.
DEFAULT-USAGE-000613,DEFAULT-1885-CS-NU,material.poissonsRatio,,ratio,PE-000121,POS-121,70060,70070,SOURCE_VALUE_UNRESOLVED,3,fnv1a64:38bb39004140b6aa,SHEAR_MODULUS|TORSIONAL_STIFFNESS,PROJECT_SCREENING_ONLY,1885S Project Data carbon-steel Poisson ratio.
DEFAULT-USAGE-000614,DEFAULT-1885-CS-ALPHA,material.thermalExpansionPerC,,1/C,PE-000121,POS-121,70060,70070,SOURCE_VALUE_UNRESOLVED,3,fnv1a64:38bb39004140b6aa,THERMAL_STRAIN|THERMAL_DISPLACEMENT|THERMAL_REACTION,PROJECT_SCREENING_ONLY,1885S Project Data mean thermal-expansion coefficient for the screening state.
DEFAULT-USAGE-000615,DEFAULT-1885-CODE-WALL,section.codeStressWallRule,,,PE-000121,POS-121,70060,70070,SOURCE_VALUE_UNRESOLVED,3,fnv1a64:38bb39004140b6aa,CODE_STRESS_SECTION,PROJECT_SCREENING_ONLY,1885S Project Data code-stress section rule.
DEFAULT-USAGE-000616,DEFAULT-1885-CS-E,material.elasticModulusPa,,Pa,PE-000122,POS-122,70070,70080,SOURCE_VALUE_UNRESOLVED,3,fnv1a64:38bb39004140b6aa,EA|EI|THERMAL_REACTION|P_DELTA,PROJECT_SCREENING_ONLY,1885S Project Data carbon-steel elastic modulus.
DEFAULT-USAGE-000617,DEFAULT-1885-CS-NU,material.poissonsRatio,,ratio,PE-000122,POS-122,70070,70080,SOURCE_VALUE_UNRESOLVED,3,fnv1a64:38bb39004140b6aa,SHEAR_MODULUS|TORSIONAL_STIFFNESS,PROJECT_SCREENING_ONLY,1885S Project Data carbon-steel Poisson ratio.
DEFAULT-USAGE-000618,DEFAULT-1885-CS-ALPHA,material.thermalExpansionPerC,,1/C,PE-000122,POS-122,70070,70080,SOURCE_VALUE_UNRESOLVED,3,fnv1a64:38bb39004140b6aa,THERMAL_STRAIN|THERMAL_DISPLACEMENT|THERMAL_REACTION,PROJECT_SCREENING_ONLY,1885S Project Data mean thermal-expansion coefficient for the screening state.
DEFAULT-USAGE-000619,DEFAULT-1885-CODE-WALL,section.codeStressWallRule,,,PE-000122,POS-122,70070,70080,SOURCE_VALUE_UNRESOLVED,3,fnv1a64:38bb39004140b6aa,CODE_STRESS_SECTION,PROJECT_SCREENING_ONLY,1885S Project Data code-stress section rule.
DEFAULT-USAGE-000620,DEFAULT-1885-CS-E,material.elasticModulusPa,,Pa,PE-000123,POS-123,70080,70090,SOURCE_VALUE_UNRESOLVED,3,fnv1a64:38bb39004140b6aa,EA|EI|THERMAL_REACTION|P_DELTA,PROJECT_SCREENING_ONLY,1885S Project Data carbon-steel elastic modulus.
DEFAULT-USAGE-000621,DEFAULT-1885-CS-NU,material.poissonsRatio,,ratio,PE-000123,POS-123,70080,70090,SOURCE_VALUE_UNRESOLVED,3,fnv1a64:38bb39004140b6aa,SHEAR_MODULUS|TORSIONAL_STIFFNESS,PROJECT_SCREENING_ONLY,1885S Project Data carbon-steel Poisson ratio.
DEFAULT-USAGE-000622,DEFAULT-1885-CS-ALPHA,material.thermalExpansionPerC,,1/C,PE-000123,POS-123,70080,70090,SOURCE_VALUE_UNRESOLVED,3,fnv1a64:38bb39004140b6aa,THERMAL_STRAIN|THERMAL_DISPLACEMENT|THERMAL_REACTION,PROJECT_SCREENING_ONLY,1885S Project Data mean thermal-expansion coefficient for the screening state.
DEFAULT-USAGE-000623,DEFAULT-1885-CODE-WALL,section.codeStressWallRule,,,PE-000123,POS-123,70080,70090,SOURCE_VALUE_UNRESOLVED,3,fnv1a64:38bb39004140b6aa,CODE_STRESS_SECTION,PROJECT_SCREENING_ONLY,1885S Project Data code-stress section rule.
DEFAULT-USAGE-000624,DEFAULT-1885-CS-E,material.elasticModulusPa,,Pa,PE-000124,POS-124,70090,10500,SOURCE_VALUE_UNRESOLVED,3,fnv1a64:38bb39004140b6aa,EA|EI|THERMAL_REACTION|P_DELTA,PROJECT_SCREENING_ONLY,1885S Project Data carbon-steel elastic modulus.
DEFAULT-USAGE-000625,DEFAULT-1885-CS-NU,material.poissonsRatio,,ratio,PE-000124,POS-124,70090,10500,SOURCE_VALUE_UNRESOLVED,3,fnv1a64:38bb39004140b6aa,SHEAR_MODULUS|TORSIONAL_STIFFNESS,PROJECT_SCREENING_ONLY,1885S Project Data carbon-steel Poisson ratio.
DEFAULT-USAGE-000626,DEFAULT-1885-CS-ALPHA,material.thermalExpansionPerC,,1/C,PE-000124,POS-124,70090,10500,SOURCE_VALUE_UNRESOLVED,3,fnv1a64:38bb39004140b6aa,THERMAL_STRAIN|THERMAL_DISPLACEMENT|THERMAL_REACTION,PROJECT_SCREENING_ONLY,1885S Project Data mean thermal-expansion coefficient for the screening state.
DEFAULT-USAGE-000627,DEFAULT-1885-CODE-WALL,section.codeStressWallRule,,,PE-000124,POS-124,70090,10500,SOURCE_VALUE_UNRESOLVED,3,fnv1a64:38bb39004140b6aa,CODE_STRESS_SECTION,PROJECT_SCREENING_ONLY,1885S Project Data code-stress section rule.
DEFAULT-USAGE-000628,DEFAULT-1885-MATERIAL-FAMILY,material.family,,,PE-000125,POS-125,10510,80010,SOURCE_VALUE_UNRESOLVED,3,fnv1a64:38bb39004140b6aa,MATERIAL_PROPERTIES|WEIGHT|STIFFNESS|STRESS,PROJECT_SCREENING_ONLY,1885S Project Data material-family screening rule.
DEFAULT-USAGE-000629,DEFAULT-1885-CS-E,material.elasticModulusPa,,Pa,PE-000125,POS-125,10510,80010,SOURCE_VALUE_UNRESOLVED,3,fnv1a64:38bb39004140b6aa,EA|EI|THERMAL_REACTION|P_DELTA,PROJECT_SCREENING_ONLY,1885S Project Data carbon-steel elastic modulus.
DEFAULT-USAGE-000630,DEFAULT-1885-CS-NU,material.poissonsRatio,,ratio,PE-000125,POS-125,10510,80010,SOURCE_VALUE_UNRESOLVED,3,fnv1a64:38bb39004140b6aa,SHEAR_MODULUS|TORSIONAL_STIFFNESS,PROJECT_SCREENING_ONLY,1885S Project Data carbon-steel Poisson ratio.
DEFAULT-USAGE-000631,DEFAULT-1885-CS-ALPHA,material.thermalExpansionPerC,,1/C,PE-000125,POS-125,10510,80010,SOURCE_VALUE_UNRESOLVED,3,fnv1a64:38bb39004140b6aa,THERMAL_STRAIN|THERMAL_DISPLACEMENT|THERMAL_REACTION,PROJECT_SCREENING_ONLY,1885S Project Data mean thermal-expansion coefficient for the screening state.
DEFAULT-USAGE-000632,DEFAULT-1885-CODE-WALL,section.codeStressWallRule,,,PE-000125,POS-125,10510,80010,SOURCE_VALUE_UNRESOLVED,3,fnv1a64:38bb39004140b6aa,CODE_STRESS_SECTION,PROJECT_SCREENING_ONLY,1885S Project Data code-stress section rule.
DEFAULT-USAGE-000633,DEFAULT-1885-MATERIAL-FAMILY,material.family,,,PE-000126,POS-126,80010,80020,SOURCE_VALUE_UNRESOLVED,3,fnv1a64:38bb39004140b6aa,MATERIAL_PROPERTIES|WEIGHT|STIFFNESS|STRESS,PROJECT_SCREENING_ONLY,1885S Project Data material-family screening rule.
DEFAULT-USAGE-000634,DEFAULT-1885-CS-E,material.elasticModulusPa,,Pa,PE-000126,POS-126,80010,80020,SOURCE_VALUE_UNRESOLVED,3,fnv1a64:38bb39004140b6aa,EA|EI|THERMAL_REACTION|P_DELTA,PROJECT_SCREENING_ONLY,1885S Project Data carbon-steel elastic modulus.
DEFAULT-USAGE-000635,DEFAULT-1885-CS-NU,material.poissonsRatio,,ratio,PE-000126,POS-126,80010,80020,SOURCE_VALUE_UNRESOLVED,3,fnv1a64:38bb39004140b6aa,SHEAR_MODULUS|TORSIONAL_STIFFNESS,PROJECT_SCREENING_ONLY,1885S Project Data carbon-steel Poisson ratio.
DEFAULT-USAGE-000636,DEFAULT-1885-CS-ALPHA,material.thermalExpansionPerC,,1/C,PE-000126,POS-126,80010,80020,SOURCE_VALUE_UNRESOLVED,3,fnv1a64:38bb39004140b6aa,THERMAL_STRAIN|THERMAL_DISPLACEMENT|THERMAL_REACTION,PROJECT_SCREENING_ONLY,1885S Project Data mean thermal-expansion coefficient for the screening state.
DEFAULT-USAGE-000637,DEFAULT-1885-CODE-WALL,section.codeStressWallRule,,,PE-000126,POS-126,80010,80020,SOURCE_VALUE_UNRESOLVED,3,fnv1a64:38bb39004140b6aa,CODE_STRESS_SECTION,PROJECT_SCREENING_ONLY,1885S Project Data code-stress section rule.
DEFAULT-USAGE-000638,DEFAULT-1885-MATERIAL-FAMILY,material.family,,,PE-000127,POS-127,80020,80030,SOURCE_VALUE_UNRESOLVED,3,fnv1a64:38bb39004140b6aa,MATERIAL_PROPERTIES|WEIGHT|STIFFNESS|STRESS,PROJECT_SCREENING_ONLY,1885S Project Data material-family screening rule.
DEFAULT-USAGE-000639,DEFAULT-1885-CS-E,material.elasticModulusPa,,Pa,PE-000127,POS-127,80020,80030,SOURCE_VALUE_UNRESOLVED,3,fnv1a64:38bb39004140b6aa,EA|EI|THERMAL_REACTION|P_DELTA,PROJECT_SCREENING_ONLY,1885S Project Data carbon-steel elastic modulus.
DEFAULT-USAGE-000640,DEFAULT-1885-CS-NU,material.poissonsRatio,,ratio,PE-000127,POS-127,80020,80030,SOURCE_VALUE_UNRESOLVED,3,fnv1a64:38bb39004140b6aa,SHEAR_MODULUS|TORSIONAL_STIFFNESS,PROJECT_SCREENING_ONLY,1885S Project Data carbon-steel Poisson ratio.
DEFAULT-USAGE-000641,DEFAULT-1885-CS-ALPHA,material.thermalExpansionPerC,,1/C,PE-000127,POS-127,80020,80030,SOURCE_VALUE_UNRESOLVED,3,fnv1a64:38bb39004140b6aa,THERMAL_STRAIN|THERMAL_DISPLACEMENT|THERMAL_REACTION,PROJECT_SCREENING_ONLY,1885S Project Data mean thermal-expansion coefficient for the screening state.
DEFAULT-USAGE-000642,DEFAULT-1885-CODE-WALL,section.codeStressWallRule,,,PE-000127,POS-127,80020,80030,SOURCE_VALUE_UNRESOLVED,3,fnv1a64:38bb39004140b6aa,CODE_STRESS_SECTION,PROJECT_SCREENING_ONLY,1885S Project Data code-stress section rule.
DEFAULT-USAGE-000643,DEFAULT-1885-MATERIAL-FAMILY,material.family,,,PE-000128,POS-128,80030,80040,SOURCE_VALUE_UNRESOLVED,3,fnv1a64:38bb39004140b6aa,MATERIAL_PROPERTIES|WEIGHT|STIFFNESS|STRESS,PROJECT_SCREENING_ONLY,1885S Project Data material-family screening rule.
DEFAULT-USAGE-000644,DEFAULT-1885-CS-E,material.elasticModulusPa,,Pa,PE-000128,POS-128,80030,80040,SOURCE_VALUE_UNRESOLVED,3,fnv1a64:38bb39004140b6aa,EA|EI|THERMAL_REACTION|P_DELTA,PROJECT_SCREENING_ONLY,1885S Project Data carbon-steel elastic modulus.
DEFAULT-USAGE-000645,DEFAULT-1885-CS-NU,material.poissonsRatio,,ratio,PE-000128,POS-128,80030,80040,SOURCE_VALUE_UNRESOLVED,3,fnv1a64:38bb39004140b6aa,SHEAR_MODULUS|TORSIONAL_STIFFNESS,PROJECT_SCREENING_ONLY,1885S Project Data carbon-steel Poisson ratio.
DEFAULT-USAGE-000646,DEFAULT-1885-CS-ALPHA,material.thermalExpansionPerC,,1/C,PE-000128,POS-128,80030,80040,SOURCE_VALUE_UNRESOLVED,3,fnv1a64:38bb39004140b6aa,THERMAL_STRAIN|THERMAL_DISPLACEMENT|THERMAL_REACTION,PROJECT_SCREENING_ONLY,1885S Project Data mean thermal-expansion coefficient for the screening state.
DEFAULT-USAGE-000647,DEFAULT-1885-CODE-WALL,section.codeStressWallRule,,,PE-000128,POS-128,80030,80040,SOURCE_VALUE_UNRESOLVED,3,fnv1a64:38bb39004140b6aa,CODE_STRESS_SECTION,PROJECT_SCREENING_ONLY,1885S Project Data code-stress section rule.
DEFAULT-USAGE-000648,DEFAULT-1885-MATERIAL-FAMILY,material.family,,,PE-000129,POS-129,80040,10520,SOURCE_VALUE_UNRESOLVED,3,fnv1a64:38bb39004140b6aa,MATERIAL_PROPERTIES|WEIGHT|STIFFNESS|STRESS,PROJECT_SCREENING_ONLY,1885S Project Data material-family screening rule.
DEFAULT-USAGE-000649,DEFAULT-1885-CS-E,material.elasticModulusPa,,Pa,PE-000129,POS-129,80040,10520,SOURCE_VALUE_UNRESOLVED,3,fnv1a64:38bb39004140b6aa,EA|EI|THERMAL_REACTION|P_DELTA,PROJECT_SCREENING_ONLY,1885S Project Data carbon-steel elastic modulus.
DEFAULT-USAGE-000650,DEFAULT-1885-CS-NU,material.poissonsRatio,,ratio,PE-000129,POS-129,80040,10520,SOURCE_VALUE_UNRESOLVED,3,fnv1a64:38bb39004140b6aa,SHEAR_MODULUS|TORSIONAL_STIFFNESS,PROJECT_SCREENING_ONLY,1885S Project Data carbon-steel Poisson ratio.
DEFAULT-USAGE-000651,DEFAULT-1885-CS-ALPHA,material.thermalExpansionPerC,,1/C,PE-000129,POS-129,80040,10520,SOURCE_VALUE_UNRESOLVED,3,fnv1a64:38bb39004140b6aa,THERMAL_STRAIN|THERMAL_DISPLACEMENT|THERMAL_REACTION,PROJECT_SCREENING_ONLY,1885S Project Data mean thermal-expansion coefficient for the screening state.
DEFAULT-USAGE-000652,DEFAULT-1885-CODE-WALL,section.codeStressWallRule,,,PE-000129,POS-129,80040,10520,SOURCE_VALUE_UNRESOLVED,3,fnv1a64:38bb39004140b6aa,CODE_STRESS_SECTION,PROJECT_SCREENING_ONLY,1885S Project Data code-stress section rule.
DEFAULT-USAGE-000653,DEFAULT-1885-DN20-SCH80-SECTION,section.dimensionsMm,,mm,PE-000130,POS-130,10530,90010,SCHEDULE_MASTER_COVERAGE_MISSING_CONFIG_REQUIRED,3,fnv1a64:38bb39004140b6aa,SECTION_PROPERTIES|WEIGHT|STIFFNESS|STRESS,PROJECT_SCREENING_ONLY,Project-configured DN 20 / NPS 3/4 Schedule 80 section where the current shared master has no exact row.
DEFAULT-USAGE-000654,DEFAULT-1885-MATERIAL-FAMILY,material.family,,,PE-000130,POS-130,10530,90010,SOURCE_VALUE_UNRESOLVED,3,fnv1a64:38bb39004140b6aa,MATERIAL_PROPERTIES|WEIGHT|STIFFNESS|STRESS,PROJECT_SCREENING_ONLY,1885S Project Data material-family screening rule.
DEFAULT-USAGE-000655,DEFAULT-1885-CS-E,material.elasticModulusPa,,Pa,PE-000130,POS-130,10530,90010,SOURCE_VALUE_UNRESOLVED,3,fnv1a64:38bb39004140b6aa,EA|EI|THERMAL_REACTION|P_DELTA,PROJECT_SCREENING_ONLY,1885S Project Data carbon-steel elastic modulus.
DEFAULT-USAGE-000656,DEFAULT-1885-CS-NU,material.poissonsRatio,,ratio,PE-000130,POS-130,10530,90010,SOURCE_VALUE_UNRESOLVED,3,fnv1a64:38bb39004140b6aa,SHEAR_MODULUS|TORSIONAL_STIFFNESS,PROJECT_SCREENING_ONLY,1885S Project Data carbon-steel Poisson ratio.
DEFAULT-USAGE-000657,DEFAULT-1885-CS-ALPHA,material.thermalExpansionPerC,,1/C,PE-000130,POS-130,10530,90010,SOURCE_VALUE_UNRESOLVED,3,fnv1a64:38bb39004140b6aa,THERMAL_STRAIN|THERMAL_DISPLACEMENT|THERMAL_REACTION,PROJECT_SCREENING_ONLY,1885S Project Data mean thermal-expansion coefficient for the screening state.
DEFAULT-USAGE-000658,DEFAULT-1885-CODE-WALL,section.codeStressWallRule,,,PE-000130,POS-130,10530,90010,SOURCE_VALUE_UNRESOLVED,3,fnv1a64:38bb39004140b6aa,CODE_STRESS_SECTION,PROJECT_SCREENING_ONLY,1885S Project Data code-stress section rule.
DEFAULT-USAGE-000659,DEFAULT-1885-DN20-SCH80-SECTION,section.dimensionsMm,,mm,PE-000131,POS-131,90010,90020,SCHEDULE_MASTER_COVERAGE_MISSING_CONFIG_REQUIRED,3,fnv1a64:38bb39004140b6aa,SECTION_PROPERTIES|WEIGHT|STIFFNESS|STRESS,PROJECT_SCREENING_ONLY,Project-configured DN 20 / NPS 3/4 Schedule 80 section where the current shared master has no exact row.
DEFAULT-USAGE-000660,DEFAULT-1885-MATERIAL-FAMILY,material.family,,,PE-000131,POS-131,90010,90020,SOURCE_VALUE_UNRESOLVED,3,fnv1a64:38bb39004140b6aa,MATERIAL_PROPERTIES|WEIGHT|STIFFNESS|STRESS,PROJECT_SCREENING_ONLY,1885S Project Data material-family screening rule.
DEFAULT-USAGE-000661,DEFAULT-1885-CS-E,material.elasticModulusPa,,Pa,PE-000131,POS-131,90010,90020,SOURCE_VALUE_UNRESOLVED,3,fnv1a64:38bb39004140b6aa,EA|EI|THERMAL_REACTION|P_DELTA,PROJECT_SCREENING_ONLY,1885S Project Data carbon-steel elastic modulus.
DEFAULT-USAGE-000662,DEFAULT-1885-CS-NU,material.poissonsRatio,,ratio,PE-000131,POS-131,90010,90020,SOURCE_VALUE_UNRESOLVED,3,fnv1a64:38bb39004140b6aa,SHEAR_MODULUS|TORSIONAL_STIFFNESS,PROJECT_SCREENING_ONLY,1885S Project Data carbon-steel Poisson ratio.
DEFAULT-USAGE-000663,DEFAULT-1885-CS-ALPHA,material.thermalExpansionPerC,,1/C,PE-000131,POS-131,90010,90020,SOURCE_VALUE_UNRESOLVED,3,fnv1a64:38bb39004140b6aa,THERMAL_STRAIN|THERMAL_DISPLACEMENT|THERMAL_REACTION,PROJECT_SCREENING_ONLY,1885S Project Data mean thermal-expansion coefficient for the screening state.
DEFAULT-USAGE-000664,DEFAULT-1885-CODE-WALL,section.codeStressWallRule,,,PE-000131,POS-131,90010,90020,SOURCE_VALUE_UNRESOLVED,3,fnv1a64:38bb39004140b6aa,CODE_STRESS_SECTION,PROJECT_SCREENING_ONLY,1885S Project Data code-stress section rule.
DEFAULT-USAGE-000665,DEFAULT-1885-DN20-SCH80-SECTION,section.dimensionsMm,,mm,PE-000132,POS-132,90020,90030,SCHEDULE_MASTER_COVERAGE_MISSING_CONFIG_REQUIRED,3,fnv1a64:38bb39004140b6aa,SECTION_PROPERTIES|WEIGHT|STIFFNESS|STRESS,PROJECT_SCREENING_ONLY,Project-configured DN 20 / NPS 3/4 Schedule 80 section where the current shared master has no exact row.
DEFAULT-USAGE-000666,DEFAULT-1885-MATERIAL-FAMILY,material.family,,,PE-000132,POS-132,90020,90030,SOURCE_VALUE_UNRESOLVED,3,fnv1a64:38bb39004140b6aa,MATERIAL_PROPERTIES|WEIGHT|STIFFNESS|STRESS,PROJECT_SCREENING_ONLY,1885S Project Data material-family screening rule.
DEFAULT-USAGE-000667,DEFAULT-1885-CS-E,material.elasticModulusPa,,Pa,PE-000132,POS-132,90020,90030,SOURCE_VALUE_UNRESOLVED,3,fnv1a64:38bb39004140b6aa,EA|EI|THERMAL_REACTION|P_DELTA,PROJECT_SCREENING_ONLY,1885S Project Data carbon-steel elastic modulus.
DEFAULT-USAGE-000668,DEFAULT-1885-CS-NU,material.poissonsRatio,,ratio,PE-000132,POS-132,90020,90030,SOURCE_VALUE_UNRESOLVED,3,fnv1a64:38bb39004140b6aa,SHEAR_MODULUS|TORSIONAL_STIFFNESS,PROJECT_SCREENING_ONLY,1885S Project Data carbon-steel Poisson ratio.
DEFAULT-USAGE-000669,DEFAULT-1885-CS-ALPHA,material.thermalExpansionPerC,,1/C,PE-000132,POS-132,90020,90030,SOURCE_VALUE_UNRESOLVED,3,fnv1a64:38bb39004140b6aa,THERMAL_STRAIN|THERMAL_DISPLACEMENT|THERMAL_REACTION,PROJECT_SCREENING_ONLY,1885S Project Data mean thermal-expansion coefficient for the screening state.
DEFAULT-USAGE-000670,DEFAULT-1885-CODE-WALL,section.codeStressWallRule,,,PE-000132,POS-132,90020,90030,SOURCE_VALUE_UNRESOLVED,3,fnv1a64:38bb39004140b6aa,CODE_STRESS_SECTION,PROJECT_SCREENING_ONLY,1885S Project Data code-stress section rule.
DEFAULT-USAGE-000671,DEFAULT-1885-DN20-SCH80-SECTION,section.dimensionsMm,,mm,PE-000133,POS-133,90030,90040,SCHEDULE_MASTER_COVERAGE_MISSING_CONFIG_REQUIRED,3,fnv1a64:38bb39004140b6aa,SECTION_PROPERTIES|WEIGHT|STIFFNESS|STRESS,PROJECT_SCREENING_ONLY,Project-configured DN 20 / NPS 3/4 Schedule 80 section where the current shared master has no exact row.
DEFAULT-USAGE-000672,DEFAULT-1885-MATERIAL-FAMILY,material.family,,,PE-000133,POS-133,90030,90040,SOURCE_VALUE_UNRESOLVED,3,fnv1a64:38bb39004140b6aa,MATERIAL_PROPERTIES|WEIGHT|STIFFNESS|STRESS,PROJECT_SCREENING_ONLY,1885S Project Data material-family screening rule.
DEFAULT-USAGE-000673,DEFAULT-1885-CS-E,material.elasticModulusPa,,Pa,PE-000133,POS-133,90030,90040,SOURCE_VALUE_UNRESOLVED,3,fnv1a64:38bb39004140b6aa,EA|EI|THERMAL_REACTION|P_DELTA,PROJECT_SCREENING_ONLY,1885S Project Data carbon-steel elastic modulus.
DEFAULT-USAGE-000674,DEFAULT-1885-CS-NU,material.poissonsRatio,,ratio,PE-000133,POS-133,90030,90040,SOURCE_VALUE_UNRESOLVED,3,fnv1a64:38bb39004140b6aa,SHEAR_MODULUS|TORSIONAL_STIFFNESS,PROJECT_SCREENING_ONLY,1885S Project Data carbon-steel Poisson ratio.
DEFAULT-USAGE-000675,DEFAULT-1885-CS-ALPHA,material.thermalExpansionPerC,,1/C,PE-000133,POS-133,90030,90040,SOURCE_VALUE_UNRESOLVED,3,fnv1a64:38bb39004140b6aa,THERMAL_STRAIN|THERMAL_DISPLACEMENT|THERMAL_REACTION,PROJECT_SCREENING_ONLY,1885S Project Data mean thermal-expansion coefficient for the screening state.
DEFAULT-USAGE-000676,DEFAULT-1885-CODE-WALL,section.codeStressWallRule,,,PE-000133,POS-133,90030,90040,SOURCE_VALUE_UNRESOLVED,3,fnv1a64:38bb39004140b6aa,CODE_STRESS_SECTION,PROJECT_SCREENING_ONLY,1885S Project Data code-stress section rule.
DEFAULT-USAGE-000677,DEFAULT-1885-DN20-SCH80-SECTION,section.dimensionsMm,,mm,PE-000134,POS-134,90040,90050,SCHEDULE_MASTER_COVERAGE_MISSING_CONFIG_REQUIRED,3,fnv1a64:38bb39004140b6aa,SECTION_PROPERTIES|WEIGHT|STIFFNESS|STRESS,PROJECT_SCREENING_ONLY,Project-configured DN 20 / NPS 3/4 Schedule 80 section where the current shared master has no exact row.
DEFAULT-USAGE-000678,DEFAULT-1885-MATERIAL-FAMILY,material.family,,,PE-000134,POS-134,90040,90050,SOURCE_VALUE_UNRESOLVED,3,fnv1a64:38bb39004140b6aa,MATERIAL_PROPERTIES|WEIGHT|STIFFNESS|STRESS,PROJECT_SCREENING_ONLY,1885S Project Data material-family screening rule.
DEFAULT-USAGE-000679,DEFAULT-1885-CS-E,material.elasticModulusPa,,Pa,PE-000134,POS-134,90040,90050,SOURCE_VALUE_UNRESOLVED,3,fnv1a64:38bb39004140b6aa,EA|EI|THERMAL_REACTION|P_DELTA,PROJECT_SCREENING_ONLY,1885S Project Data carbon-steel elastic modulus.
DEFAULT-USAGE-000680,DEFAULT-1885-CS-NU,material.poissonsRatio,,ratio,PE-000134,POS-134,90040,90050,SOURCE_VALUE_UNRESOLVED,3,fnv1a64:38bb39004140b6aa,SHEAR_MODULUS|TORSIONAL_STIFFNESS,PROJECT_SCREENING_ONLY,1885S Project Data carbon-steel Poisson ratio.
DEFAULT-USAGE-000681,DEFAULT-1885-CS-ALPHA,material.thermalExpansionPerC,,1/C,PE-000134,POS-134,90040,90050,SOURCE_VALUE_UNRESOLVED,3,fnv1a64:38bb39004140b6aa,THERMAL_STRAIN|THERMAL_DISPLACEMENT|THERMAL_REACTION,PROJECT_SCREENING_ONLY,1885S Project Data mean thermal-expansion coefficient for the screening state.
DEFAULT-USAGE-000682,DEFAULT-1885-CODE-WALL,section.codeStressWallRule,,,PE-000134,POS-134,90040,90050,SOURCE_VALUE_UNRESOLVED,3,fnv1a64:38bb39004140b6aa,CODE_STRESS_SECTION,PROJECT_SCREENING_ONLY,1885S Project Data code-stress section rule.
DEFAULT-USAGE-000683,DEFAULT-1885-DN20-SCH80-SECTION,section.dimensionsMm,,mm,PE-000135,POS-135,90050,90060,SCHEDULE_MASTER_COVERAGE_MISSING_CONFIG_REQUIRED,3,fnv1a64:38bb39004140b6aa,SECTION_PROPERTIES|WEIGHT|STIFFNESS|STRESS,PROJECT_SCREENING_ONLY,Project-configured DN 20 / NPS 3/4 Schedule 80 section where the current shared master has no exact row.
DEFAULT-USAGE-000684,DEFAULT-1885-MATERIAL-FAMILY,material.family,,,PE-000135,POS-135,90050,90060,SOURCE_VALUE_UNRESOLVED,3,fnv1a64:38bb39004140b6aa,MATERIAL_PROPERTIES|WEIGHT|STIFFNESS|STRESS,PROJECT_SCREENING_ONLY,1885S Project Data material-family screening rule.
DEFAULT-USAGE-000685,DEFAULT-1885-CS-E,material.elasticModulusPa,,Pa,PE-000135,POS-135,90050,90060,SOURCE_VALUE_UNRESOLVED,3,fnv1a64:38bb39004140b6aa,EA|EI|THERMAL_REACTION|P_DELTA,PROJECT_SCREENING_ONLY,1885S Project Data carbon-steel elastic modulus.
DEFAULT-USAGE-000686,DEFAULT-1885-CS-NU,material.poissonsRatio,,ratio,PE-000135,POS-135,90050,90060,SOURCE_VALUE_UNRESOLVED,3,fnv1a64:38bb39004140b6aa,SHEAR_MODULUS|TORSIONAL_STIFFNESS,PROJECT_SCREENING_ONLY,1885S Project Data carbon-steel Poisson ratio.
DEFAULT-USAGE-000687,DEFAULT-1885-CS-ALPHA,material.thermalExpansionPerC,,1/C,PE-000135,POS-135,90050,90060,SOURCE_VALUE_UNRESOLVED,3,fnv1a64:38bb39004140b6aa,THERMAL_STRAIN|THERMAL_DISPLACEMENT|THERMAL_REACTION,PROJECT_SCREENING_ONLY,1885S Project Data mean thermal-expansion coefficient for the screening state.
DEFAULT-USAGE-000688,DEFAULT-1885-CODE-WALL,section.codeStressWallRule,,,PE-000135,POS-135,90050,90060,SOURCE_VALUE_UNRESOLVED,3,fnv1a64:38bb39004140b6aa,CODE_STRESS_SECTION,PROJECT_SCREENING_ONLY,1885S Project Data code-stress section rule.
DEFAULT-USAGE-000689,DEFAULT-1885-DN20-SCH80-SECTION,section.dimensionsMm,,mm,PE-000136,POS-136,90060,90070,SCHEDULE_MASTER_COVERAGE_MISSING_CONFIG_REQUIRED,3,fnv1a64:38bb39004140b6aa,SECTION_PROPERTIES|WEIGHT|STIFFNESS|STRESS,PROJECT_SCREENING_ONLY,Project-configured DN 20 / NPS 3/4 Schedule 80 section where the current shared master has no exact row.
DEFAULT-USAGE-000690,DEFAULT-1885-MATERIAL-FAMILY,material.family,,,PE-000136,POS-136,90060,90070,SOURCE_VALUE_UNRESOLVED,3,fnv1a64:38bb39004140b6aa,MATERIAL_PROPERTIES|WEIGHT|STIFFNESS|STRESS,PROJECT_SCREENING_ONLY,1885S Project Data material-family screening rule.
DEFAULT-USAGE-000691,DEFAULT-1885-CS-E,material.elasticModulusPa,,Pa,PE-000136,POS-136,90060,90070,SOURCE_VALUE_UNRESOLVED,3,fnv1a64:38bb39004140b6aa,EA|EI|THERMAL_REACTION|P_DELTA,PROJECT_SCREENING_ONLY,1885S Project Data carbon-steel elastic modulus.
DEFAULT-USAGE-000692,DEFAULT-1885-CS-NU,material.poissonsRatio,,ratio,PE-000136,POS-136,90060,90070,SOURCE_VALUE_UNRESOLVED,3,fnv1a64:38bb39004140b6aa,SHEAR_MODULUS|TORSIONAL_STIFFNESS,PROJECT_SCREENING_ONLY,1885S Project Data carbon-steel Poisson ratio.
DEFAULT-USAGE-000693,DEFAULT-1885-CS-ALPHA,material.thermalExpansionPerC,,1/C,PE-000136,POS-136,90060,90070,SOURCE_VALUE_UNRESOLVED,3,fnv1a64:38bb39004140b6aa,THERMAL_STRAIN|THERMAL_DISPLACEMENT|THERMAL_REACTION,PROJECT_SCREENING_ONLY,1885S Project Data mean thermal-expansion coefficient for the screening state.
DEFAULT-USAGE-000694,DEFAULT-1885-CODE-WALL,section.codeStressWallRule,,,PE-000136,POS-136,90060,90070,SOURCE_VALUE_UNRESOLVED,3,fnv1a64:38bb39004140b6aa,CODE_STRESS_SECTION,PROJECT_SCREENING_ONLY,1885S Project Data code-stress section rule.
DEFAULT-USAGE-000695,DEFAULT-1885-DN20-SCH80-SECTION,section.dimensionsMm,,mm,PE-000137,POS-137,90070,90080,SCHEDULE_MASTER_COVERAGE_MISSING_CONFIG_REQUIRED,3,fnv1a64:38bb39004140b6aa,SECTION_PROPERTIES|WEIGHT|STIFFNESS|STRESS,PROJECT_SCREENING_ONLY,Project-configured DN 20 / NPS 3/4 Schedule 80 section where the current shared master has no exact row.
DEFAULT-USAGE-000696,DEFAULT-1885-MATERIAL-FAMILY,material.family,,,PE-000137,POS-137,90070,90080,SOURCE_VALUE_UNRESOLVED,3,fnv1a64:38bb39004140b6aa,MATERIAL_PROPERTIES|WEIGHT|STIFFNESS|STRESS,PROJECT_SCREENING_ONLY,1885S Project Data material-family screening rule.
DEFAULT-USAGE-000697,DEFAULT-1885-CS-E,material.elasticModulusPa,,Pa,PE-000137,POS-137,90070,90080,SOURCE_VALUE_UNRESOLVED,3,fnv1a64:38bb39004140b6aa,EA|EI|THERMAL_REACTION|P_DELTA,PROJECT_SCREENING_ONLY,1885S Project Data carbon-steel elastic modulus.
DEFAULT-USAGE-000698,DEFAULT-1885-CS-NU,material.poissonsRatio,,ratio,PE-000137,POS-137,90070,90080,SOURCE_VALUE_UNRESOLVED,3,fnv1a64:38bb39004140b6aa,SHEAR_MODULUS|TORSIONAL_STIFFNESS,PROJECT_SCREENING_ONLY,1885S Project Data carbon-steel Poisson ratio.
DEFAULT-USAGE-000699,DEFAULT-1885-CS-ALPHA,material.thermalExpansionPerC,,1/C,PE-000137,POS-137,90070,90080,SOURCE_VALUE_UNRESOLVED,3,fnv1a64:38bb39004140b6aa,THERMAL_STRAIN|THERMAL_DISPLACEMENT|THERMAL_REACTION,PROJECT_SCREENING_ONLY,1885S Project Data mean thermal-expansion coefficient for the screening state.
DEFAULT-USAGE-000700,DEFAULT-1885-CODE-WALL,section.codeStressWallRule,,,PE-000137,POS-137,90070,90080,SOURCE_VALUE_UNRESOLVED,3,fnv1a64:38bb39004140b6aa,CODE_STRESS_SECTION,PROJECT_SCREENING_ONLY,1885S Project Data code-stress section rule.
DEFAULT-USAGE-000701,DEFAULT-1885-DN20-SCH80-SECTION,section.dimensionsMm,,mm,PE-000138,POS-138,90080,90090,SCHEDULE_MASTER_COVERAGE_MISSING_CONFIG_REQUIRED,3,fnv1a64:38bb39004140b6aa,SECTION_PROPERTIES|WEIGHT|STIFFNESS|STRESS,PROJECT_SCREENING_ONLY,Project-configured DN 20 / NPS 3/4 Schedule 80 section where the current shared master has no exact row.
DEFAULT-USAGE-000702,DEFAULT-1885-MATERIAL-FAMILY,material.family,,,PE-000138,POS-138,90080,90090,SOURCE_VALUE_UNRESOLVED,3,fnv1a64:38bb39004140b6aa,MATERIAL_PROPERTIES|WEIGHT|STIFFNESS|STRESS,PROJECT_SCREENING_ONLY,1885S Project Data material-family screening rule.
DEFAULT-USAGE-000703,DEFAULT-1885-CS-E,material.elasticModulusPa,,Pa,PE-000138,POS-138,90080,90090,SOURCE_VALUE_UNRESOLVED,3,fnv1a64:38bb39004140b6aa,EA|EI|THERMAL_REACTION|P_DELTA,PROJECT_SCREENING_ONLY,1885S Project Data carbon-steel elastic modulus.
DEFAULT-USAGE-000704,DEFAULT-1885-CS-NU,material.poissonsRatio,,ratio,PE-000138,POS-138,90080,90090,SOURCE_VALUE_UNRESOLVED,3,fnv1a64:38bb39004140b6aa,SHEAR_MODULUS|TORSIONAL_STIFFNESS,PROJECT_SCREENING_ONLY,1885S Project Data carbon-steel Poisson ratio.
DEFAULT-USAGE-000705,DEFAULT-1885-CS-ALPHA,material.thermalExpansionPerC,,1/C,PE-000138,POS-138,90080,90090,SOURCE_VALUE_UNRESOLVED,3,fnv1a64:38bb39004140b6aa,THERMAL_STRAIN|THERMAL_DISPLACEMENT|THERMAL_REACTION,PROJECT_SCREENING_ONLY,1885S Project Data mean thermal-expansion coefficient for the screening state.
DEFAULT-USAGE-000706,DEFAULT-1885-CODE-WALL,section.codeStressWallRule,,,PE-000138,POS-138,90080,90090,SOURCE_VALUE_UNRESOLVED,3,fnv1a64:38bb39004140b6aa,CODE_STRESS_SECTION,PROJECT_SCREENING_ONLY,1885S Project Data code-stress section rule.
DEFAULT-USAGE-000707,DEFAULT-1885-DN20-SCH80-SECTION,section.dimensionsMm,,mm,PE-000139,POS-139,90090,90100,SCHEDULE_MASTER_COVERAGE_MISSING_CONFIG_REQUIRED,3,fnv1a64:38bb39004140b6aa,SECTION_PROPERTIES|WEIGHT|STIFFNESS|STRESS,PROJECT_SCREENING_ONLY,Project-configured DN 20 / NPS 3/4 Schedule 80 section where the current shared master has no exact row.
DEFAULT-USAGE-000708,DEFAULT-1885-MATERIAL-FAMILY,material.family,,,PE-000139,POS-139,90090,90100,SOURCE_VALUE_UNRESOLVED,3,fnv1a64:38bb39004140b6aa,MATERIAL_PROPERTIES|WEIGHT|STIFFNESS|STRESS,PROJECT_SCREENING_ONLY,1885S Project Data material-family screening rule.
DEFAULT-USAGE-000709,DEFAULT-1885-CS-E,material.elasticModulusPa,,Pa,PE-000139,POS-139,90090,90100,SOURCE_VALUE_UNRESOLVED,3,fnv1a64:38bb39004140b6aa,EA|EI|THERMAL_REACTION|P_DELTA,PROJECT_SCREENING_ONLY,1885S Project Data carbon-steel elastic modulus.
DEFAULT-USAGE-000710,DEFAULT-1885-CS-NU,material.poissonsRatio,,ratio,PE-000139,POS-139,90090,90100,SOURCE_VALUE_UNRESOLVED,3,fnv1a64:38bb39004140b6aa,SHEAR_MODULUS|TORSIONAL_STIFFNESS,PROJECT_SCREENING_ONLY,1885S Project Data carbon-steel Poisson ratio.
DEFAULT-USAGE-000711,DEFAULT-1885-CS-ALPHA,material.thermalExpansionPerC,,1/C,PE-000139,POS-139,90090,90100,SOURCE_VALUE_UNRESOLVED,3,fnv1a64:38bb39004140b6aa,THERMAL_STRAIN|THERMAL_DISPLACEMENT|THERMAL_REACTION,PROJECT_SCREENING_ONLY,1885S Project Data mean thermal-expansion coefficient for the screening state.
DEFAULT-USAGE-000712,DEFAULT-1885-CODE-WALL,section.codeStressWallRule,,,PE-000139,POS-139,90090,90100,SOURCE_VALUE_UNRESOLVED,3,fnv1a64:38bb39004140b6aa,CODE_STRESS_SECTION,PROJECT_SCREENING_ONLY,1885S Project Data code-stress section rule.
DEFAULT-USAGE-000713,DEFAULT-1885-DN20-SCH80-SECTION,section.dimensionsMm,,mm,PE-000140,POS-140,90100,90110,SCHEDULE_MASTER_COVERAGE_MISSING_CONFIG_REQUIRED,3,fnv1a64:38bb39004140b6aa,SECTION_PROPERTIES|WEIGHT|STIFFNESS|STRESS,PROJECT_SCREENING_ONLY,Project-configured DN 20 / NPS 3/4 Schedule 80 section where the current shared master has no exact row.
DEFAULT-USAGE-000714,DEFAULT-1885-MATERIAL-FAMILY,material.family,,,PE-000140,POS-140,90100,90110,SOURCE_VALUE_UNRESOLVED,3,fnv1a64:38bb39004140b6aa,MATERIAL_PROPERTIES|WEIGHT|STIFFNESS|STRESS,PROJECT_SCREENING_ONLY,1885S Project Data material-family screening rule.
DEFAULT-USAGE-000715,DEFAULT-1885-CS-E,material.elasticModulusPa,,Pa,PE-000140,POS-140,90100,90110,SOURCE_VALUE_UNRESOLVED,3,fnv1a64:38bb39004140b6aa,EA|EI|THERMAL_REACTION|P_DELTA,PROJECT_SCREENING_ONLY,1885S Project Data carbon-steel elastic modulus.
DEFAULT-USAGE-000716,DEFAULT-1885-CS-NU,material.poissonsRatio,,ratio,PE-000140,POS-140,90100,90110,SOURCE_VALUE_UNRESOLVED,3,fnv1a64:38bb39004140b6aa,SHEAR_MODULUS|TORSIONAL_STIFFNESS,PROJECT_SCREENING_ONLY,1885S Project Data carbon-steel Poisson ratio.
DEFAULT-USAGE-000717,DEFAULT-1885-CS-ALPHA,material.thermalExpansionPerC,,1/C,PE-000140,POS-140,90100,90110,SOURCE_VALUE_UNRESOLVED,3,fnv1a64:38bb39004140b6aa,THERMAL_STRAIN|THERMAL_DISPLACEMENT|THERMAL_REACTION,PROJECT_SCREENING_ONLY,1885S Project Data mean thermal-expansion coefficient for the screening state.
DEFAULT-USAGE-000718,DEFAULT-1885-CODE-WALL,section.codeStressWallRule,,,PE-000140,POS-140,90100,90110,SOURCE_VALUE_UNRESOLVED,3,fnv1a64:38bb39004140b6aa,CODE_STRESS_SECTION,PROJECT_SCREENING_ONLY,1885S Project Data code-stress section rule.
DEFAULT-USAGE-000719,DEFAULT-1885-DN20-SCH80-SECTION,section.dimensionsMm,,mm,PE-000141,POS-141,90110,90120,SCHEDULE_MASTER_COVERAGE_MISSING_CONFIG_REQUIRED,3,fnv1a64:38bb39004140b6aa,SECTION_PROPERTIES|WEIGHT|STIFFNESS|STRESS,PROJECT_SCREENING_ONLY,Project-configured DN 20 / NPS 3/4 Schedule 80 section where the current shared master has no exact row.
DEFAULT-USAGE-000720,DEFAULT-1885-MATERIAL-FAMILY,material.family,,,PE-000141,POS-141,90110,90120,SOURCE_VALUE_UNRESOLVED,3,fnv1a64:38bb39004140b6aa,MATERIAL_PROPERTIES|WEIGHT|STIFFNESS|STRESS,PROJECT_SCREENING_ONLY,1885S Project Data material-family screening rule.
DEFAULT-USAGE-000721,DEFAULT-1885-CS-E,material.elasticModulusPa,,Pa,PE-000141,POS-141,90110,90120,SOURCE_VALUE_UNRESOLVED,3,fnv1a64:38bb39004140b6aa,EA|EI|THERMAL_REACTION|P_DELTA,PROJECT_SCREENING_ONLY,1885S Project Data carbon-steel elastic modulus.
DEFAULT-USAGE-000722,DEFAULT-1885-CS-NU,material.poissonsRatio,,ratio,PE-000141,POS-141,90110,90120,SOURCE_VALUE_UNRESOLVED,3,fnv1a64:38bb39004140b6aa,SHEAR_MODULUS|TORSIONAL_STIFFNESS,PROJECT_SCREENING_ONLY,1885S Project Data carbon-steel Poisson ratio.
DEFAULT-USAGE-000723,DEFAULT-1885-CS-ALPHA,material.thermalExpansionPerC,,1/C,PE-000141,POS-141,90110,90120,SOURCE_VALUE_UNRESOLVED,3,fnv1a64:38bb39004140b6aa,THERMAL_STRAIN|THERMAL_DISPLACEMENT|THERMAL_REACTION,PROJECT_SCREENING_ONLY,1885S Project Data mean thermal-expansion coefficient for the screening state.
DEFAULT-USAGE-000724,DEFAULT-1885-CODE-WALL,section.codeStressWallRule,,,PE-000141,POS-141,90110,90120,SOURCE_VALUE_UNRESOLVED,3,fnv1a64:38bb39004140b6aa,CODE_STRESS_SECTION,PROJECT_SCREENING_ONLY,1885S Project Data code-stress section rule.
DEFAULT-USAGE-000725,DEFAULT-1885-DN20-SCH80-SECTION,section.dimensionsMm,,mm,PE-000142,POS-142,90120,90130,SCHEDULE_MASTER_COVERAGE_MISSING_CONFIG_REQUIRED,3,fnv1a64:38bb39004140b6aa,SECTION_PROPERTIES|WEIGHT|STIFFNESS|STRESS,PROJECT_SCREENING_ONLY,Project-configured DN 20 / NPS 3/4 Schedule 80 section where the current shared master has no exact row.
DEFAULT-USAGE-000726,DEFAULT-1885-MATERIAL-FAMILY,material.family,,,PE-000142,POS-142,90120,90130,SOURCE_VALUE_UNRESOLVED,3,fnv1a64:38bb39004140b6aa,MATERIAL_PROPERTIES|WEIGHT|STIFFNESS|STRESS,PROJECT_SCREENING_ONLY,1885S Project Data material-family screening rule.
DEFAULT-USAGE-000727,DEFAULT-1885-CS-E,material.elasticModulusPa,,Pa,PE-000142,POS-142,90120,90130,SOURCE_VALUE_UNRESOLVED,3,fnv1a64:38bb39004140b6aa,EA|EI|THERMAL_REACTION|P_DELTA,PROJECT_SCREENING_ONLY,1885S Project Data carbon-steel elastic modulus.
DEFAULT-USAGE-000728,DEFAULT-1885-CS-NU,material.poissonsRatio,,ratio,PE-000142,POS-142,90120,90130,SOURCE_VALUE_UNRESOLVED,3,fnv1a64:38bb39004140b6aa,SHEAR_MODULUS|TORSIONAL_STIFFNESS,PROJECT_SCREENING_ONLY,1885S Project Data carbon-steel Poisson ratio.
DEFAULT-USAGE-000729,DEFAULT-1885-CS-ALPHA,material.thermalExpansionPerC,,1/C,PE-000142,POS-142,90120,90130,SOURCE_VALUE_UNRESOLVED,3,fnv1a64:38bb39004140b6aa,THERMAL_STRAIN|THERMAL_DISPLACEMENT|THERMAL_REACTION,PROJECT_SCREENING_ONLY,1885S Project Data mean thermal-expansion coefficient for the screening state.
DEFAULT-USAGE-000730,DEFAULT-1885-CODE-WALL,section.codeStressWallRule,,,PE-000142,POS-142,90120,90130,SOURCE_VALUE_UNRESOLVED,3,fnv1a64:38bb39004140b6aa,CODE_STRESS_SECTION,PROJECT_SCREENING_ONLY,1885S Project Data code-stress section rule.
DEFAULT-USAGE-000731,DEFAULT-1885-DN20-SCH80-SECTION,section.dimensionsMm,,mm,PE-000143,POS-143,90130,10540,SCHEDULE_MASTER_COVERAGE_MISSING_CONFIG_REQUIRED,3,fnv1a64:38bb39004140b6aa,SECTION_PROPERTIES|WEIGHT|STIFFNESS|STRESS,PROJECT_SCREENING_ONLY,Project-configured DN 20 / NPS 3/4 Schedule 80 section where the current shared master has no exact row.
DEFAULT-USAGE-000732,DEFAULT-1885-MATERIAL-FAMILY,material.family,,,PE-000143,POS-143,90130,10540,SOURCE_VALUE_UNRESOLVED,3,fnv1a64:38bb39004140b6aa,MATERIAL_PROPERTIES|WEIGHT|STIFFNESS|STRESS,PROJECT_SCREENING_ONLY,1885S Project Data material-family screening rule.
DEFAULT-USAGE-000733,DEFAULT-1885-CS-E,material.elasticModulusPa,,Pa,PE-000143,POS-143,90130,10540,SOURCE_VALUE_UNRESOLVED,3,fnv1a64:38bb39004140b6aa,EA|EI|THERMAL_REACTION|P_DELTA,PROJECT_SCREENING_ONLY,1885S Project Data carbon-steel elastic modulus.
DEFAULT-USAGE-000734,DEFAULT-1885-CS-NU,material.poissonsRatio,,ratio,PE-000143,POS-143,90130,10540,SOURCE_VALUE_UNRESOLVED,3,fnv1a64:38bb39004140b6aa,SHEAR_MODULUS|TORSIONAL_STIFFNESS,PROJECT_SCREENING_ONLY,1885S Project Data carbon-steel Poisson ratio.
DEFAULT-USAGE-000735,DEFAULT-1885-CS-ALPHA,material.thermalExpansionPerC,,1/C,PE-000143,POS-143,90130,10540,SOURCE_VALUE_UNRESOLVED,3,fnv1a64:38bb39004140b6aa,THERMAL_STRAIN|THERMAL_DISPLACEMENT|THERMAL_REACTION,PROJECT_SCREENING_ONLY,1885S Project Data mean thermal-expansion coefficient for the screening state.
DEFAULT-USAGE-000736,DEFAULT-1885-CODE-WALL,section.codeStressWallRule,,,PE-000143,POS-143,90130,10540,SOURCE_VALUE_UNRESOLVED,3,fnv1a64:38bb39004140b6aa,CODE_STRESS_SECTION,PROJECT_SCREENING_ONLY,1885S Project Data code-stress section rule.
DEFAULT-USAGE-000737,DEFAULT-1885-DN20-SCH80-SECTION,section.dimensionsMm,,mm,PE-000144,POS-144,10550,100020,SCHEDULE_MASTER_COVERAGE_MISSING_CONFIG_REQUIRED,3,fnv1a64:38bb39004140b6aa,SECTION_PROPERTIES|WEIGHT|STIFFNESS|STRESS,PROJECT_SCREENING_ONLY,Project-configured DN 20 / NPS 3/4 Schedule 80 section where the current shared master has no exact row.
DEFAULT-USAGE-000738,DEFAULT-1885-MATERIAL-FAMILY,material.family,,,PE-000144,POS-144,10550,100020,SOURCE_VALUE_UNRESOLVED,3,fnv1a64:38bb39004140b6aa,MATERIAL_PROPERTIES|WEIGHT|STIFFNESS|STRESS,PROJECT_SCREENING_ONLY,1885S Project Data material-family screening rule.
DEFAULT-USAGE-000739,DEFAULT-1885-CS-E,material.elasticModulusPa,,Pa,PE-000144,POS-144,10550,100020,SOURCE_VALUE_UNRESOLVED,3,fnv1a64:38bb39004140b6aa,EA|EI|THERMAL_REACTION|P_DELTA,PROJECT_SCREENING_ONLY,1885S Project Data carbon-steel elastic modulus.
DEFAULT-USAGE-000740,DEFAULT-1885-CS-NU,material.poissonsRatio,,ratio,PE-000144,POS-144,10550,100020,SOURCE_VALUE_UNRESOLVED,3,fnv1a64:38bb39004140b6aa,SHEAR_MODULUS|TORSIONAL_STIFFNESS,PROJECT_SCREENING_ONLY,1885S Project Data carbon-steel Poisson ratio.
DEFAULT-USAGE-000741,DEFAULT-1885-CS-ALPHA,material.thermalExpansionPerC,,1/C,PE-000144,POS-144,10550,100020,SOURCE_VALUE_UNRESOLVED,3,fnv1a64:38bb39004140b6aa,THERMAL_STRAIN|THERMAL_DISPLACEMENT|THERMAL_REACTION,PROJECT_SCREENING_ONLY,1885S Project Data mean thermal-expansion coefficient for the screening state.
DEFAULT-USAGE-000742,DEFAULT-1885-CODE-WALL,section.codeStressWallRule,,,PE-000144,POS-144,10550,100020,SOURCE_VALUE_UNRESOLVED,3,fnv1a64:38bb39004140b6aa,CODE_STRESS_SECTION,PROJECT_SCREENING_ONLY,1885S Project Data code-stress section rule.
DEFAULT-USAGE-000743,DEFAULT-1885-DN20-SCH80-SECTION,section.dimensionsMm,,mm,PE-000145,POS-145,100020,100010,SCHEDULE_MASTER_COVERAGE_MISSING_CONFIG_REQUIRED,3,fnv1a64:38bb39004140b6aa,SECTION_PROPERTIES|WEIGHT|STIFFNESS|STRESS,PROJECT_SCREENING_ONLY,Project-configured DN 20 / NPS 3/4 Schedule 80 section where the current shared master has no exact row.
DEFAULT-USAGE-000744,DEFAULT-1885-MATERIAL-FAMILY,material.family,,,PE-000145,POS-145,100020,100010,SOURCE_VALUE_UNRESOLVED,3,fnv1a64:38bb39004140b6aa,MATERIAL_PROPERTIES|WEIGHT|STIFFNESS|STRESS,PROJECT_SCREENING_ONLY,1885S Project Data material-family screening rule.
DEFAULT-USAGE-000745,DEFAULT-1885-CS-E,material.elasticModulusPa,,Pa,PE-000145,POS-145,100020,100010,SOURCE_VALUE_UNRESOLVED,3,fnv1a64:38bb39004140b6aa,EA|EI|THERMAL_REACTION|P_DELTA,PROJECT_SCREENING_ONLY,1885S Project Data carbon-steel elastic modulus.
DEFAULT-USAGE-000746,DEFAULT-1885-CS-NU,material.poissonsRatio,,ratio,PE-000145,POS-145,100020,100010,SOURCE_VALUE_UNRESOLVED,3,fnv1a64:38bb39004140b6aa,SHEAR_MODULUS|TORSIONAL_STIFFNESS,PROJECT_SCREENING_ONLY,1885S Project Data carbon-steel Poisson ratio.
DEFAULT-USAGE-000747,DEFAULT-1885-CS-ALPHA,material.thermalExpansionPerC,,1/C,PE-000145,POS-145,100020,100010,SOURCE_VALUE_UNRESOLVED,3,fnv1a64:38bb39004140b6aa,THERMAL_STRAIN|THERMAL_DISPLACEMENT|THERMAL_REACTION,PROJECT_SCREENING_ONLY,1885S Project Data mean thermal-expansion coefficient for the screening state.
DEFAULT-USAGE-000748,DEFAULT-1885-CODE-WALL,section.codeStressWallRule,,,PE-000145,POS-145,100020,100010,SOURCE_VALUE_UNRESOLVED,3,fnv1a64:38bb39004140b6aa,CODE_STRESS_SECTION,PROJECT_SCREENING_ONLY,1885S Project Data code-stress section rule.
DEFAULT-USAGE-000749,DEFAULT-1885-DN20-SCH80-SECTION,section.dimensionsMm,,mm,PE-000146,POS-146,100010,100030,SCHEDULE_MASTER_COVERAGE_MISSING_CONFIG_REQUIRED,3,fnv1a64:38bb39004140b6aa,SECTION_PROPERTIES|WEIGHT|STIFFNESS|STRESS,PROJECT_SCREENING_ONLY,Project-configured DN 20 / NPS 3/4 Schedule 80 section where the current shared master has no exact row.
DEFAULT-USAGE-000750,DEFAULT-1885-MATERIAL-FAMILY,material.family,,,PE-000146,POS-146,100010,100030,SOURCE_VALUE_UNRESOLVED,3,fnv1a64:38bb39004140b6aa,MATERIAL_PROPERTIES|WEIGHT|STIFFNESS|STRESS,PROJECT_SCREENING_ONLY,1885S Project Data material-family screening rule.
DEFAULT-USAGE-000751,DEFAULT-1885-CS-E,material.elasticModulusPa,,Pa,PE-000146,POS-146,100010,100030,SOURCE_VALUE_UNRESOLVED,3,fnv1a64:38bb39004140b6aa,EA|EI|THERMAL_REACTION|P_DELTA,PROJECT_SCREENING_ONLY,1885S Project Data carbon-steel elastic modulus.
DEFAULT-USAGE-000752,DEFAULT-1885-CS-NU,material.poissonsRatio,,ratio,PE-000146,POS-146,100010,100030,SOURCE_VALUE_UNRESOLVED,3,fnv1a64:38bb39004140b6aa,SHEAR_MODULUS|TORSIONAL_STIFFNESS,PROJECT_SCREENING_ONLY,1885S Project Data carbon-steel Poisson ratio.
DEFAULT-USAGE-000753,DEFAULT-1885-CS-ALPHA,material.thermalExpansionPerC,,1/C,PE-000146,POS-146,100010,100030,SOURCE_VALUE_UNRESOLVED,3,fnv1a64:38bb39004140b6aa,THERMAL_STRAIN|THERMAL_DISPLACEMENT|THERMAL_REACTION,PROJECT_SCREENING_ONLY,1885S Project Data mean thermal-expansion coefficient for the screening state.
DEFAULT-USAGE-000754,DEFAULT-1885-CODE-WALL,section.codeStressWallRule,,,PE-000146,POS-146,100010,100030,SOURCE_VALUE_UNRESOLVED,3,fnv1a64:38bb39004140b6aa,CODE_STRESS_SECTION,PROJECT_SCREENING_ONLY,1885S Project Data code-stress section rule.
DEFAULT-USAGE-000755,DEFAULT-1885-DN20-SCH80-SECTION,section.dimensionsMm,,mm,PE-000147,POS-147,100030,100040,SCHEDULE_MASTER_COVERAGE_MISSING_CONFIG_REQUIRED,3,fnv1a64:38bb39004140b6aa,SECTION_PROPERTIES|WEIGHT|STIFFNESS|STRESS,PROJECT_SCREENING_ONLY,Project-configured DN 20 / NPS 3/4 Schedule 80 section where the current shared master has no exact row.
DEFAULT-USAGE-000756,DEFAULT-1885-MATERIAL-FAMILY,material.family,,,PE-000147,POS-147,100030,100040,SOURCE_VALUE_UNRESOLVED,3,fnv1a64:38bb39004140b6aa,MATERIAL_PROPERTIES|WEIGHT|STIFFNESS|STRESS,PROJECT_SCREENING_ONLY,1885S Project Data material-family screening rule.
DEFAULT-USAGE-000757,DEFAULT-1885-CS-E,material.elasticModulusPa,,Pa,PE-000147,POS-147,100030,100040,SOURCE_VALUE_UNRESOLVED,3,fnv1a64:38bb39004140b6aa,EA|EI|THERMAL_REACTION|P_DELTA,PROJECT_SCREENING_ONLY,1885S Project Data carbon-steel elastic modulus.
DEFAULT-USAGE-000758,DEFAULT-1885-CS-NU,material.poissonsRatio,,ratio,PE-000147,POS-147,100030,100040,SOURCE_VALUE_UNRESOLVED,3,fnv1a64:38bb39004140b6aa,SHEAR_MODULUS|TORSIONAL_STIFFNESS,PROJECT_SCREENING_ONLY,1885S Project Data carbon-steel Poisson ratio.
DEFAULT-USAGE-000759,DEFAULT-1885-CS-ALPHA,material.thermalExpansionPerC,,1/C,PE-000147,POS-147,100030,100040,SOURCE_VALUE_UNRESOLVED,3,fnv1a64:38bb39004140b6aa,THERMAL_STRAIN|THERMAL_DISPLACEMENT|THERMAL_REACTION,PROJECT_SCREENING_ONLY,1885S Project Data mean thermal-expansion coefficient for the screening state.
DEFAULT-USAGE-000760,DEFAULT-1885-CODE-WALL,section.codeStressWallRule,,,PE-000147,POS-147,100030,100040,SOURCE_VALUE_UNRESOLVED,3,fnv1a64:38bb39004140b6aa,CODE_STRESS_SECTION,PROJECT_SCREENING_ONLY,1885S Project Data code-stress section rule.
DEFAULT-USAGE-000761,DEFAULT-1885-DN20-SCH80-SECTION,section.dimensionsMm,,mm,PE-000148,POS-148,100040,100050,SCHEDULE_MASTER_COVERAGE_MISSING_CONFIG_REQUIRED,3,fnv1a64:38bb39004140b6aa,SECTION_PROPERTIES|WEIGHT|STIFFNESS|STRESS,PROJECT_SCREENING_ONLY,Project-configured DN 20 / NPS 3/4 Schedule 80 section where the current shared master has no exact row.
DEFAULT-USAGE-000762,DEFAULT-1885-MATERIAL-FAMILY,material.family,,,PE-000148,POS-148,100040,100050,SOURCE_VALUE_UNRESOLVED,3,fnv1a64:38bb39004140b6aa,MATERIAL_PROPERTIES|WEIGHT|STIFFNESS|STRESS,PROJECT_SCREENING_ONLY,1885S Project Data material-family screening rule.
DEFAULT-USAGE-000763,DEFAULT-1885-CS-E,material.elasticModulusPa,,Pa,PE-000148,POS-148,100040,100050,SOURCE_VALUE_UNRESOLVED,3,fnv1a64:38bb39004140b6aa,EA|EI|THERMAL_REACTION|P_DELTA,PROJECT_SCREENING_ONLY,1885S Project Data carbon-steel elastic modulus.
DEFAULT-USAGE-000764,DEFAULT-1885-CS-NU,material.poissonsRatio,,ratio,PE-000148,POS-148,100040,100050,SOURCE_VALUE_UNRESOLVED,3,fnv1a64:38bb39004140b6aa,SHEAR_MODULUS|TORSIONAL_STIFFNESS,PROJECT_SCREENING_ONLY,1885S Project Data carbon-steel Poisson ratio.
DEFAULT-USAGE-000765,DEFAULT-1885-CS-ALPHA,material.thermalExpansionPerC,,1/C,PE-000148,POS-148,100040,100050,SOURCE_VALUE_UNRESOLVED,3,fnv1a64:38bb39004140b6aa,THERMAL_STRAIN|THERMAL_DISPLACEMENT|THERMAL_REACTION,PROJECT_SCREENING_ONLY,1885S Project Data mean thermal-expansion coefficient for the screening state.
DEFAULT-USAGE-000766,DEFAULT-1885-CODE-WALL,section.codeStressWallRule,,,PE-000148,POS-148,100040,100050,SOURCE_VALUE_UNRESOLVED,3,fnv1a64:38bb39004140b6aa,CODE_STRESS_SECTION,PROJECT_SCREENING_ONLY,1885S Project Data code-stress section rule.
DEFAULT-USAGE-000767,DEFAULT-1885-DN20-SCH80-SECTION,section.dimensionsMm,,mm,PE-000149,POS-149,100050,10560,SCHEDULE_MASTER_COVERAGE_MISSING_CONFIG_REQUIRED,3,fnv1a64:38bb39004140b6aa,SECTION_PROPERTIES|WEIGHT|STIFFNESS|STRESS,PROJECT_SCREENING_ONLY,Project-configured DN 20 / NPS 3/4 Schedule 80 section where the current shared master has no exact row.
DEFAULT-USAGE-000768,DEFAULT-1885-MATERIAL-FAMILY,material.family,,,PE-000149,POS-149,100050,10560,SOURCE_VALUE_UNRESOLVED,3,fnv1a64:38bb39004140b6aa,MATERIAL_PROPERTIES|WEIGHT|STIFFNESS|STRESS,PROJECT_SCREENING_ONLY,1885S Project Data material-family screening rule.
DEFAULT-USAGE-000769,DEFAULT-1885-CS-E,material.elasticModulusPa,,Pa,PE-000149,POS-149,100050,10560,SOURCE_VALUE_UNRESOLVED,3,fnv1a64:38bb39004140b6aa,EA|EI|THERMAL_REACTION|P_DELTA,PROJECT_SCREENING_ONLY,1885S Project Data carbon-steel elastic modulus.
DEFAULT-USAGE-000770,DEFAULT-1885-CS-NU,material.poissonsRatio,,ratio,PE-000149,POS-149,100050,10560,SOURCE_VALUE_UNRESOLVED,3,fnv1a64:38bb39004140b6aa,SHEAR_MODULUS|TORSIONAL_STIFFNESS,PROJECT_SCREENING_ONLY,1885S Project Data carbon-steel Poisson ratio.
DEFAULT-USAGE-000771,DEFAULT-1885-CS-ALPHA,material.thermalExpansionPerC,,1/C,PE-000149,POS-149,100050,10560,SOURCE_VALUE_UNRESOLVED,3,fnv1a64:38bb39004140b6aa,THERMAL_STRAIN|THERMAL_DISPLACEMENT|THERMAL_REACTION,PROJECT_SCREENING_ONLY,1885S Project Data mean thermal-expansion coefficient for the screening state.
DEFAULT-USAGE-000772,DEFAULT-1885-CODE-WALL,section.codeStressWallRule,,,PE-000149,POS-149,100050,10560,SOURCE_VALUE_UNRESOLVED,3,fnv1a64:38bb39004140b6aa,CODE_STRESS_SECTION,PROJECT_SCREENING_ONLY,1885S Project Data code-stress section rule.
DEFAULT-USAGE-000773,DEFAULT-1885-DN250-SCH100-SECTION,section.dimensionsMm,,mm,PE-000150,POS-150,10570,120020,SCHEDULE_MASTER_COVERAGE_MISSING_CONFIG_REQUIRED,3,fnv1a64:38bb39004140b6aa,SECTION_PROPERTIES|WEIGHT|STIFFNESS|STRESS,PROJECT_SCREENING_ONLY,Project-configured DN 250 / NPS 10 Schedule 100 section where the current shared master has no exact row.
DEFAULT-USAGE-000774,DEFAULT-1885-CS-E,material.elasticModulusPa,,Pa,PE-000150,POS-150,10570,120020,SOURCE_VALUE_UNRESOLVED,3,fnv1a64:38bb39004140b6aa,EA|EI|THERMAL_REACTION|P_DELTA,PROJECT_SCREENING_ONLY,1885S Project Data carbon-steel elastic modulus.
DEFAULT-USAGE-000775,DEFAULT-1885-CS-NU,material.poissonsRatio,,ratio,PE-000150,POS-150,10570,120020,SOURCE_VALUE_UNRESOLVED,3,fnv1a64:38bb39004140b6aa,SHEAR_MODULUS|TORSIONAL_STIFFNESS,PROJECT_SCREENING_ONLY,1885S Project Data carbon-steel Poisson ratio.
DEFAULT-USAGE-000776,DEFAULT-1885-CS-ALPHA,material.thermalExpansionPerC,,1/C,PE-000150,POS-150,10570,120020,SOURCE_VALUE_UNRESOLVED,3,fnv1a64:38bb39004140b6aa,THERMAL_STRAIN|THERMAL_DISPLACEMENT|THERMAL_REACTION,PROJECT_SCREENING_ONLY,1885S Project Data mean thermal-expansion coefficient for the screening state.
DEFAULT-USAGE-000777,DEFAULT-1885-CODE-WALL,section.codeStressWallRule,,,PE-000150,POS-150,10570,120020,SOURCE_VALUE_UNRESOLVED,3,fnv1a64:38bb39004140b6aa,CODE_STRESS_SECTION,PROJECT_SCREENING_ONLY,1885S Project Data code-stress section rule.
DEFAULT-USAGE-000778,DEFAULT-1885-DN250-SCH100-SECTION,section.dimensionsMm,,mm,PE-000151,POS-151,120020,120010,SCHEDULE_MASTER_COVERAGE_MISSING_CONFIG_REQUIRED,3,fnv1a64:38bb39004140b6aa,SECTION_PROPERTIES|WEIGHT|STIFFNESS|STRESS,PROJECT_SCREENING_ONLY,Project-configured DN 250 / NPS 10 Schedule 100 section where the current shared master has no exact row.
DEFAULT-USAGE-000779,DEFAULT-1885-CS-E,material.elasticModulusPa,,Pa,PE-000151,POS-151,120020,120010,SOURCE_VALUE_UNRESOLVED,3,fnv1a64:38bb39004140b6aa,EA|EI|THERMAL_REACTION|P_DELTA,PROJECT_SCREENING_ONLY,1885S Project Data carbon-steel elastic modulus.
DEFAULT-USAGE-000780,DEFAULT-1885-CS-NU,material.poissonsRatio,,ratio,PE-000151,POS-151,120020,120010,SOURCE_VALUE_UNRESOLVED,3,fnv1a64:38bb39004140b6aa,SHEAR_MODULUS|TORSIONAL_STIFFNESS,PROJECT_SCREENING_ONLY,1885S Project Data carbon-steel Poisson ratio.
DEFAULT-USAGE-000781,DEFAULT-1885-CS-ALPHA,material.thermalExpansionPerC,,1/C,PE-000151,POS-151,120020,120010,SOURCE_VALUE_UNRESOLVED,3,fnv1a64:38bb39004140b6aa,THERMAL_STRAIN|THERMAL_DISPLACEMENT|THERMAL_REACTION,PROJECT_SCREENING_ONLY,1885S Project Data mean thermal-expansion coefficient for the screening state.
DEFAULT-USAGE-000782,DEFAULT-1885-CODE-WALL,section.codeStressWallRule,,,PE-000151,POS-151,120020,120010,SOURCE_VALUE_UNRESOLVED,3,fnv1a64:38bb39004140b6aa,CODE_STRESS_SECTION,PROJECT_SCREENING_ONLY,1885S Project Data code-stress section rule.
DEFAULT-USAGE-000783,DEFAULT-1885-DN250-SCH100-SECTION,section.dimensionsMm,,mm,PE-000152,POS-152,120010,10470,SCHEDULE_MASTER_COVERAGE_MISSING_CONFIG_REQUIRED,3,fnv1a64:38bb39004140b6aa,SECTION_PROPERTIES|WEIGHT|STIFFNESS|STRESS,PROJECT_SCREENING_ONLY,Project-configured DN 250 / NPS 10 Schedule 100 section where the current shared master has no exact row.
DEFAULT-USAGE-000784,DEFAULT-1885-CS-E,material.elasticModulusPa,,Pa,PE-000152,POS-152,120010,10470,SOURCE_VALUE_UNRESOLVED,3,fnv1a64:38bb39004140b6aa,EA|EI|THERMAL_REACTION|P_DELTA,PROJECT_SCREENING_ONLY,1885S Project Data carbon-steel elastic modulus.
DEFAULT-USAGE-000785,DEFAULT-1885-CS-NU,material.poissonsRatio,,ratio,PE-000152,POS-152,120010,10470,SOURCE_VALUE_UNRESOLVED,3,fnv1a64:38bb39004140b6aa,SHEAR_MODULUS|TORSIONAL_STIFFNESS,PROJECT_SCREENING_ONLY,1885S Project Data carbon-steel Poisson ratio.
DEFAULT-USAGE-000786,DEFAULT-1885-CS-ALPHA,material.thermalExpansionPerC,,1/C,PE-000152,POS-152,120010,10470,SOURCE_VALUE_UNRESOLVED,3,fnv1a64:38bb39004140b6aa,THERMAL_STRAIN|THERMAL_DISPLACEMENT|THERMAL_REACTION,PROJECT_SCREENING_ONLY,1885S Project Data mean thermal-expansion coefficient for the screening state.
DEFAULT-USAGE-000787,DEFAULT-1885-CODE-WALL,section.codeStressWallRule,,,PE-000152,POS-152,120010,10470,SOURCE_VALUE_UNRESOLVED,3,fnv1a64:38bb39004140b6aa,CODE_STRESS_SECTION,PROJECT_SCREENING_ONLY,1885S Project Data code-stress section rule.
DEFAULT-USAGE-000788,DEFAULT-1885-DN250-SCH100-SECTION,section.dimensionsMm,,mm,PE-000153,POS-153,10500,130010,SCHEDULE_MASTER_COVERAGE_MISSING_CONFIG_REQUIRED,3,fnv1a64:38bb39004140b6aa,SECTION_PROPERTIES|WEIGHT|STIFFNESS|STRESS,PROJECT_SCREENING_ONLY,Project-configured DN 250 / NPS 10 Schedule 100 section where the current shared master has no exact row.
DEFAULT-USAGE-000789,DEFAULT-1885-CS-E,material.elasticModulusPa,,Pa,PE-000153,POS-153,10500,130010,SOURCE_VALUE_UNRESOLVED,3,fnv1a64:38bb39004140b6aa,EA|EI|THERMAL_REACTION|P_DELTA,PROJECT_SCREENING_ONLY,1885S Project Data carbon-steel elastic modulus.
DEFAULT-USAGE-000790,DEFAULT-1885-CS-NU,material.poissonsRatio,,ratio,PE-000153,POS-153,10500,130010,SOURCE_VALUE_UNRESOLVED,3,fnv1a64:38bb39004140b6aa,SHEAR_MODULUS|TORSIONAL_STIFFNESS,PROJECT_SCREENING_ONLY,1885S Project Data carbon-steel Poisson ratio.
DEFAULT-USAGE-000791,DEFAULT-1885-CS-ALPHA,material.thermalExpansionPerC,,1/C,PE-000153,POS-153,10500,130010,SOURCE_VALUE_UNRESOLVED,3,fnv1a64:38bb39004140b6aa,THERMAL_STRAIN|THERMAL_DISPLACEMENT|THERMAL_REACTION,PROJECT_SCREENING_ONLY,1885S Project Data mean thermal-expansion coefficient for the screening state.
DEFAULT-USAGE-000792,DEFAULT-1885-CODE-WALL,section.codeStressWallRule,,,PE-000153,POS-153,10500,130010,SOURCE_VALUE_UNRESOLVED,3,fnv1a64:38bb39004140b6aa,CODE_STRESS_SECTION,PROJECT_SCREENING_ONLY,1885S Project Data code-stress section rule.
DEFAULT-USAGE-000793,DEFAULT-1885-DN250-SCH100-SECTION,section.dimensionsMm,,mm,PE-000154,POS-154,130010,130020,SCHEDULE_MASTER_COVERAGE_MISSING_CONFIG_REQUIRED,3,fnv1a64:38bb39004140b6aa,SECTION_PROPERTIES|WEIGHT|STIFFNESS|STRESS,PROJECT_SCREENING_ONLY,Project-configured DN 250 / NPS 10 Schedule 100 section where the current shared master has no exact row.
DEFAULT-USAGE-000794,DEFAULT-1885-CS-E,material.elasticModulusPa,,Pa,PE-000154,POS-154,130010,130020,SOURCE_VALUE_UNRESOLVED,3,fnv1a64:38bb39004140b6aa,EA|EI|THERMAL_REACTION|P_DELTA,PROJECT_SCREENING_ONLY,1885S Project Data carbon-steel elastic modulus.
DEFAULT-USAGE-000795,DEFAULT-1885-CS-NU,material.poissonsRatio,,ratio,PE-000154,POS-154,130010,130020,SOURCE_VALUE_UNRESOLVED,3,fnv1a64:38bb39004140b6aa,SHEAR_MODULUS|TORSIONAL_STIFFNESS,PROJECT_SCREENING_ONLY,1885S Project Data carbon-steel Poisson ratio.
DEFAULT-USAGE-000796,DEFAULT-1885-CS-ALPHA,material.thermalExpansionPerC,,1/C,PE-000154,POS-154,130010,130020,SOURCE_VALUE_UNRESOLVED,3,fnv1a64:38bb39004140b6aa,THERMAL_STRAIN|THERMAL_DISPLACEMENT|THERMAL_REACTION,PROJECT_SCREENING_ONLY,1885S Project Data mean thermal-expansion coefficient for the screening state.
DEFAULT-USAGE-000797,DEFAULT-1885-CODE-WALL,section.codeStressWallRule,,,PE-000154,POS-154,130010,130020,SOURCE_VALUE_UNRESOLVED,3,fnv1a64:38bb39004140b6aa,CODE_STRESS_SECTION,PROJECT_SCREENING_ONLY,1885S Project Data code-stress section rule.
DEFAULT-USAGE-000798,DEFAULT-1885-CS-E,material.elasticModulusPa,,Pa,PE-000155,POS-155,130020,130030,SOURCE_VALUE_UNRESOLVED,3,fnv1a64:38bb39004140b6aa,EA|EI|THERMAL_REACTION|P_DELTA,PROJECT_SCREENING_ONLY,1885S Project Data carbon-steel elastic modulus.
DEFAULT-USAGE-000799,DEFAULT-1885-CS-NU,material.poissonsRatio,,ratio,PE-000155,POS-155,130020,130030,SOURCE_VALUE_UNRESOLVED,3,fnv1a64:38bb39004140b6aa,SHEAR_MODULUS|TORSIONAL_STIFFNESS,PROJECT_SCREENING_ONLY,1885S Project Data carbon-steel Poisson ratio.
DEFAULT-USAGE-000800,DEFAULT-1885-CS-ALPHA,material.thermalExpansionPerC,,1/C,PE-000155,POS-155,130020,130030,SOURCE_VALUE_UNRESOLVED,3,fnv1a64:38bb39004140b6aa,THERMAL_STRAIN|THERMAL_DISPLACEMENT|THERMAL_REACTION,PROJECT_SCREENING_ONLY,1885S Project Data mean thermal-expansion coefficient for the screening state.
DEFAULT-USAGE-000801,DEFAULT-1885-CODE-WALL,section.codeStressWallRule,,,PE-000155,POS-155,130020,130030,SOURCE_VALUE_UNRESOLVED,3,fnv1a64:38bb39004140b6aa,CODE_STRESS_SECTION,PROJECT_SCREENING_ONLY,1885S Project Data code-stress section rule.
DEFAULT-USAGE-000802,DEFAULT-1885-DN250-SCH100-SECTION,section.dimensionsMm,,mm,PE-000156,POS-156,130030,130050,SCHEDULE_MASTER_COVERAGE_MISSING_CONFIG_REQUIRED,3,fnv1a64:38bb39004140b6aa,SECTION_PROPERTIES|WEIGHT|STIFFNESS|STRESS,PROJECT_SCREENING_ONLY,Project-configured DN 250 / NPS 10 Schedule 100 section where the current shared master has no exact row.
DEFAULT-USAGE-000803,DEFAULT-1885-CS-E,material.elasticModulusPa,,Pa,PE-000156,POS-156,130030,130050,SOURCE_VALUE_UNRESOLVED,3,fnv1a64:38bb39004140b6aa,EA|EI|THERMAL_REACTION|P_DELTA,PROJECT_SCREENING_ONLY,1885S Project Data carbon-steel elastic modulus.
DEFAULT-USAGE-000804,DEFAULT-1885-CS-NU,material.poissonsRatio,,ratio,PE-000156,POS-156,130030,130050,SOURCE_VALUE_UNRESOLVED,3,fnv1a64:38bb39004140b6aa,SHEAR_MODULUS|TORSIONAL_STIFFNESS,PROJECT_SCREENING_ONLY,1885S Project Data carbon-steel Poisson ratio.
DEFAULT-USAGE-000805,DEFAULT-1885-CS-ALPHA,material.thermalExpansionPerC,,1/C,PE-000156,POS-156,130030,130050,SOURCE_VALUE_UNRESOLVED,3,fnv1a64:38bb39004140b6aa,THERMAL_STRAIN|THERMAL_DISPLACEMENT|THERMAL_REACTION,PROJECT_SCREENING_ONLY,1885S Project Data mean thermal-expansion coefficient for the screening state.
DEFAULT-USAGE-000806,DEFAULT-1885-CODE-WALL,section.codeStressWallRule,,,PE-000156,POS-156,130030,130050,SOURCE_VALUE_UNRESOLVED,3,fnv1a64:38bb39004140b6aa,CODE_STRESS_SECTION,PROJECT_SCREENING_ONLY,1885S Project Data code-stress section rule.
DEFAULT-USAGE-000807,DEFAULT-1885-DN250-SCH100-SECTION,section.dimensionsMm,,mm,PE-000157,POS-157,130050,130040,SCHEDULE_MASTER_COVERAGE_MISSING_CONFIG_REQUIRED,3,fnv1a64:38bb39004140b6aa,SECTION_PROPERTIES|WEIGHT|STIFFNESS|STRESS,PROJECT_SCREENING_ONLY,Project-configured DN 250 / NPS 10 Schedule 100 section where the current shared master has no exact row.
DEFAULT-USAGE-000808,DEFAULT-1885-CS-E,material.elasticModulusPa,,Pa,PE-000157,POS-157,130050,130040,SOURCE_VALUE_UNRESOLVED,3,fnv1a64:38bb39004140b6aa,EA|EI|THERMAL_REACTION|P_DELTA,PROJECT_SCREENING_ONLY,1885S Project Data carbon-steel elastic modulus.
DEFAULT-USAGE-000809,DEFAULT-1885-CS-NU,material.poissonsRatio,,ratio,PE-000157,POS-157,130050,130040,SOURCE_VALUE_UNRESOLVED,3,fnv1a64:38bb39004140b6aa,SHEAR_MODULUS|TORSIONAL_STIFFNESS,PROJECT_SCREENING_ONLY,1885S Project Data carbon-steel Poisson ratio.
DEFAULT-USAGE-000810,DEFAULT-1885-CS-ALPHA,material.thermalExpansionPerC,,1/C,PE-000157,POS-157,130050,130040,SOURCE_VALUE_UNRESOLVED,3,fnv1a64:38bb39004140b6aa,THERMAL_STRAIN|THERMAL_DISPLACEMENT|THERMAL_REACTION,PROJECT_SCREENING_ONLY,1885S Project Data mean thermal-expansion coefficient for the screening state.
DEFAULT-USAGE-000811,DEFAULT-1885-CODE-WALL,section.codeStressWallRule,,,PE-000157,POS-157,130050,130040,SOURCE_VALUE_UNRESOLVED,3,fnv1a64:38bb39004140b6aa,CODE_STRESS_SECTION,PROJECT_SCREENING_ONLY,1885S Project Data code-stress section rule.
DEFAULT-USAGE-000812,DEFAULT-1885-DN250-SCH100-SECTION,section.dimensionsMm,,mm,PE-000158,POS-158,130040,10460,SCHEDULE_MASTER_COVERAGE_MISSING_CONFIG_REQUIRED,3,fnv1a64:38bb39004140b6aa,SECTION_PROPERTIES|WEIGHT|STIFFNESS|STRESS,PROJECT_SCREENING_ONLY,Project-configured DN 250 / NPS 10 Schedule 100 section where the current shared master has no exact row.
DEFAULT-USAGE-000813,DEFAULT-1885-CS-E,material.elasticModulusPa,,Pa,PE-000158,POS-158,130040,10460,SOURCE_VALUE_UNRESOLVED,3,fnv1a64:38bb39004140b6aa,EA|EI|THERMAL_REACTION|P_DELTA,PROJECT_SCREENING_ONLY,1885S Project Data carbon-steel elastic modulus.
DEFAULT-USAGE-000814,DEFAULT-1885-CS-NU,material.poissonsRatio,,ratio,PE-000158,POS-158,130040,10460,SOURCE_VALUE_UNRESOLVED,3,fnv1a64:38bb39004140b6aa,SHEAR_MODULUS|TORSIONAL_STIFFNESS,PROJECT_SCREENING_ONLY,1885S Project Data carbon-steel Poisson ratio.
DEFAULT-USAGE-000815,DEFAULT-1885-CS-ALPHA,material.thermalExpansionPerC,,1/C,PE-000158,POS-158,130040,10460,SOURCE_VALUE_UNRESOLVED,3,fnv1a64:38bb39004140b6aa,THERMAL_STRAIN|THERMAL_DISPLACEMENT|THERMAL_REACTION,PROJECT_SCREENING_ONLY,1885S Project Data mean thermal-expansion coefficient for the screening state.
DEFAULT-USAGE-000816,DEFAULT-1885-CODE-WALL,section.codeStressWallRule,,,PE-000158,POS-158,130040,10460,SOURCE_VALUE_UNRESOLVED,3,fnv1a64:38bb39004140b6aa,CODE_STRESS_SECTION,PROJECT_SCREENING_ONLY,1885S Project Data code-stress section rule.
DEFAULT-USAGE-000817,DEFAULT-1885-MATERIAL-FAMILY,material.family,,,PE-000159,POS-159,50010,10430,SOURCE_VALUE_UNRESOLVED,3,fnv1a64:38bb39004140b6aa,MATERIAL_PROPERTIES|WEIGHT|STIFFNESS|STRESS,PROJECT_SCREENING_ONLY,1885S Project Data material-family screening rule.
DEFAULT-USAGE-000818,DEFAULT-1885-CS-E,material.elasticModulusPa,,Pa,PE-000159,POS-159,50010,10430,SOURCE_VALUE_UNRESOLVED,3,fnv1a64:38bb39004140b6aa,EA|EI|THERMAL_REACTION|P_DELTA,PROJECT_SCREENING_ONLY,1885S Project Data carbon-steel elastic modulus.
DEFAULT-USAGE-000819,DEFAULT-1885-CS-NU,material.poissonsRatio,,ratio,PE-000159,POS-159,50010,10430,SOURCE_VALUE_UNRESOLVED,3,fnv1a64:38bb39004140b6aa,SHEAR_MODULUS|TORSIONAL_STIFFNESS,PROJECT_SCREENING_ONLY,1885S Project Data carbon-steel Poisson ratio.
DEFAULT-USAGE-000820,DEFAULT-1885-CS-ALPHA,material.thermalExpansionPerC,,1/C,PE-000159,POS-159,50010,10430,SOURCE_VALUE_UNRESOLVED,3,fnv1a64:38bb39004140b6aa,THERMAL_STRAIN|THERMAL_DISPLACEMENT|THERMAL_REACTION,PROJECT_SCREENING_ONLY,1885S Project Data mean thermal-expansion coefficient for the screening state.
DEFAULT-USAGE-000821,DEFAULT-1885-CODE-WALL,section.codeStressWallRule,,,PE-000159,POS-159,50010,10430,SOURCE_VALUE_UNRESOLVED,3,fnv1a64:38bb39004140b6aa,CODE_STRESS_SECTION,PROJECT_SCREENING_ONLY,1885S Project Data code-stress section rule.
DEFAULT-USAGE-000822,DEFAULT-1885-CS-E,material.elasticModulusPa,,Pa,PE-000160,POS-160,70080,10530,SOURCE_VALUE_UNRESOLVED,3,fnv1a64:38bb39004140b6aa,EA|EI|THERMAL_REACTION|P_DELTA,PROJECT_SCREENING_ONLY,1885S Project Data carbon-steel elastic modulus.
DEFAULT-USAGE-000823,DEFAULT-1885-CS-NU,material.poissonsRatio,,ratio,PE-000160,POS-160,70080,10530,SOURCE_VALUE_UNRESOLVED,3,fnv1a64:38bb39004140b6aa,SHEAR_MODULUS|TORSIONAL_STIFFNESS,PROJECT_SCREENING_ONLY,1885S Project Data carbon-steel Poisson ratio.
DEFAULT-USAGE-000824,DEFAULT-1885-CS-ALPHA,material.thermalExpansionPerC,,1/C,PE-000160,POS-160,70080,10530,SOURCE_VALUE_UNRESOLVED,3,fnv1a64:38bb39004140b6aa,THERMAL_STRAIN|THERMAL_DISPLACEMENT|THERMAL_REACTION,PROJECT_SCREENING_ONLY,1885S Project Data mean thermal-expansion coefficient for the screening state.
DEFAULT-USAGE-000825,DEFAULT-1885-CODE-WALL,section.codeStressWallRule,,,PE-000160,POS-160,70080,10530,SOURCE_VALUE_UNRESOLVED,3,fnv1a64:38bb39004140b6aa,CODE_STRESS_SECTION,PROJECT_SCREENING_ONLY,1885S Project Data code-stress section rule.
DEFAULT-USAGE-000826,DEFAULT-1885-CS-E,material.elasticModulusPa,,Pa,PE-000161,POS-161,70090,10510,SOURCE_VALUE_UNRESOLVED,3,fnv1a64:38bb39004140b6aa,EA|EI|THERMAL_REACTION|P_DELTA,PROJECT_SCREENING_ONLY,1885S Project Data carbon-steel elastic modulus.
DEFAULT-USAGE-000827,DEFAULT-1885-CS-NU,material.poissonsRatio,,ratio,PE-000161,POS-161,70090,10510,SOURCE_VALUE_UNRESOLVED,3,fnv1a64:38bb39004140b6aa,SHEAR_MODULUS|TORSIONAL_STIFFNESS,PROJECT_SCREENING_ONLY,1885S Project Data carbon-steel Poisson ratio.
DEFAULT-USAGE-000828,DEFAULT-1885-CS-ALPHA,material.thermalExpansionPerC,,1/C,PE-000161,POS-161,70090,10510,SOURCE_VALUE_UNRESOLVED,3,fnv1a64:38bb39004140b6aa,THERMAL_STRAIN|THERMAL_DISPLACEMENT|THERMAL_REACTION,PROJECT_SCREENING_ONLY,1885S Project Data mean thermal-expansion coefficient for the screening state.
DEFAULT-USAGE-000829,DEFAULT-1885-CODE-WALL,section.codeStressWallRule,,,PE-000161,POS-161,70090,10510,SOURCE_VALUE_UNRESOLVED,3,fnv1a64:38bb39004140b6aa,CODE_STRESS_SECTION,PROJECT_SCREENING_ONLY,1885S Project Data code-stress section rule.
DEFAULT-USAGE-000830,DEFAULT-1885-DN20-SCH80-SECTION,section.dimensionsMm,,mm,PE-000162,POS-162,90080,10550,SCHEDULE_MASTER_COVERAGE_MISSING_CONFIG_REQUIRED,3,fnv1a64:38bb39004140b6aa,SECTION_PROPERTIES|WEIGHT|STIFFNESS|STRESS,PROJECT_SCREENING_ONLY,Project-configured DN 20 / NPS 3/4 Schedule 80 section where the current shared master has no exact row.
DEFAULT-USAGE-000831,DEFAULT-1885-MATERIAL-FAMILY,material.family,,,PE-000162,POS-162,90080,10550,SOURCE_VALUE_UNRESOLVED,3,fnv1a64:38bb39004140b6aa,MATERIAL_PROPERTIES|WEIGHT|STIFFNESS|STRESS,PROJECT_SCREENING_ONLY,1885S Project Data material-family screening rule.
DEFAULT-USAGE-000832,DEFAULT-1885-CS-E,material.elasticModulusPa,,Pa,PE-000162,POS-162,90080,10550,SOURCE_VALUE_UNRESOLVED,3,fnv1a64:38bb39004140b6aa,EA|EI|THERMAL_REACTION|P_DELTA,PROJECT_SCREENING_ONLY,1885S Project Data carbon-steel elastic modulus.
DEFAULT-USAGE-000833,DEFAULT-1885-CS-NU,material.poissonsRatio,,ratio,PE-000162,POS-162,90080,10550,SOURCE_VALUE_UNRESOLVED,3,fnv1a64:38bb39004140b6aa,SHEAR_MODULUS|TORSIONAL_STIFFNESS,PROJECT_SCREENING_ONLY,1885S Project Data carbon-steel Poisson ratio.
DEFAULT-USAGE-000834,DEFAULT-1885-CS-ALPHA,material.thermalExpansionPerC,,1/C,PE-000162,POS-162,90080,10550,SOURCE_VALUE_UNRESOLVED,3,fnv1a64:38bb39004140b6aa,THERMAL_STRAIN|THERMAL_DISPLACEMENT|THERMAL_REACTION,PROJECT_SCREENING_ONLY,1885S Project Data mean thermal-expansion coefficient for the screening state.
DEFAULT-USAGE-000835,DEFAULT-1885-CODE-WALL,section.codeStressWallRule,,,PE-000162,POS-162,90080,10550,SOURCE_VALUE_UNRESOLVED,3,fnv1a64:38bb39004140b6aa,CODE_STRESS_SECTION,PROJECT_SCREENING_ONLY,1885S Project Data code-stress section rule.
DEFAULT-USAGE-000836,DEFAULT-1885-DN250-SCH100-SECTION,section.dimensionsMm,,mm,PE-000163,POS-163,130010,10570,SCHEDULE_MASTER_COVERAGE_MISSING_CONFIG_REQUIRED,3,fnv1a64:38bb39004140b6aa,SECTION_PROPERTIES|WEIGHT|STIFFNESS|STRESS,PROJECT_SCREENING_ONLY,Project-configured DN 250 / NPS 10 Schedule 100 section where the current shared master has no exact row.
DEFAULT-USAGE-000837,DEFAULT-1885-CS-E,material.elasticModulusPa,,Pa,PE-000163,POS-163,130010,10570,SOURCE_VALUE_UNRESOLVED,3,fnv1a64:38bb39004140b6aa,EA|EI|THERMAL_REACTION|P_DELTA,PROJECT_SCREENING_ONLY,1885S Project Data carbon-steel elastic modulus.
DEFAULT-USAGE-000838,DEFAULT-1885-CS-NU,material.poissonsRatio,,ratio,PE-000163,POS-163,130010,10570,SOURCE_VALUE_UNRESOLVED,3,fnv1a64:38bb39004140b6aa,SHEAR_MODULUS|TORSIONAL_STIFFNESS,PROJECT_SCREENING_ONLY,1885S Project Data carbon-steel Poisson ratio.
DEFAULT-USAGE-000839,DEFAULT-1885-CS-ALPHA,material.thermalExpansionPerC,,1/C,PE-000163,POS-163,130010,10570,SOURCE_VALUE_UNRESOLVED,3,fnv1a64:38bb39004140b6aa,THERMAL_STRAIN|THERMAL_DISPLACEMENT|THERMAL_REACTION,PROJECT_SCREENING_ONLY,1885S Project Data mean thermal-expansion coefficient for the screening state.
DEFAULT-USAGE-000840,DEFAULT-1885-CODE-WALL,section.codeStressWallRule,,,PE-000163,POS-163,130010,10570,SOURCE_VALUE_UNRESOLVED,3,fnv1a64:38bb39004140b6aa,CODE_STRESS_SECTION,PROJECT_SCREENING_ONLY,1885S Project Data code-stress section rule.
