caseNumber,caseCategory,caseFormula,family,identifier,end,field,reference,solver,signedAbsoluteError,absoluteError,signedRelativeError,absoluteRelativeError,signedPercentError,absolutePercentError,strictLimit,failureReason
3,OPE,W+T1+P1,displacement,20,,RZ,-0.000008866272600131193,-0.000009720727748923664,-8.544551487924709e-7,8.544551487924709e-7,0.09637140513588852,0.09637140513588852,9.637140513588852,9.637140513588852,0.05,RELATIVE_ERROR_NOT_BELOW_5_PERCENT
3,OPE,W+T1+P1,displacement,30,,RY,-0.00005667084081225588,-0.00008661820275804072,-0.000029947361945784843,0.000029947361945784843,0.5284439319507731,0.5284439319507731,52.84439319507731,52.84439319507731,0.05,RELATIVE_ERROR_NOT_BELOW_5_PERCENT
3,OPE,W+T1+P1,displacement,30,,RZ,-0.0031123234820338483,-0.0034150526673846784,-0.00030272918535083,0.00030272918535083,0.09726790518349393,0.09726790518349393,9.726790518349393,9.726790518349393,0.05,RELATIVE_ERROR_NOT_BELOW_5_PERCENT
3,OPE,W+T1+P1,displacement,31,,RY,-0.00005424483315198376,-0.00008181024756766772,-0.000027565414415683957,0.000027565414415683957,0.5081666365983812,0.5081666365983812,50.81666365983813,50.81666365983813,0.05,RELATIVE_ERROR_NOT_BELOW_5_PERCENT
3,OPE,W+T1+P1,displacement,31,,RZ,-0.0031170707775992727,-0.0034249955873626816,-0.0003079248097634089,0.0003079248097634089,0.09878659540755394,0.09878659540755394,9.878659540755393,9.878659540755393,0.05,RELATIVE_ERROR_NOT_BELOW_5_PERCENT
3,OPE,W+T1+P1,displacement,31,,UX,0.0009186530000000001,0.0009722142474249774,0.000053561247424977355,0.000053561247424977355,0.05830411202595251,0.05830411202595251,5.830411202595251,5.830411202595251,0.05,RELATIVE_ERROR_NOT_BELOW_5_PERCENT
3,OPE,W+T1+P1,displacement,31,,UY,-0.000912319,-0.0011134837038241992,-0.0002011647038241992,0.0002011647038241992,0.22049820712294627,0.22049820712294627,22.049820712294625,22.049820712294625,0.05,RELATIVE_ERROR_NOT_BELOW_5_PERCENT
3,OPE,W+T1+P1,displacement,38,,RZ,0.0008519301144834722,0.000706377637189868,-0.00014555247729360413,0.00014555247729360413,-0.17085025499052,0.17085025499052,-17.085025499052,17.085025499052,0.05,RELATIVE_ERROR_NOT_BELOW_5_PERCENT
3,OPE,W+T1+P1,displacement,38,,UY,0.000151709,0.0006357200146198953,0.00048401101461989537,0.00048401101461989537,3.190390910360594,3.190390910360594,319.0390910360594,319.0390910360594,0.05,RELATIVE_ERROR_NOT_BELOW_5_PERCENT
3,OPE,W+T1+P1,displacement,39,,RZ,0.000578943166179039,0.00043543651877851443,-0.00014350664740052458,0.00014350664740052458,-0.24787691743155482,0.24787691743155482,-24.78769174315548,24.78769174315548,0.05,RELATIVE_ERROR_NOT_BELOW_5_PERCENT
3,OPE,W+T1+P1,displacement,39,,UX,-0.000162702,-0.00017853218552152795,-0.000015830185521527952,0.000015830185521527952,0.09729558039561868,0.09729558039561868,9.729558039561867,9.729558039561867,0.05,RELATIVE_ERROR_NOT_BELOW_5_PERCENT
3,OPE,W+T1+P1,displacement,39,,UY,0.001273476,0.0017864253131204299,0.0005129493131204299,0.0005129493131204299,0.4027946448307074,0.4027946448307074,40.27946448307074,40.27946448307074,0.05,RELATIVE_ERROR_NOT_BELOW_5_PERCENT
3,OPE,W+T1+P1,displacement,40,,RZ,0.00042645374943229447,0.00029213442968505896,-0.0001343193197472355,0.0001343193197472355,-0.314968082531915,0.314968082531915,-31.4968082531915,31.4968082531915,0.05,RELATIVE_ERROR_NOT_BELOW_5_PERCENT
3,OPE,W+T1+P1,displacement,40,,UY,0.0022659,0.0027980237556038475,0.0005321237556038475,0.0005321237556038475,0.2348399115600192,0.2348399115600192,23.48399115600192,23.48399115600192,0.05,RELATIVE_ERROR_NOT_BELOW_5_PERCENT
3,OPE,W+T1+P1,displacement,48,,RZ,0.0003486295180858673,0.0002359816625279269,-0.00011264785555794042,0.00011264785555794042,-0.3231162300209912,0.3231162300209912,-32.31162300209912,32.31162300209912,0.05,RELATIVE_ERROR_NOT_BELOW_5_PERCENT
3,OPE,W+T1+P1,displacement,48,,UX,-0.000614885,-0.00047736342487528775,0.00013752157512471227,0.00013752157512471227,-0.22365413878158072,0.22365413878158072,-22.365413878158073,22.365413878158073,0.05,RELATIVE_ERROR_NOT_BELOW_5_PERCENT
3,OPE,W+T1+P1,displacement,48,,UY,0.007328787,0.007937398538858937,0.0006086115388589369,0.0006086115388589369,0.08304396605590214,0.08304396605590214,8.304396605590213,8.304396605590213,0.05,RELATIVE_ERROR_NOT_BELOW_5_PERCENT
3,OPE,W+T1+P1,displacement,49,,RZ,-0.00008309512568745002,-0.00019441823105130027,-0.00011132310536385024,0.00011132310536385024,1.3397068052171386,1.3397068052171386,133.97068052171386,133.97068052171386,0.05,RELATIVE_ERROR_NOT_BELOW_5_PERCENT
3,OPE,W+T1+P1,displacement,49,,UX,-0.00043245699999999997,-0.0002798526208222753,0.00015260437917772468,0.00015260437917772468,-0.3528775789910319,0.3528775789910319,-35.28775789910319,35.28775789910319,0.05,RELATIVE_ERROR_NOT_BELOW_5_PERCENT
3,OPE,W+T1+P1,displacement,49,,UY,0.007811348,0.008422259842262848,0.0006109118422628476,0.0006109118422628476,0.07820824808507412,0.07820824808507412,7.820824808507412,7.820824808507412,0.05,RELATIVE_ERROR_NOT_BELOW_5_PERCENT
3,OPE,W+T1+P1,displacement,49,,UZ,0.00036858699999999997,0.00045068774354182237,0.0000821007435418224,0.0000821007435418224,0.22274454482068656,0.22274454482068656,22.274454482068656,22.274454482068656,0.05,RELATIVE_ERROR_NOT_BELOW_5_PERCENT
3,OPE,W+T1+P1,displacement,50,,RZ,-0.00048671996850365866,-0.0005973250031884161,-0.00011060503468475746,0.00011060503468475746,0.22724573028058545,0.22724573028058545,22.724573028058543,22.724573028058543,0.05,RELATIVE_ERROR_NOT_BELOW_5_PERCENT
3,OPE,W+T1+P1,displacement,50,,UX,0.000057681999999999994,0.00022250281309539052,0.00016482081309539053,0.00016482081309539053,2.8574046166116043,2.8574046166116043,285.74046166116045,285.74046166116045,0.05,RELATIVE_ERROR_NOT_BELOW_5_PERCENT
3,OPE,W+T1+P1,displacement,50,,UY,0.007976278,0.008578307624246589,0.0006020296242465889,0.0006020296242465889,0.0754775127254327,0.0754775127254327,7.54775127254327,7.54775127254327,0.05,RELATIVE_ERROR_NOT_BELOW_5_PERCENT
3,OPE,W+T1+P1,displacement,58,,RZ,-0.0006143908032870438,-0.0007233437098261029,-0.00010895290653905915,0.00010895290653905915,0.17733485910946534,0.17733485910946534,17.733485910946534,17.733485910946534,0.05,RELATIVE_ERROR_NOT_BELOW_5_PERCENT
3,OPE,W+T1+P1,displacement,58,,UX,0.001916876,0.002109766871006077,0.00019289087100607697,0.00019289087100607697,0.10062772500989994,0.10062772500989994,10.062772500989995,10.062772500989995,0.05,RELATIVE_ERROR_NOT_BELOW_5_PERCENT
3,OPE,W+T1+P1,displacement,58,,UY,0.007728367999999999,0.008284772786404541,0.0005564047864045421,0.0005564047864045421,0.07199512062631362,0.07199512062631362,7.199512062631362,7.199512062631362,0.05,RELATIVE_ERROR_NOT_BELOW_5_PERCENT
3,OPE,W+T1+P1,displacement,59,,RZ,-0.0005026722778668868,-0.0006077652213097012,-0.00010509294344281431,0.00010509294344281431,0.20906850858929618,0.20906850858929618,20.90685085892962,20.90685085892962,0.05,RELATIVE_ERROR_NOT_BELOW_5_PERCENT
3,OPE,W+T1+P1,displacement,59,,UX,0.002371347,0.0025667537587094184,0.00019540675870941817,0.00019540675870941817,0.0824032748937284,0.0824032748937284,8.24032748937284,8.24032748937284,0.05,RELATIVE_ERROR_NOT_BELOW_5_PERCENT
3,OPE,W+T1+P1,displacement,59,,UY,0.007466088,0.008008022140623385,0.0005419341406233845,0.0005419341406233845,0.07258609068408843,0.07258609068408843,7.258609068408843,7.258609068408843,0.05,RELATIVE_ERROR_NOT_BELOW_5_PERCENT
3,OPE,W+T1+P1,displacement,60,,RZ,-0.00026314329132318506,-0.00036286171491859494,-0.00009971842359540988,0.00009971842359540988,0.37895103878190295,0.37895103878190295,37.8951038781903,37.8951038781903,0.05,RELATIVE_ERROR_NOT_BELOW_5_PERCENT
3,OPE,W+T1+P1,displacement,60,,UX,0.002527107,0.0027145343439534675,0.0001874273439534677,0.0001874273439534677,0.07416676221207401,0.07416676221207401,7.416676221207401,7.416676221207401,0.05,RELATIVE_ERROR_NOT_BELOW_5_PERCENT
3,OPE,W+T1+P1,displacement,60,,UY,0.006966026,0.007496142878561232,0.0005301168785612322,0.0005301168785612322,0.07610033016833875,0.07610033016833875,7.610033016833875,7.610033016833875,0.05,RELATIVE_ERROR_NOT_BELOW_5_PERCENT
3,OPE,W+T1+P1,displacement,63,,RZ,0.0004631754768942551,0.00037891551692444055,-0.00008425995996981457,0.00008425995996981457,-0.18191800769506514,0.18191800769506514,-18.191800769506514,18.191800769506514,0.05,RELATIVE_ERROR_NOT_BELOW_5_PERCENT
3,OPE,W+T1+P1,displacement,63,,UY,0.003868001,0.00435134929225364,0.0004833482922536399,0.0004833482922536399,0.12496074645628062,0.12496074645628062,12.496074645628061,12.496074645628061,0.05,RELATIVE_ERROR_NOT_BELOW_5_PERCENT
3,OPE,W+T1+P1,displacement,64,,RZ,0.0006573433561786244,0.0005798696709653732,-0.00007747368521325115,0.00007747368521325115,-0.1178587788026547,0.1178587788026547,-11.78587788026547,11.78587788026547,0.05,RELATIVE_ERROR_NOT_BELOW_5_PERCENT
3,OPE,W+T1+P1,displacement,64,,UY,0.002962479,0.0034316462654677402,0.0004691672654677402,0.0004691672654677402,0.1583698198258081,0.1583698198258081,15.836981982580811,15.836981982580811,0.05,RELATIVE_ERROR_NOT_BELOW_5_PERCENT
3,OPE,W+T1+P1,displacement,65,,RZ,0.0005386784203355298,0.0004610336340652601,-0.00007764478627026974,0.00007764478627026974,-0.14413940365739297,0.14413940365739297,-14.413940365739297,14.413940365739297,0.05,RELATIVE_ERROR_NOT_BELOW_5_PERCENT
3,OPE,W+T1+P1,displacement,65,,UY,0.001798502,0.0022469603506446653,0.0004484583506446653,0.0004484583506446653,0.24935104361555635,0.24935104361555635,24.935104361555634,24.935104361555634,0.05,RELATIVE_ERROR_NOT_BELOW_5_PERCENT
3,OPE,W+T1+P1,displacement,70,,RX,-0.0027334648613034393,-0.0028943762223693713,-0.00016091136106593205,0.00016091136106593205,0.058867177458137236,0.058867177458137236,5.886717745813724,5.886717745813724,0.05,RELATIVE_ERROR_NOT_BELOW_5_PERCENT
3,OPE,W+T1+P1,displacement,70,,RY,-0.000013124875974997357,0.000043019859586819106,0.00005614473556181646,0.00005614473556181646,-4.277734560598602,4.277734560598602,-427.77345605986017,427.77345605986017,0.05,RELATIVE_ERROR_NOT_BELOW_5_PERCENT
3,OPE,W+T1+P1,displacement,71,,RX,-0.0027320511446093237,-0.002883172980656805,-0.0001511218360474814,0.0001511218360474814,0.05531442423604095,0.05531442423604095,5.531442423604095,5.531442423604095,0.05,RELATIVE_ERROR_NOT_BELOW_5_PERCENT
3,OPE,W+T1+P1,displacement,71,,RY,-0.00001298524963483781,0.00004425069845110074,0.00005723594808593855,0.00005723594808593855,-4.407766480852368,4.407766480852368,-440.77664808523684,440.77664808523684,0.05,RELATIVE_ERROR_NOT_BELOW_5_PERCENT
3,OPE,W+T1+P1,displacement,80,,RX,-0.002378185638767473,-0.002533085578244452,-0.00015489993947697886,0.00015489993947697886,0.06513366196141772,0.06513366196141772,6.513366196141772,6.513366196141772,0.05,RELATIVE_ERROR_NOT_BELOW_5_PERCENT
3,OPE,W+T1+P1,displacement,80,,RY,0.0001772207322475042,0.00023401905846087226,0.00005679832621336805,0.00005679832621336805,0.32049481735604296,0.32049481735604296,32.049481735604296,32.049481735604296,0.05,RELATIVE_ERROR_NOT_BELOW_5_PERCENT
3,OPE,W+T1+P1,displacement,90,,RX,-0.002323556833180051,-0.002477298091367758,-0.0001537412581877071,0.0001537412581877071,0.06616634290683338,0.06616634290683338,6.616634290683337,6.616634290683337,0.05,RELATIVE_ERROR_NOT_BELOW_5_PERCENT
3,OPE,W+T1+P1,displacement,90,,RY,0.0001998227460608308,0.0002567540190112871,0.00005693127295045632,0.00005693127295045632,0.2849088708505942,0.2849088708505942,28.49088708505942,28.49088708505942,0.05,RELATIVE_ERROR_NOT_BELOW_5_PERCENT
3,OPE,W+T1+P1,displacement,100,,RX,-0.0019069641940215242,-0.0020498940475005916,-0.00014292985347906734,0.00014292985347906734,0.07495151399652031,0.07495151399652031,7.4951513996520305,7.4951513996520305,0.05,RELATIVE_ERROR_NOT_BELOW_5_PERCENT
3,OPE,W+T1+P1,displacement,100,,RY,0.0003231651642992701,0.0003814685432440694,0.000058303378944799314,0.000058303378944799314,0.18041356366865993,0.18041356366865993,18.041356366865994,18.041356366865994,0.05,RELATIVE_ERROR_NOT_BELOW_5_PERCENT
3,OPE,W+T1+P1,displacement,101,,RX,-0.0019069641940215242,-0.002049894047500595,-0.0001429298534790708,0.0001429298534790708,0.07495151399652213,0.07495151399652213,7.4951513996522126,7.4951513996522126,0.05,RELATIVE_ERROR_NOT_BELOW_5_PERCENT
3,OPE,W+T1+P1,displacement,101,,RY,0.0003231651642992701,0.0003814685432440693,0.000058303378944799206,0.000058303378944799206,0.1804135636686596,0.1804135636686596,18.04135636686596,18.04135636686596,0.05,RELATIVE_ERROR_NOT_BELOW_5_PERCENT
3,OPE,W+T1+P1,displacement,110,,RX,-0.0014986269622249311,-0.0016301183082838523,-0.00013149134605892118,0.00013149134605892118,0.08774121203832008,0.08774121203832008,8.774121203832008,8.774121203832008,0.05,RELATIVE_ERROR_NOT_BELOW_5_PERCENT
3,OPE,W+T1+P1,displacement,110,,RY,0.0004277452930787703,0.00048750760289018936,0.000059762309811419074,0.000059762309811419074,0.13971471054951787,0.13971471054951787,13.971471054951786,13.971471054951786,0.05,RELATIVE_ERROR_NOT_BELOW_5_PERCENT
3,OPE,W+T1+P1,displacement,120,,RX,-0.0014460576451548615,-0.0015755061686010435,-0.0001294485234461819,0.0001294485234461819,0.08951823177997788,0.08951823177997788,8.951823177997788,8.951823177997788,0.05,RELATIVE_ERROR_NOT_BELOW_5_PERCENT
3,OPE,W+T1+P1,displacement,120,,RY,0.0004339412119233501,0.0004939805073343926,0.00006003929541104248,0.00006003929541104248,0.13835813184217133,0.13835813184217133,13.835813184217132,13.835813184217132,0.05,RELATIVE_ERROR_NOT_BELOW_5_PERCENT
3,OPE,W+T1+P1,displacement,129,,RX,-0.0006000092902506105,-0.0006710343163670077,-0.00007102502611639719,0.00007102502611639719,0.11837321066600755,0.11837321066600755,11.837321066600754,11.837321066600754,0.05,RELATIVE_ERROR_NOT_BELOW_5_PERCENT
3,OPE,W+T1+P1,displacement,129,,RY,0.0005211204080604668,0.0005886555999113957,0.00006753519185092888,0.00006753519185092888,0.12959613710444556,0.12959613710444556,12.959613710444556,12.959613710444556,0.05,RELATIVE_ERROR_NOT_BELOW_5_PERCENT
3,OPE,W+T1+P1,displacement,130,,RX,-0.0003157649682708141,-0.0003359376436111949,-0.000020172675340380782,0.000020172675340380782,0.06388509609172287,0.06388509609172287,6.388509609172287,6.388509609172287,0.05,RELATIVE_ERROR_NOT_BELOW_5_PERCENT
3,OPE,W+T1+P1,displacement,130,,RY,0.0006169913438725154,0.0006885553249414002,0.00007156398106888473,0.00007156398106888473,0.11598863060171472,0.11598863060171472,11.598863060171471,11.598863060171471,0.05,RELATIVE_ERROR_NOT_BELOW_5_PERCENT
3,OPE,W+T1+P1,displacement,140,,RY,0.00046347218286709417,0.000544436962827691,0.0000809647799605968,0.0000809647799605968,0.1746917786084572,0.1746917786084572,17.46917786084572,17.46917786084572,0.05,RELATIVE_ERROR_NOT_BELOW_5_PERCENT
3,OPE,W+T1+P1,displacement,141,,RY,0.00046347218286709417,0.0005444369628277134,0.00008096477996061925,0.00008096477996061925,0.17469177860850563,0.17469177860850563,17.469177860850564,17.469177860850564,0.05,RELATIVE_ERROR_NOT_BELOW_5_PERCENT
3,OPE,W+T1+P1,displacement,141,,UZ,0.000112715,-0.00014306186286005185,-0.00025577686286005184,0.00025577686286005184,-2.2692353534139365,2.2692353534139365,-226.92353534139363,226.92353534139363,0.05,RELATIVE_ERROR_NOT_BELOW_5_PERCENT
3,OPE,W+T1+P1,displacement,150,,RX,-0.0003434458902074442,-0.000313154406714933,0.000030291483492511217,0.000030291483492511217,-0.08819870715068072,0.08819870715068072,-8.819870715068072,8.819870715068072,0.05,RELATIVE_ERROR_NOT_BELOW_5_PERCENT
3,OPE,W+T1+P1,displacement,150,,RY,0.0002717477645355171,0.0003644773375070753,0.00009272957297155817,0.00009272957297155817,0.3412339863404415,0.3412339863404415,34.12339863404415,34.12339863404415,0.05,RELATIVE_ERROR_NOT_BELOW_5_PERCENT
3,OPE,W+T1+P1,displacement,150,,UX,0.00041225,0.0003529825547781132,-0.00005926744522188681,0.00005926744522188681,-0.14376578586267266,0.14376578586267266,-14.376578586267266,14.376578586267266,0.05,RELATIVE_ERROR_NOT_BELOW_5_PERCENT
3,OPE,W+T1+P1,displacement,151,,RX,-0.00034452799434368065,-0.00032182928873195706,0.000022698705611723597,0.000022698705611723597,-0.06588348692814992,0.06588348692814992,-6.588348692814992,6.588348692814992,0.05,RELATIVE_ERROR_NOT_BELOW_5_PERCENT
3,OPE,W+T1+P1,displacement,151,,RY,0.0002721142836784359,0.0003680910211534353,0.00009597673747499942,0.00009597673747499942,0.352707458710317,0.352707458710317,35.2707458710317,35.2707458710317,0.05,RELATIVE_ERROR_NOT_BELOW_5_PERCENT
3,OPE,W+T1+P1,displacement,151,,UX,0.00042779499999999997,0.00037391313932162083,-0.000053881860678379133,0.000053881860678379133,-0.12595252557505146,0.12595252557505146,-12.595252557505146,12.595252557505146,0.05,RELATIVE_ERROR_NOT_BELOW_5_PERCENT
3,OPE,W+T1+P1,displacement,151,,UZ,-0.000072488,-0.00031621926748396517,-0.00024373126748396517,0.00024373126748396517,3.362367115715224,3.362367115715224,336.2367115715224,336.2367115715224,0.05,RELATIVE_ERROR_NOT_BELOW_5_PERCENT
3,OPE,W+T1+P1,displacement,158,,RX,-0.00008051203839449841,-0.00005431602355969087,0.00002619601483480754,0.00002619601483480754,-0.3253676761536021,0.3253676761536021,-32.53676761536021,32.53676761536021,0.05,RELATIVE_ERROR_NOT_BELOW_5_PERCENT
3,OPE,W+T1+P1,displacement,158,,RY,-0.00015587535549561356,-0.0000938387947145361,0.00006203656078107746,0.00006203656078107746,-0.39798825531995796,0.39798825531995796,-39.798825531995796,39.798825531995796,0.05,RELATIVE_ERROR_NOT_BELOW_5_PERCENT
3,OPE,W+T1+P1,displacement,158,,UZ,-0.000431028,-0.0004023018556404751,0.0000287261443595249,0.0000287261443595249,-0.06664565726478303,0.06664565726478303,-6.664565726478303,6.664565726478303,0.05,RELATIVE_ERROR_NOT_BELOW_5_PERCENT
3,OPE,W+T1+P1,displacement,159,,RX,-0.00002719222974607165,-0.000002156242613028135,0.000025035987133043516,0.000025035987133043516,-0.9207037218659997,0.9207037218659997,-92.07037218659997,92.07037218659997,0.05,RELATIVE_ERROR_NOT_BELOW_5_PERCENT
3,OPE,W+T1+P1,displacement,159,,RY,-0.00026248006620742723,-0.00020711232917161837,0.00005536773703580886,0.00005536773703580886,-0.21094073098889732,0.21094073098889732,-21.09407309888973,21.09407309888973,0.05,RELATIVE_ERROR_NOT_BELOW_5_PERCENT
3,OPE,W+T1+P1,displacement,159,,UZ,-0.000426392,-0.00039756231479216837,0.000028829685207831628,0.000028829685207831628,-0.067613100639392,0.067613100639392,-6.7613100639392,6.7613100639392,0.05,RELATIVE_ERROR_NOT_BELOW_5_PERCENT
3,OPE,W+T1+P1,displacement,160,,RX,0,0.000025595320891429542,0.000025595320891429542,0.000025595320891429542,,,,,0.05,EXACT_ZERO_REFERENCE_MISMATCH
3,OPE,W+T1+P1,displacement,160,,RY,-0.00043168973718827746,-0.00039058390268402444,0.00004110583450425302,0.00004110583450425302,-0.09522078234240045,0.09522078234240045,-9.522078234240045,9.522078234240045,0.05,RELATIVE_ERROR_NOT_BELOW_5_PERCENT
3,OPE,W+T1+P1,displacement,160,,UZ,-0.00038826500000000005,-0.0003635256648172861,0.000024739335182713963,0.000024739335182713963,-0.06371765465008167,0.06371765465008167,-6.371765465008167,6.371765465008167,0.05,RELATIVE_ERROR_NOT_BELOW_5_PERCENT
3,OPE,W+T1+P1,displacement,168,,RX,-0.00011280062955639351,-0.00009972910152785248,0.000013071528028541028,0.000013071528028541028,-0.11588169392269262,0.11588169392269262,-11.588169392269263,11.588169392269263,0.05,RELATIVE_ERROR_NOT_BELOW_5_PERCENT
3,OPE,W+T1+P1,displacement,168,,RY,-0.00037643261307013703,-0.00035736337197745294,0.000019069241092684096,0.000019069241092684096,-0.0506577815805006,0.0506577815805006,-5.06577815805006,5.06577815805006,0.05,RELATIVE_ERROR_NOT_BELOW_5_PERCENT
3,OPE,W+T1+P1,displacement,168,,UZ,-0.000041383,-0.00003879987087033058,0.0000025831291296694194,0.0000025831291296694194,-0.06242005484545392,0.06242005484545392,-6.242005484545392,6.242005484545392,0.05,RELATIVE_ERROR_NOT_BELOW_5_PERCENT
3,OPE,W+T1+P1,displacement,169,,RX,-0.00006997024971245268,-0.00006223229657923986,0.000007737953133212828,0.000007737953133212828,-0.11058918847670907,0.11058918847670907,-11.058918847670906,11.058918847670906,0.05,RELATIVE_ERROR_NOT_BELOW_5_PERCENT
3,OPE,W+T1+P1,displacement,169,,RY,-0.00014261085318045667,-0.00013502451396506633,0.000007586339215390333,0.000007586339215390333,-0.05319608603554699,0.05319608603554699,-5.319608603554699,5.319608603554699,0.05,RELATIVE_ERROR_NOT_BELOW_5_PERCENT
3,OPE,W+T1+P1,displacement,169,,UZ,-0.000008062,-0.000007414882610392379,6.471173896076212e-7,6.471173896076212e-7,-0.08026759980248341,0.08026759980248341,-8.026759980248341,8.026759980248341,0.05,RELATIVE_ERROR_NOT_BELOW_5_PERCENT
3,OPE,W+T1+P1,displacement,170,,RX,0,-3.0703225102626245e-7,-3.0703225102626245e-7,3.0703225102626245e-7,,,,,0.05,EXACT_ZERO_REFERENCE_MISMATCH
3,OPE,W+T1+P1,displacement,170,,RY,-0.000003787364476827695,-0.0000023834447847887666,0.0000014039196920389285,0.0000014039196920389285,-0.3706851296273589,0.3706851296273589,-37.06851296273589,37.06851296273589,0.05,RELATIVE_ERROR_NOT_BELOW_5_PERCENT
3,OPE,W+T1+P1,displacement,170,,RZ,0.000017470745812463237,0.000011280599923288761,-0.000006190145889174476,0.000006190145889174476,-0.3543149191008529,0.3543149191008529,-35.43149191008529,35.43149191008529,0.05,RELATIVE_ERROR_NOT_BELOW_5_PERCENT
3,OPE,W+T1+P1,displacement,170,,UZ,0,-7.949206356901845e-8,-7.949206356901845e-8,7.949206356901845e-8,,,,,0.05,EXACT_ZERO_REFERENCE_MISMATCH
3,OPE,W+T1+P1,displacement,180,,RX,0,-3.0703225102626245e-7,-3.0703225102626245e-7,3.0703225102626245e-7,,,,,0.05,EXACT_ZERO_REFERENCE_MISMATCH
3,OPE,W+T1+P1,displacement,180,,UZ,0,-7.949206356901845e-8,-7.949206356901845e-8,7.949206356901845e-8,,,,,0.05,EXACT_ZERO_REFERENCE_MISMATCH
3,OPE,W+T1+P1,displacement,198,,RZ,-0.0046290495086019606,-0.004334368474112143,0.0002946810344898179,0.0002946810344898179,-0.06365908032355778,0.06365908032355778,-6.365908032355779,6.365908032355779,0.05,RELATIVE_ERROR_NOT_BELOW_5_PERCENT
3,OPE,W+T1+P1,displacement,198,,UY,-0.00015049399999999999,-0.00034011402540119523,-0.00018962002540119524,0.00018962002540119524,1.259983955514474,1.259983955514474,125.9983955514474,125.9983955514474,0.05,RELATIVE_ERROR_NOT_BELOW_5_PERCENT
3,OPE,W+T1+P1,displacement,199,,UY,0.000380605,0.000189718405856561,-0.000190886594143439,0.000190886594143439,-0.501534646532334,0.501534646532334,-50.15346465323341,50.15346465323341,0.05,RELATIVE_ERROR_NOT_BELOW_5_PERCENT
3,OPE,W+T1+P1,displacement,200,,RX,-0.001587342048103803,-0.0015070581115529285,0.0000802839365508744,0.0000802839365508744,-0.05057759078881548,0.05057759078881548,-5.057759078881547,5.057759078881547,0.05,RELATIVE_ERROR_NOT_BELOW_5_PERCENT
3,OPE,W+T1+P1,displacement,200,,UY,0.000949974,0.0007545849496602275,-0.00019538905033977252,0.00019538905033977252,-0.2056783136588712,0.2056783136588712,-20.56783136588712,20.56783136588712,0.05,RELATIVE_ERROR_NOT_BELOW_5_PERCENT
3,OPE,W+T1+P1,displacement,220,,UY,0.0000015070000000000001,8.855425561048188e-7,-6.214574438951814e-7,6.214574438951814e-7,-0.4123805201693307,0.4123805201693307,-41.23805201693307,41.23805201693307,0.05,RELATIVE_ERROR_NOT_BELOW_5_PERCENT
3,OPE,W+T1+P1,displacement,230,,RX,0,0.0000021469825369160023,0.0000021469825369160023,0.0000021469825369160023,,,,,0.05,EXACT_ZERO_REFERENCE_MISMATCH
3,OPE,W+T1+P1,displacement,230,,UY,-0.000001756,-0.0000021115872336691086,-3.555872336691086e-7,3.555872336691086e-7,0.20249842464072243,0.20249842464072243,20.249842464072245,20.249842464072245,0.05,RELATIVE_ERROR_NOT_BELOW_5_PERCENT
3,OPE,W+T1+P1,displacement,248,,RX,0.000027296949501191313,-0.00019497594084715055,-0.00022227289034834185,0.00022227289034834185,-8.142773987937415,8.142773987937415,-814.2773987937416,814.2773987937416,0.05,RELATIVE_ERROR_NOT_BELOW_5_PERCENT
3,OPE,W+T1+P1,displacement,248,,RY,0.0009338035096945261,0.0010897065192395322,0.00015590300954500605,0.00015590300954500605,0.166954833566653,0.166954833566653,16.6954833566653,16.6954833566653,0.05,RELATIVE_ERROR_NOT_BELOW_5_PERCENT
3,OPE,W+T1+P1,displacement,249,,RX,-0.000903696580097624,-0.0010705728283390966,-0.00016687624824147267,0.00016687624824147267,0.18465959915821023,0.18465959915821023,18.465959915821024,18.465959915821024,0.05,RELATIVE_ERROR_NOT_BELOW_5_PERCENT
3,OPE,W+T1+P1,displacement,249,,RY,0.0010281211024722996,0.0011914684642371327,0.00016334736176483304,0.00016334736176483304,0.15887949519957845,0.15887949519957845,15.887949519957845,15.887949519957845,0.05,RELATIVE_ERROR_NOT_BELOW_5_PERCENT
3,OPE,W+T1+P1,displacement,250,,RX,-0.001877799742220699,-0.0019859201293824335,-0.00010812038716173449,0.00010812038716173449,0.057578230910752266,0.057578230910752266,5.757823091075227,5.757823091075227,0.05,RELATIVE_ERROR_NOT_BELOW_5_PERCENT
3,OPE,W+T1+P1,displacement,250,,RY,0.0011683059479924843,0.0013422958851510114,0.00017398993715852704,0.00017398993715852704,0.148924977620371,0.148924977620371,14.892497762037099,14.892497762037099,0.05,RELATIVE_ERROR_NOT_BELOW_5_PERCENT
3,OPE,W+T1+P1,displacement,260,,RY,0.0005311560512594344,0.00048898970614626,-0.00004216634511317442,0.00004216634511317442,-0.07938598273180356,0.07938598273180356,-7.9385982731803555,7.9385982731803555,0.05,RELATIVE_ERROR_NOT_BELOW_5_PERCENT
3,OPE,W+T1+P1,displacement,260,,UX,0.000681909,0.0006060752803880674,-0.00007583371961193252,0.00007583371961193252,-0.11120797586178291,0.11120797586178291,-11.120797586178291,11.120797586178291,0.05,RELATIVE_ERROR_NOT_BELOW_5_PERCENT
3,OPE,W+T1+P1,displacement,260,,UZ,0.002105271,0.0018944417643918347,-0.0002108292356081654,0.0002108292356081654,-0.10014351387928937,0.10014351387928937,-10.014351387928937,10.014351387928937,0.05,RELATIVE_ERROR_NOT_BELOW_5_PERCENT
3,OPE,W+T1+P1,displacement,270,,RY,0.0005123763085079753,0.00046582422719349795,-0.00004655208131447734,0.00004655208131447734,-0.09085525724254431,0.09085525724254431,-9.085525724254431,9.085525724254431,0.05,RELATIVE_ERROR_NOT_BELOW_5_PERCENT
3,OPE,W+T1+P1,displacement,270,,UX,0.000442924,0.00038729088540210074,-0.00005563311459789923,0.00005563311459789923,-0.12560419981283297,0.12560419981283297,-12.560419981283296,12.560419981283296,0.05,RELATIVE_ERROR_NOT_BELOW_5_PERCENT
3,OPE,W+T1+P1,displacement,270,,UZ,0.000068739,-0.00017285084980571698,-0.00024158984980571696,0.00024158984980571696,-3.5145965144345563,3.5145965144345563,-351.45965144345564,351.45965144345564,0.05,RELATIVE_ERROR_NOT_BELOW_5_PERCENT
3,OPE,W+T1+P1,displacement,280,,RX,-0.0019069641940215242,-0.002049894047505451,-0.00014292985348392673,0.00014292985348392673,0.07495151399906855,0.07495151399906855,7.495151399906855,7.495151399906855,0.05,RELATIVE_ERROR_NOT_BELOW_5_PERCENT
3,OPE,W+T1+P1,displacement,280,,RY,0.0003231651642992701,0.00038146854324406403,0.00005830337894479395,0.00005830337894479395,0.18041356366864333,0.18041356366864333,18.041356366864335,18.041356366864335,0.05,RELATIVE_ERROR_NOT_BELOW_5_PERCENT
3,OPE,W+T1+P1,displacement,290,,RX,-0.0019069641940215242,-0.0020498940475098012,-0.000142929853488277,0.000142929853488277,0.07495151400134979,0.07495151400134979,7.495151400134979,7.495151400134979,0.05,RELATIVE_ERROR_NOT_BELOW_5_PERCENT
3,OPE,W+T1+P1,displacement,290,,RY,0.0003231651642992701,0.0003814685432440549,0.00005830337894478484,0.00005830337894478484,0.18041356366861516,0.18041356366861516,18.041356366861518,18.041356366861518,0.05,RELATIVE_ERROR_NOT_BELOW_5_PERCENT
3,OPE,W+T1+P1,displacement,300,,RX,-0.0019069641940215242,-0.0020498940475098004,-0.00014292985348827612,0.00014292985348827612,0.07495151400134933,0.07495151400134933,7.495151400134933,7.495151400134933,0.05,RELATIVE_ERROR_NOT_BELOW_5_PERCENT
3,OPE,W+T1+P1,displacement,300,,RY,0.0003231651642992701,0.00038146854324405487,0.000058303378944784786,0.000058303378944784786,0.180413563668615,0.180413563668615,18.0413563668615,18.0413563668615,0.05,RELATIVE_ERROR_NOT_BELOW_5_PERCENT
3,OPE,W+T1+P1,displacement,310,,RX,-0.0019069641940215242,-0.0020498940475098,-0.00014292985348827569,0.00014292985348827569,0.0749515140013491,0.0749515140013491,7.49515140013491,7.49515140013491,0.05,RELATIVE_ERROR_NOT_BELOW_5_PERCENT
3,OPE,W+T1+P1,displacement,310,,RY,0.0003231651642992701,0.00038146854324405487,0.000058303378944784786,0.000058303378944784786,0.180413563668615,0.180413563668615,18.0413563668615,18.0413563668615,0.05,RELATIVE_ERROR_NOT_BELOW_5_PERCENT
3,OPE,W+T1+P1,displacement,320,,RY,0.00046347218286709417,0.0005444369628345139,0.00008096477996741969,0.00008096477996741969,0.17469177862317845,0.17469177862317845,17.469177862317846,17.469177862317846,0.05,RELATIVE_ERROR_NOT_BELOW_5_PERCENT
3,OPE,W+T1+P1,displacement,320,,UZ,0.000193771,-0.000060781419268552215,-0.00025455241926855223,0.00025455241926855223,-1.313676552572636,1.313676552572636,-131.3676552572636,131.3676552572636,0.05,RELATIVE_ERROR_NOT_BELOW_5_PERCENT
3,OPE,W+T1+P1,displacement,330,,RY,0.00046347218286709417,0.0005444369628407135,0.00008096477997361938,0.00008096477997361938,0.17469177863655505,0.17469177863655505,17.469177863655506,17.469177863655506,0.05,RELATIVE_ERROR_NOT_BELOW_5_PERCENT
3,OPE,W+T1+P1,displacement,330,,UZ,0.00041645900000000005,0.00016526858073145,-0.00025119041926855004,0.00025119041926855004,-0.6031576200023292,0.6031576200023292,-60.31576200023292,60.31576200023292,0.05,RELATIVE_ERROR_NOT_BELOW_5_PERCENT
3,OPE,W+T1+P1,displacement,340,,RY,0.00046347218286709417,0.0005444369628407135,0.00008096477997361938,0.00008096477997361938,0.17469177863655505,0.17469177863655505,17.469177863655506,17.469177863655506,0.05,RELATIVE_ERROR_NOT_BELOW_5_PERCENT
3,OPE,W+T1+P1,displacement,340,,UZ,0.0005215640000000001,0.00027196241302044857,-0.0002496015869795515,0.0002496015869795515,-0.47856367958592133,0.47856367958592133,-47.85636795859213,47.85636795859213,0.05,RELATIVE_ERROR_NOT_BELOW_5_PERCENT
3,OPE,W+T1+P1,restraint,10:Rigid ANC,,RZ,1478.500732,1622.3470644224326,143.84633242243262,143.84633242243262,0.09729202651651621,0.09729202651651621,9.72920265165162,9.72920265165162,0.05,RELATIVE_ERROR_NOT_BELOW_5_PERCENT
3,OPE,W+T1+P1,restraint,190:Rigid ANC,,RX,111.253922,104.32024049539201,-6.933681504607989,6.933681504607989,-0.06232302987581857,0.06232302987581857,-6.232302987581857,6.232302987581857,0.05,RELATIVE_ERROR_NOT_BELOW_5_PERCENT
3,OPE,W+T1+P1,restraint,240:Rigid ANC,,RX,-365.070862,-411.873666782119,-46.80280478211904,46.80280478211904,0.12820197296961772,0.12820197296961772,12.820197296961771,12.820197296961771,0.05,RELATIVE_ERROR_NOT_BELOW_5_PERCENT
3,OPE,W+T1+P1,globalForce,10-20,I,mz,1478.500732,1622.3470644224326,143.84633242243262,143.84633242243262,0.09729202651651621,0.09729202651651621,9.72920265165162,9.72920265165162,0.05,RELATIVE_ERROR_NOT_BELOW_5_PERCENT
3,OPE,W+T1+P1,globalForce,10-20,J,fy,-1321.532959,-1249.1883920920015,72.34456690799834,72.34456690799834,-0.054742915350927956,0.054742915350927956,-5.474291535092796,5.474291535092796,0.05,RELATIVE_ERROR_NOT_BELOW_5_PERCENT
3,OPE,W+T1+P1,globalForce,10-20,J,mz,-1478.500732,-1622.3470644224326,-143.84633242243262,143.84633242243262,0.09729202651651621,0.09729202651651621,9.72920265165162,9.72920265165162,0.05,RELATIVE_ERROR_NOT_BELOW_5_PERCENT
3,OPE,W+T1+P1,globalForce,20-30,I,fy,1321.532959,1249.188392092001,-72.3445669079988,72.3445669079988,-0.0547429153509283,0.0547429153509283,-5.4742915350928305,5.4742915350928305,0.05,RELATIVE_ERROR_NOT_BELOW_5_PERCENT
3,OPE,W+T1+P1,globalForce,20-30,I,mz,1478.500732,1622.3470644224328,143.84633242243285,143.84633242243285,0.09729202651651636,0.09729202651651636,9.729202651651637,9.729202651651637,0.05,RELATIVE_ERROR_NOT_BELOW_5_PERCENT
3,OPE,W+T1+P1,globalForce,20-30,J,fy,-1165.975342,-1093.6312219649187,72.34412003508123,72.34412003508123,-0.06204601197739672,0.06204601197739672,-6.204601197739672,6.204601197739672,0.05,RELATIVE_ERROR_NOT_BELOW_5_PERCENT
3,OPE,W+T1+P1,globalForce,20-30,J,mz,-1478.500732,-1622.3470644224328,-143.84633242243285,143.84633242243285,0.09729202651651636,0.09729202651651636,9.729202651651637,9.729202651651637,0.05,RELATIVE_ERROR_NOT_BELOW_5_PERCENT
3,OPE,W+T1+P1,globalForce,30-31,I,fy,-768.63916,-848.7927402555941,-80.15358025559419,80.15358025559419,0.10427985513461765,0.10427985513461765,10.427985513461765,10.427985513461765,0.05,RELATIVE_ERROR_NOT_BELOW_5_PERCENT
3,OPE,W+T1+P1,globalForce,30-31,I,mz,2117.437744,2286.629439275712,169.19169527571194,169.19169527571194,0.07990397628224764,0.07990397628224764,7.990397628224764,7.990397628224764,0.05,RELATIVE_ERROR_NOT_BELOW_5_PERCENT
3,OPE,W+T1+P1,globalForce,30-31,J,fy,768.63916,848.7927402555941,80.15358025559419,80.15358025559419,0.10427985513461765,0.10427985513461765,10.427985513461765,10.427985513461765,0.05,RELATIVE_ERROR_NOT_BELOW_5_PERCENT
3,OPE,W+T1+P1,globalForce,30-31,J,mz,-1757.973389,-1915.9169626832008,-157.94357368320084,157.94357368320084,0.08984412089027409,0.08984412089027409,8.984412089027408,8.984412089027408,0.05,RELATIVE_ERROR_NOT_BELOW_5_PERCENT
3,OPE,W+T1+P1,globalForce,31-198,I,fy,-768.63916,-848.792740268167,-80.15358026816705,80.15358026816705,0.10427985515097495,0.10427985515097495,10.427985515097495,10.427985515097495,0.05,RELATIVE_ERROR_NOT_BELOW_5_PERCENT
3,OPE,W+T1+P1,globalForce,31-198,I,mz,1757.973389,1915.9169626826374,157.9435736826374,157.9435736826374,0.08984412088995358,0.08984412088995358,8.984412088995358,8.984412088995358,0.05,RELATIVE_ERROR_NOT_BELOW_5_PERCENT
3,OPE,W+T1+P1,globalForce,31-198,J,fy,787.562561,867.7161267306655,80.15356573066549,80.15356573066549,0.10177422048718425,0.10177422048718425,10.177422048718425,10.177422048718425,0.05,RELATIVE_ERROR_NOT_BELOW_5_PERCENT
3,OPE,W+T1+P1,globalForce,31-198,J,mx,14.79526,9.449889084045935,-5.345370915954065,5.345370915954065,-0.36128942079788157,0.36128942079788157,-36.12894207978815,36.12894207978815,0.05,RELATIVE_ERROR_NOT_BELOW_5_PERCENT
3,OPE,W+T1+P1,globalForce,31-198,J,mz,-682.719788,-807.0168681717241,-124.29708017172413,124.29708017172413,0.18206163400631378,0.18206163400631378,18.20616340063138,18.20616340063138,0.05,RELATIVE_ERROR_NOT_BELOW_5_PERCENT
3,OPE,W+T1+P1,globalForce,39-40,J,mz,418.494354,439.622684822609,21.12833082260903,21.12833082260903,0.05048653732281662,0.05048653732281662,5.048653732281662,5.048653732281662,0.05,RELATIVE_ERROR_NOT_BELOW_5_PERCENT
3,OPE,W+T1+P1,globalForce,40-48,I,mz,-418.494354,-439.62268482260765,-21.128330822607666,21.128330822607666,0.05048653732281336,0.05048653732281336,5.048653732281336,5.048653732281336,0.05,RELATIVE_ERROR_NOT_BELOW_5_PERCENT
3,OPE,W+T1+P1,globalForce,50-58,J,mz,59.25293,63.30407046619607,4.051140466196074,4.051140466196074,0.06837029774217197,0.06837029774217197,6.837029774217197,6.837029774217197,0.05,RELATIVE_ERROR_NOT_BELOW_5_PERCENT
3,OPE,W+T1+P1,globalForce,58-59,I,mz,-59.25293,-63.304070466177635,-4.051140466177635,4.051140466177635,0.06837029774186079,0.06837029774186079,6.837029774186079,6.837029774186079,0.05,RELATIVE_ERROR_NOT_BELOW_5_PERCENT
3,OPE,W+T1+P1,globalForce,60-63,J,mx,-166.876526,-188.90919922526837,-22.032673225268354,22.032673225268354,0.1320297932452666,0.1320297932452666,13.202979324526659,13.202979324526659,0.05,RELATIVE_ERROR_NOT_BELOW_5_PERCENT
3,OPE,W+T1+P1,globalForce,63-64,I,mx,166.876526,188.90919922528383,22.032673225283816,22.032673225283816,0.13202979324535924,0.13202979324535924,13.202979324535924,13.202979324535924,0.05,RELATIVE_ERROR_NOT_BELOW_5_PERCENT
3,OPE,W+T1+P1,globalForce,70-71,I,fx,102.327026,122.69933345913887,20.372307459138867,20.372307459138867,0.1990901940132499,0.1990901940132499,19.90901940132499,19.90901940132499,0.05,RELATIVE_ERROR_NOT_BELOW_5_PERCENT
3,OPE,W+T1+P1,globalForce,70-71,I,my,-42.567078,-47.00435816644722,-4.437280166447216,4.437280166447216,0.1042420662852925,0.1042420662852925,10.42420662852925,10.42420662852925,0.05,RELATIVE_ERROR_NOT_BELOW_5_PERCENT
3,OPE,W+T1+P1,globalForce,70-71,I,mz,-134.551437,-155.9096715587075,-21.358234558707494,21.358234558707494,0.15873657714043957,0.15873657714043957,15.873657714043956,15.873657714043956,0.05,RELATIVE_ERROR_NOT_BELOW_5_PERCENT
3,OPE,W+T1+P1,globalForce,70-71,J,fx,-102.327026,-122.69933345913887,-20.372307459138867,20.372307459138867,0.1990901940132499,0.1990901940132499,19.90901940132499,19.90901940132499,0.05,RELATIVE_ERROR_NOT_BELOW_5_PERCENT
3,OPE,W+T1+P1,globalForce,70-71,J,my,42.567078,47.00435816644722,4.437280166447216,4.437280166447216,0.1042420662852925,0.1042420662852925,10.42420662852925,10.42420662852925,0.05,RELATIVE_ERROR_NOT_BELOW_5_PERCENT
3,OPE,W+T1+P1,globalForce,70-71,J,mz,128.703384,148.89740495628212,20.194020956282117,20.194020956282117,0.15690357416151635,0.15690357416151635,15.690357416151635,15.690357416151635,0.05,RELATIVE_ERROR_NOT_BELOW_5_PERCENT
3,OPE,W+T1+P1,globalForce,70-80,I,fy,112.255638,135.17990565715948,22.924267657159476,22.924267657159476,0.20421484448878616,0.20421484448878616,20.421484448878616,20.421484448878616,0.05,RELATIVE_ERROR_NOT_BELOW_5_PERCENT
3,OPE,W+T1+P1,globalForce,70-80,J,fy,-95.82119,-118.7459208593086,-22.924730859308596,22.924730859308596,0.23924489832894577,0.23924489832894577,23.924489832894576,23.924489832894576,0.05,RELATIVE_ERROR_NOT_BELOW_5_PERCENT
3,OPE,W+T1+P1,globalForce,71-248,I,fx,102.327026,122.69933347594042,20.372307475940417,20.372307475940417,0.19909019417744453,0.19909019417744453,19.909019417744453,19.909019417744453,0.05,RELATIVE_ERROR_NOT_BELOW_5_PERCENT
3,OPE,W+T1+P1,globalForce,71-248,I,my,-42.567078,-47.004358166447325,-4.437280166447323,4.437280166447323,0.104242066285295,0.104242066285295,10.4242066285295,10.4242066285295,0.05,RELATIVE_ERROR_NOT_BELOW_5_PERCENT
3,OPE,W+T1+P1,globalForce,71-248,I,mz,-128.703384,-148.89740495614478,-20.194020956144783,20.194020956144783,0.15690357416044928,0.15690357416044928,15.690357416044929,15.690357416044929,0.05,RELATIVE_ERROR_NOT_BELOW_5_PERCENT
3,OPE,W+T1+P1,globalForce,71-248,J,fx,-102.327087,-122.69933347594042,-20.372246475940415,20.372246475940415,0.1990894793666941,0.1990894793666941,19.90894793666941,19.90894793666941,0.05,RELATIVE_ERROR_NOT_BELOW_5_PERCENT
3,OPE,W+T1+P1,globalForce,71-248,J,mx,-232.211517,-218.31869596396874,13.89282103603125,13.89282103603125,-0.05982830315875871,0.05982830315875871,-5.982830315875871,5.982830315875871,0.05,RELATIVE_ERROR_NOT_BELOW_5_PERCENT
3,OPE,W+T1+P1,globalForce,71-248,J,my,42.567078,47.004358166447325,4.437280166447323,4.437280166447323,0.104242066285295,0.104242066285295,10.4242066285295,10.4242066285295,0.05,RELATIVE_ERROR_NOT_BELOW_5_PERCENT
3,OPE,W+T1+P1,globalForce,80-90,I,fy,95.82119,118.74592085963272,22.924730859632717,22.924730859632717,0.23924489833232834,0.23924489833232834,23.924489833232833,23.924489833232833,0.05,RELATIVE_ERROR_NOT_BELOW_5_PERCENT
3,OPE,W+T1+P1,globalForce,80-90,J,fy,287.601715,264.67699214036736,-22.924722859632652,22.924722859632652,-0.07970996577552623,0.07970996577552623,-7.970996577552623,7.970996577552623,0.05,RELATIVE_ERROR_NOT_BELOW_5_PERCENT
3,OPE,W+T1+P1,globalForce,90-100,I,fy,-287.601715,-264.6769921401401,22.924722859859912,22.924722859859912,-0.07970996577631642,0.07970996577631642,-7.9709965776316425,7.9709965776316425,0.05,RELATIVE_ERROR_NOT_BELOW_5_PERCENT
3,OPE,W+T1+P1,globalForce,90-100,J,fy,307.571472,284.6468974196641,-22.9245745803359,22.9245745803359,-0.07453413813468338,0.07453413813468338,-7.453413813468337,7.453413813468337,0.05,RELATIVE_ERROR_NOT_BELOW_5_PERCENT
3,OPE,W+T1+P1,globalForce,100-101,I,fx,0,1.5739351511001587e-7,1.5739351511001587e-7,1.5739351511001587e-7,,,,,0.05,EXACT_ZERO_REFERENCE_MISMATCH
3,OPE,W+T1+P1,globalForce,100-101,I,fz,0,3.5390257835388184e-8,3.5390257835388184e-8,3.5390257835388184e-8,,,,,0.05,EXACT_ZERO_REFERENCE_MISMATCH
3,OPE,W+T1+P1,globalForce,100-101,I,mx,0,-5.820766091346741e-11,-5.820766091346741e-11,5.820766091346741e-11,,,,,0.05,EXACT_ZERO_REFERENCE_MISMATCH
3,OPE,W+T1+P1,globalForce,100-101,I,my,0,9.094947017729282e-13,9.094947017729282e-13,9.094947017729282e-13,,,,,0.05,EXACT_ZERO_REFERENCE_MISMATCH
3,OPE,W+T1+P1,globalForce,100-101,I,mz,0,1.1204974725842476e-8,1.1204974725842476e-8,1.1204974725842476e-8,,,,,0.05,EXACT_ZERO_REFERENCE_MISMATCH
3,OPE,W+T1+P1,globalForce,100-101,J,fx,0,-1.5739351511001587e-7,-1.5739351511001587e-7,1.5739351511001587e-7,,,,,0.05,EXACT_ZERO_REFERENCE_MISMATCH
3,OPE,W+T1+P1,globalForce,100-101,J,fz,0,-3.5390257835388184e-8,-3.5390257835388184e-8,3.5390257835388184e-8,,,,,0.05,EXACT_ZERO_REFERENCE_MISMATCH
3,OPE,W+T1+P1,globalForce,100-101,J,mx,0,-1.1641532182693481e-10,-1.1641532182693481e-10,1.1641532182693481e-10,,,,,0.05,EXACT_ZERO_REFERENCE_MISMATCH
3,OPE,W+T1+P1,globalForce,100-101,J,my,0,-9.094947017729282e-13,-9.094947017729282e-13,9.094947017729282e-13,,,,,0.05,EXACT_ZERO_REFERENCE_MISMATCH
3,OPE,W+T1+P1,globalForce,100-101,J,mz,0,5.820766091346741e-11,5.820766091346741e-11,5.820766091346741e-11,,,,,0.05,EXACT_ZERO_REFERENCE_MISMATCH
3,OPE,W+T1+P1,globalForce,100-110,I,fy,-313.165009,-290.2404712102838,22.924537789716226,22.924537789716226,-0.07320274338093828,0.07320274338093828,-7.320274338093828,7.320274338093828,0.05,RELATIVE_ERROR_NOT_BELOW_5_PERCENT
3,OPE,W+T1+P1,globalForce,100-110,J,fy,333.13504,310.2106816453048,-22.924358354695187,22.924358354695187,-0.06881401114303433,0.06881401114303433,-6.881401114303433,6.881401114303433,0.05,RELATIVE_ERROR_NOT_BELOW_5_PERCENT
3,OPE,W+T1+P1,globalForce,101-280,I,fx,0,2.93694029096514e-8,2.93694029096514e-8,2.93694029096514e-8,,,,,0.05,EXACT_ZERO_REFERENCE_MISMATCH
3,OPE,W+T1+P1,globalForce,101-280,I,fz,0,-1.0633812053129077e-8,-1.0633812053129077e-8,1.0633812053129077e-8,,,,,0.05,EXACT_ZERO_REFERENCE_MISMATCH
3,OPE,W+T1+P1,globalForce,101-280,I,mx,0,9.43600753089413e-10,9.43600753089413e-10,9.43600753089413e-10,,,,,0.05,EXACT_ZERO_REFERENCE_MISMATCH
3,OPE,W+T1+P1,globalForce,101-280,I,my,0,6.892264536872971e-13,6.892264536872971e-13,6.892264536872971e-13,,,,,0.05,EXACT_ZERO_REFERENCE_MISMATCH
3,OPE,W+T1+P1,globalForce,101-280,I,mz,0,3.0571527531719767e-9,3.0571527531719767e-9,3.0571527531719767e-9,,,,,0.05,EXACT_ZERO_REFERENCE_MISMATCH
3,OPE,W+T1+P1,globalForce,101-280,J,fx,0,-2.93694029096514e-8,-2.93694029096514e-8,2.93694029096514e-8,,,,,0.05,EXACT_ZERO_REFERENCE_MISMATCH
3,OPE,W+T1+P1,globalForce,101-280,J,fz,0,1.0633812053129077e-8,1.0633812053129077e-8,1.0633812053129077e-8,,,,,0.05,EXACT_ZERO_REFERENCE_MISMATCH
3,OPE,W+T1+P1,globalForce,101-280,J,mx,0,-7.035509952402208e-10,-7.035509952402208e-10,7.035509952402208e-10,,,,,0.05,EXACT_ZERO_REFERENCE_MISMATCH
3,OPE,W+T1+P1,globalForce,101-280,J,my,0,-6.892264536872971e-13,-6.892264536872971e-13,6.892264536872971e-13,,,,,0.05,EXACT_ZERO_REFERENCE_MISMATCH
3,OPE,W+T1+P1,globalForce,101-280,J,mz,0,-2.414253685856238e-9,-2.414253685856238e-9,2.414253685856238e-9,,,,,0.05,EXACT_ZERO_REFERENCE_MISMATCH
3,OPE,W+T1+P1,globalForce,110-120,I,fy,-333.13504,-310.2106816448984,22.924358355101617,22.924358355101617,-0.06881401114425434,0.06881401114425434,-6.881401114425434,6.881401114425434,0.05,RELATIVE_ERROR_NOT_BELOW_5_PERCENT
3,OPE,W+T1+P1,globalForce,110-120,J,mx,1232.722412,1305.9722242513074,73.24981225130728,73.24981225130728,0.05942117344363434,0.05942117344363434,5.942117344363433,5.942117344363433,0.05,RELATIVE_ERROR_NOT_BELOW_5_PERCENT
3,OPE,W+T1+P1,globalForce,110-120,J,my,-64.451309,-54.46419937005703,9.987109629942964,9.987109629942964,-0.15495588506888144,0.15495588506888144,-15.495588506888144,15.495588506888144,0.05,RELATIVE_ERROR_NOT_BELOW_5_PERCENT
3,OPE,W+T1+P1,globalForce,120-129,I,mx,-1232.722412,-1305.972224251294,-73.24981225129386,73.24981225129386,0.05942117344362346,0.05942117344362346,5.942117344362345,5.942117344362345,0.05,RELATIVE_ERROR_NOT_BELOW_5_PERCENT
3,OPE,W+T1+P1,globalForce,120-129,I,my,64.451309,54.46419936982226,-9.987109630177734,9.987109630177734,-0.15495588507252406,0.15495588507252406,-15.495588507252405,15.495588507252405,0.05,RELATIVE_ERROR_NOT_BELOW_5_PERCENT
3,OPE,W+T1+P1,globalForce,120-129,J,mx,750.502563,819.74978466426,69.24722166426,69.24722166426,0.09226780170804026,0.09226780170804026,9.226780170804027,9.226780170804027,0.05,RELATIVE_ERROR_NOT_BELOW_5_PERCENT
3,OPE,W+T1+P1,globalForce,120-129,J,my,-140.624512,-130.24146714206955,10.383044857930457,10.383044857930457,-0.07383524188109152,0.07383524188109152,-7.383524188109152,7.383524188109152,0.05,RELATIVE_ERROR_NOT_BELOW_5_PERCENT
3,OPE,W+T1+P1,globalForce,129-130,I,mx,-750.502563,-819.7497846642657,-69.24722166426568,69.24722166426568,0.09226780170804784,0.09226780170804784,9.226780170804783,9.226780170804783,0.05,RELATIVE_ERROR_NOT_BELOW_5_PERCENT
3,OPE,W+T1+P1,globalForce,129-130,I,my,140.624512,130.24146714202163,-10.383044857978376,10.383044857978376,-0.07383524188143227,0.07383524188143227,-7.383524188143227,7.383524188143227,0.05,RELATIVE_ERROR_NOT_BELOW_5_PERCENT
3,OPE,W+T1+P1,globalForce,129-130,J,mx,-72.275635,-17.637961502930715,54.63767349706928,54.63767349706928,-0.7559625522082135,0.7559625522082135,-75.59625522082135,75.59625522082135,0.05,RELATIVE_ERROR_NOT_BELOW_5_PERCENT
3,OPE,W+T1+P1,globalForce,129-130,J,my,-172.176407,-161.629439172994,10.546967827006,10.546967827006,-0.061256754109208465,0.061256754109208465,-6.125675410920847,6.125675410920847,0.05,RELATIVE_ERROR_NOT_BELOW_5_PERCENT
3,OPE,W+T1+P1,globalForce,130-140,I,fz,115.645897,68.94829684383512,-46.69760015616488,46.69760015616488,-0.40379815771730215,0.40379815771730215,-40.379815771730215,40.379815771730215,0.05,RELATIVE_ERROR_NOT_BELOW_5_PERCENT
3,OPE,W+T1+P1,globalForce,130-140,I,mx,72.275635,17.63796150292717,-54.637673497072825,54.637673497072825,-0.7559625522082626,0.7559625522082626,-75.59625522082627,75.59625522082627,0.05,RELATIVE_ERROR_NOT_BELOW_5_PERCENT
3,OPE,W+T1+P1,globalForce,130-140,I,my,172.176407,161.62943917298912,-10.546967827010889,10.546967827010889,-0.06125675410923686,0.06125675410923686,-6.1256754109236855,6.1256754109236855,0.05,RELATIVE_ERROR_NOT_BELOW_5_PERCENT
3,OPE,W+T1+P1,globalForce,130-140,J,fz,-115.645897,-68.94829684383512,46.69760015616488,46.69760015616488,-0.40379815771730215,0.40379815771730215,-40.379815771730215,40.379815771730215,0.05,RELATIVE_ERROR_NOT_BELOW_5_PERCENT
3,OPE,W+T1+P1,globalForce,130-140,J,mx,-23.540901,11.416871402605238,34.957772402605244,34.957772402605244,-1.4849802224054738,1.4849802224054738,-148.49802224054739,148.49802224054739,0.05,RELATIVE_ERROR_NOT_BELOW_5_PERCENT
3,OPE,W+T1+P1,globalForce,130-140,J,my,-172.175934,-161.62943917298912,10.54649482701089,10.54649482701089,-0.06125417520320168,0.06125417520320168,-6.125417520320168,6.125417520320168,0.05,RELATIVE_ERROR_NOT_BELOW_5_PERCENT
3,OPE,W+T1+P1,globalForce,140-141,I,fx,0,-1.0011717677116394e-8,-1.0011717677116394e-8,1.0011717677116394e-8,,,,,0.05,EXACT_ZERO_REFERENCE_MISMATCH
3,OPE,W+T1+P1,globalForce,140-141,I,fz,0,9.313225746154785e-10,9.313225746154785e-10,9.313225746154785e-10,,,,,0.05,EXACT_ZERO_REFERENCE_MISMATCH
3,OPE,W+T1+P1,globalForce,140-141,I,my,0,-1.3769749784842134e-9,-1.3769749784842134e-9,1.3769749784842134e-9,,,,,0.05,EXACT_ZERO_REFERENCE_MISMATCH
3,OPE,W+T1+P1,globalForce,140-141,I,mz,0,-2.255546860396862e-10,-2.255546860396862e-10,2.255546860396862e-10,,,,,0.05,EXACT_ZERO_REFERENCE_MISMATCH
3,OPE,W+T1+P1,globalForce,140-141,J,fx,0,1.0011717677116394e-8,1.0011717677116394e-8,1.0011717677116394e-8,,,,,0.05,EXACT_ZERO_REFERENCE_MISMATCH
3,OPE,W+T1+P1,globalForce,140-141,J,fz,0,-9.313225746154785e-10,-9.313225746154785e-10,9.313225746154785e-10,,,,,0.05,EXACT_ZERO_REFERENCE_MISMATCH
3,OPE,W+T1+P1,globalForce,140-141,J,my,0,-8.913048077374697e-10,-8.913048077374697e-10,8.913048077374697e-10,,,,,0.05,EXACT_ZERO_REFERENCE_MISMATCH
3,OPE,W+T1+P1,globalForce,140-141,J,mz,0,2.255546860396862e-10,2.255546860396862e-10,2.255546860396862e-10,,,,,0.05,EXACT_ZERO_REFERENCE_MISMATCH
3,OPE,W+T1+P1,globalForce,140-150,I,fz,115.645889,68.94829684265005,-46.697592157349945,46.697592157349945,-0.40379811648427855,0.40379811648427855,-40.379811648427854,40.379811648427854,0.05,RELATIVE_ERROR_NOT_BELOW_5_PERCENT
3,OPE,W+T1+P1,globalForce,140-150,I,mx,24.169336,-10.788432390531852,-34.957768390531854,34.957768390531854,-1.4463685883026265,1.4463685883026265,-144.63685883026264,144.63685883026264,0.05,RELATIVE_ERROR_NOT_BELOW_5_PERCENT
3,OPE,W+T1+P1,globalForce,140-150,I,my,172.175919,161.62943917401594,-10.54647982598405,10.54647982598405,-0.0612540934135165,0.0612540934135165,-6.12540934135165,6.12540934135165,0.05,RELATIVE_ERROR_NOT_BELOW_5_PERCENT
3,OPE,W+T1+P1,globalForce,140-150,J,fz,-115.645889,-68.94829684265005,46.697592157349945,46.697592157349945,-0.40379811648427855,0.40379811648427855,-40.379811648427854,40.379811648427854,0.05,RELATIVE_ERROR_NOT_BELOW_5_PERCENT
3,OPE,W+T1+P1,globalForce,140-150,J,mx,36.683922,47.069005987282935,10.385083987282933,10.385083987282933,0.2830963381527998,0.2830963381527998,28.309633815279977,28.309633815279977,0.05,RELATIVE_ERROR_NOT_BELOW_5_PERCENT
3,OPE,W+T1+P1,globalForce,140-150,J,my,-172.175919,-161.62943917401594,10.54647982598405,10.54647982598405,-0.0612540934135165,0.0612540934135165,-6.12540934135165,6.12540934135165,0.05,RELATIVE_ERROR_NOT_BELOW_5_PERCENT
3,OPE,W+T1+P1,globalForce,141-320,I,fx,0,-1.0984194886987098e-8,-1.0984194886987098e-8,1.0984194886987098e-8,,,,,0.05,EXACT_ZERO_REFERENCE_MISMATCH
3,OPE,W+T1+P1,globalForce,141-320,I,fz,0,1.280568540096283e-9,1.280568540096283e-9,1.280568540096283e-9,,,,,0.05,EXACT_ZERO_REFERENCE_MISMATCH
3,OPE,W+T1+P1,globalForce,141-320,I,my,0,-7.269562729561585e-10,-7.269562729561585e-10,7.269562729561585e-10,,,,,0.05,EXACT_ZERO_REFERENCE_MISMATCH
3,OPE,W+T1+P1,globalForce,141-320,I,mz,0,-2.332853910047561e-10,-2.332853910047561e-10,2.332853910047561e-10,,,,,0.05,EXACT_ZERO_REFERENCE_MISMATCH
3,OPE,W+T1+P1,globalForce,141-320,J,fx,0,1.0984194886987098e-8,1.0984194886987098e-8,1.0984194886987098e-8,,,,,0.05,EXACT_ZERO_REFERENCE_MISMATCH
3,OPE,W+T1+P1,globalForce,141-320,J,fz,0,-1.280568540096283e-9,-1.280568540096283e-9,1.280568540096283e-9,,,,,0.05,EXACT_ZERO_REFERENCE_MISMATCH
3,OPE,W+T1+P1,globalForce,141-320,J,my,0,5.307470019033644e-10,5.307470019033644e-10,5.307470019033644e-10,,,,,0.05,EXACT_ZERO_REFERENCE_MISMATCH
3,OPE,W+T1+P1,globalForce,141-320,J,mz,0,2.332853910047561e-10,2.332853910047561e-10,2.332853910047561e-10,,,,,0.05,EXACT_ZERO_REFERENCE_MISMATCH
3,OPE,W+T1+P1,globalForce,150-158,I,my,320.429932,343.4348948533363,23.00496285333628,23.00496285333628,0.07179405091699198,0.07179405091699198,7.1794050916991985,7.1794050916991985,0.05,RELATIVE_ERROR_NOT_BELOW_5_PERCENT
3,OPE,W+T1+P1,globalForce,150-158,J,mx,34.966423,28.048426356838707,-6.917996643161292,6.917996643161292,-0.1978468499097346,0.1978468499097346,-19.78468499097346,19.78468499097346,0.05,RELATIVE_ERROR_NOT_BELOW_5_PERCENT
3,OPE,W+T1+P1,globalForce,150-158,J,my,-320.358429,-343.36214211622513,-23.00371311622513,23.00371311622513,0.07180617406581528,0.07180617406581528,7.180617406581528,7.180617406581528,0.05,RELATIVE_ERROR_NOT_BELOW_5_PERCENT
3,OPE,W+T1+P1,globalForce,151-150,I,fx,102.327095,122.69933345913887,20.37223845913887,20.37223845913887,0.19908938545689067,0.19908938545689067,19.908938545689068,19.908938545689068,0.05,RELATIVE_ERROR_NOT_BELOW_5_PERCENT
3,OPE,W+T1+P1,globalForce,151-150,I,fy,-54.772812,-69.83861206971206,-15.065800069712054,15.065800069712054,0.27505982474867374,0.27505982474867374,27.505982474867373,27.505982474867373,0.05,RELATIVE_ERROR_NOT_BELOW_5_PERCENT
3,OPE,W+T1+P1,globalForce,151-150,I,my,142.40596,174.79318907915936,32.38722907915937,32.38722907915937,0.22742888766143896,0.22742888766143896,22.742888766143896,22.742888766143896,0.05,RELATIVE_ERROR_NOT_BELOW_5_PERCENT
3,OPE,W+T1+P1,globalForce,151-150,J,fx,-102.327095,-122.69933345913887,-20.37223845913887,20.37223845913887,0.19908938545689067,0.19908938545689067,19.908938545689068,19.908938545689068,0.05,RELATIVE_ERROR_NOT_BELOW_5_PERCENT
3,OPE,W+T1+P1,globalForce,151-150,J,fy,54.772812,69.83861206971206,15.065800069712054,15.065800069712054,0.27505982474867374,0.27505982474867374,27.505982474867373,27.505982474867373,0.05,RELATIVE_ERROR_NOT_BELOW_5_PERCENT
3,OPE,W+T1+P1,globalForce,151-150,J,my,-148.253998,-181.80545567930974,-33.55145767930975,33.55145767930975,0.22631064343579962,0.22631064343579962,22.63106434357996,22.63106434357996,0.05,RELATIVE_ERROR_NOT_BELOW_5_PERCENT
3,OPE,W+T1+P1,globalForce,158-159,I,mx,-34.966423,-28.048426356838732,6.917996643161267,6.917996643161267,-0.1978468499097339,0.1978468499097339,-19.78468499097339,19.78468499097339,0.05,RELATIVE_ERROR_NOT_BELOW_5_PERCENT
3,OPE,W+T1+P1,globalForce,158-159,I,my,320.358429,343.36214211622337,23.003713116223366,23.003713116223366,0.07180617406580979,0.07180617406580979,7.1806174065809785,7.1806174065809785,0.05,RELATIVE_ERROR_NOT_BELOW_5_PERCENT
3,OPE,W+T1+P1,globalForce,158-159,J,mx,-40.070679,-47.98585279761792,-7.915173797617925,7.915173797617925,0.19753031381419628,0.19753031381419628,19.75303138141963,19.75303138141963,0.05,RELATIVE_ERROR_NOT_BELOW_5_PERCENT
3,OPE,W+T1+P1,globalForce,158-159,J,my,-289.26712,-311.84328571089077,-22.57616571089079,22.57616571089079,0.0780460831873695,0.0780460831873695,7.80460831873695,7.80460831873695,0.05,RELATIVE_ERROR_NOT_BELOW_5_PERCENT
3,OPE,W+T1+P1,globalForce,159-160,I,mx,40.070679,47.98585279761568,7.9151737976156795,7.9151737976156795,0.19753031381414027,0.19753031381414027,19.753031381414026,19.753031381414026,0.05,RELATIVE_ERROR_NOT_BELOW_5_PERCENT
3,OPE,W+T1+P1,globalForce,159-160,I,my,289.26712,311.8432857108901,22.57616571089011,22.57616571089011,0.07804608318736714,0.07804608318736714,7.8046083187367135,7.8046083187367135,0.05,RELATIVE_ERROR_NOT_BELOW_5_PERCENT
3,OPE,W+T1+P1,globalForce,159-160,J,mx,-71.157028,-79.48018076881631,-8.323152768816314,8.323152768816314,0.11696880832089157,0.11696880832089157,11.696880832089157,11.696880832089157,0.05,RELATIVE_ERROR_NOT_BELOW_5_PERCENT
3,OPE,W+T1+P1,globalForce,159-160,J,my,-214.218033,-235.77489451220367,-21.55686151220368,21.55686151220368,0.10063047078862722,0.10063047078862722,10.063047078862722,10.063047078862722,0.05,RELATIVE_ERROR_NOT_BELOW_5_PERCENT
3,OPE,W+T1+P1,globalForce,160-168,I,mx,71.157028,79.48018076881652,8.323152768816527,8.323152768816527,0.11696880832089457,0.11696880832089457,11.696880832089457,11.696880832089457,0.05,RELATIVE_ERROR_NOT_BELOW_5_PERCENT
3,OPE,W+T1+P1,globalForce,160-168,I,my,214.218033,235.77489451219856,21.556861512198566,21.556861512198566,0.10063047078860334,0.10063047078860334,10.063047078860334,10.063047078860334,0.05,RELATIVE_ERROR_NOT_BELOW_5_PERCENT
3,OPE,W+T1+P1,globalForce,160-168,J,mx,-71.157028,-79.48018076881652,-8.323152768816527,8.323152768816527,0.11696880832089457,0.11696880832089457,11.696880832089457,11.696880832089457,0.05,RELATIVE_ERROR_NOT_BELOW_5_PERCENT
3,OPE,W+T1+P1,globalForce,168-169,I,mx,71.157028,79.4801807688166,8.323152768816598,8.323152768816598,0.11696880832089557,0.11696880832089557,11.696880832089557,11.696880832089557,0.05,RELATIVE_ERROR_NOT_BELOW_5_PERCENT
3,OPE,W+T1+P1,globalForce,168-169,J,mx,-40.070599,-47.973754066269606,-7.903155066269605,7.903155066269605,0.19723076927973063,0.19723076927973063,19.723076927973064,19.723076927973064,0.05,RELATIVE_ERROR_NOT_BELOW_5_PERCENT
3,OPE,W+T1+P1,globalForce,169-170,I,mx,40.070599,47.97375406626955,7.903155066269548,7.903155066269548,0.1972307692797292,0.1972307692797292,19.723076927972922,19.723076927972922,0.05,RELATIVE_ERROR_NOT_BELOW_5_PERCENT
3,OPE,W+T1+P1,globalForce,169-170,J,mx,34.978485,28.089488580949823,-6.8889964190501765,6.8889964190501765,-0.19694953680956098,0.19694953680956098,-19.694953680956097,19.694953680956097,0.05,RELATIVE_ERROR_NOT_BELOW_5_PERCENT
3,OPE,W+T1+P1,globalForce,170-180,I,mx,-34.978485,-28.089488580949823,6.8889964190501765,6.8889964190501765,-0.19694953680956098,0.19694953680956098,-19.694953680956097,19.694953680956097,0.05,RELATIVE_ERROR_NOT_BELOW_5_PERCENT
3,OPE,W+T1+P1,globalForce,170-180,J,mx,36.039837,28.089488580949823,-7.950348419050176,7.950348419050176,-0.22059890057355633,0.22059890057355633,-22.059890057355634,22.059890057355634,0.05,RELATIVE_ERROR_NOT_BELOW_5_PERCENT
3,OPE,W+T1+P1,globalForce,180-190,I,mx,-36.039837,-28.08948858094982,7.950348419050179,7.950348419050179,-0.2205989005735564,0.2205989005735564,-22.05989005735564,22.05989005735564,0.05,RELATIVE_ERROR_NOT_BELOW_5_PERCENT
3,OPE,W+T1+P1,globalForce,180-190,J,mx,111.253922,104.32024049539201,-6.933681504607989,6.933681504607989,-0.06232302987581857,0.06232302987581857,-6.232302987581857,6.232302987581857,0.05,RELATIVE_ERROR_NOT_BELOW_5_PERCENT
3,OPE,W+T1+P1,globalForce,198-199,I,fy,-787.562561,-867.7161267295417,-80.1535657295417,80.1535657295417,0.10177422048575732,0.10177422048575732,10.177422048575732,10.177422048575732,0.05,RELATIVE_ERROR_NOT_BELOW_5_PERCENT
3,OPE,W+T1+P1,globalForce,198-199,I,mx,-14.79526,-9.449889084045068,5.345370915954932,5.345370915954932,-0.36128942079794013,0.36128942079794013,-36.128942079794015,36.128942079794015,0.05,RELATIVE_ERROR_NOT_BELOW_5_PERCENT
3,OPE,W+T1+P1,globalForce,198-199,I,mz,682.719788,807.0168681717238,124.29708017172379,124.29708017172379,0.18206163400631328,0.18206163400631328,18.20616340063133,18.20616340063133,0.05,RELATIVE_ERROR_NOT_BELOW_5_PERCENT
3,OPE,W+T1+P1,globalForce,198-199,J,fy,797.499878,877.6507611530387,80.15088315303876,80.15088315303876,0.10050269017475481,0.10050269017475481,10.05026901747548,10.05026901747548,0.05,RELATIVE_ERROR_NOT_BELOW_5_PERCENT
3,OPE,W+T1+P1,globalForce,198-199,J,mx,-33.554516,-39.973620863172016,-6.4191048631720165,6.4191048631720165,0.19130375366379943,0.19130375366379943,19.130375366379944,19.130375366379944,0.05,RELATIVE_ERROR_NOT_BELOW_5_PERCENT
3,OPE,W+T1+P1,globalForce,198-199,J,mz,-147.774979,-253.48225217681463,-105.70727317681462,105.70727317681462,0.7153259225082659,0.7153259225082659,71.53259225082658,71.53259225082658,0.05,RELATIVE_ERROR_NOT_BELOW_5_PERCENT
3,OPE,W+T1+P1,globalForce,199-200,I,fy,-797.499878,-877.650761153222,-80.15088315322203,80.15088315322203,0.10050269017498462,0.10050269017498462,10.050269017498461,10.050269017498461,0.05,RELATIVE_ERROR_NOT_BELOW_5_PERCENT
3,OPE,W+T1+P1,globalForce,199-200,I,mx,33.554516,39.973620863229996,6.419104863229997,6.419104863229997,0.19130375366552738,0.19130375366552738,19.130375366552737,19.130375366552737,0.05,RELATIVE_ERROR_NOT_BELOW_5_PERCENT
3,OPE,W+T1+P1,globalForce,199-200,I,mz,147.774979,253.48225217682887,105.70727317682886,105.70727317682886,0.7153259225083622,0.7153259225083622,71.53259225083623,71.53259225083623,0.05,RELATIVE_ERROR_NOT_BELOW_5_PERCENT
3,OPE,W+T1+P1,globalForce,199-200,J,fy,807.437073,887.5853955513492,80.14832255134911,80.14832255134911,0.0992626239634517,0.0992626239634517,9.92626239634517,9.92626239634517,0.05,RELATIVE_ERROR_NOT_BELOW_5_PERCENT
3,OPE,W+T1+P1,globalForce,199-200,J,mx,-53.581661,-60.44550898360188,-6.863847983601886,6.863847983601886,0.1281006944447259,0.1281006944447259,12.81006944447259,12.81006944447259,0.05,RELATIVE_ERROR_NOT_BELOW_5_PERCENT
3,OPE,W+T1+P1,globalForce,199-200,J,mz,127.67424,35.03309065312804,-92.64114934687196,92.64114934687196,-0.7256056456405925,0.7256056456405925,-72.56056456405925,72.56056456405925,0.05,RELATIVE_ERROR_NOT_BELOW_5_PERCENT
3,OPE,W+T1+P1,globalForce,200-208,I,fy,-807.437073,-887.5853955497221,-80.14832254972202,80.14832254972202,0.09926262396143658,0.09926262396143658,9.926262396143658,9.926262396143658,0.05,RELATIVE_ERROR_NOT_BELOW_5_PERCENT
3,OPE,W+T1+P1,globalForce,200-208,I,mx,53.581661,60.44550898360791,6.863847983607911,6.863847983607911,0.12810069444483835,0.12810069444483835,12.810069444483835,12.810069444483835,0.05,RELATIVE_ERROR_NOT_BELOW_5_PERCENT
3,OPE,W+T1+P1,globalForce,200-208,I,mz,-127.67424,-35.03309065313199,92.641149346868,92.641149346868,-0.7256056456405615,0.7256056456405615,-72.56056456405615,72.56056456405615,0.05,RELATIVE_ERROR_NOT_BELOW_5_PERCENT
3,OPE,W+T1+P1,globalForce,200-208,J,fy,1050.852905,1131.0005231712323,80.14761817123235,80.14761817123235,0.07626911225147381,0.07626911225147381,7.626911225147381,7.626911225147381,0.05,RELATIVE_ERROR_NOT_BELOW_5_PERCENT
3,OPE,W+T1+P1,globalForce,200-208,J,mx,-53.581661,-60.44550898360791,-6.863847983607911,6.863847983607911,0.12810069444483835,0.12810069444483835,12.810069444483835,12.810069444483835,0.05,RELATIVE_ERROR_NOT_BELOW_5_PERCENT
3,OPE,W+T1+P1,globalForce,208-209,I,fy,-1050.852905,-1131.0005231832965,-80.14761818329657,80.14761818329657,0.07626911226295423,0.07626911226295423,7.626911226295423,7.626911226295423,0.05,RELATIVE_ERROR_NOT_BELOW_5_PERCENT
3,OPE,W+T1+P1,globalForce,208-209,I,mx,53.581661,60.44550898360658,6.863847983606583,6.863847983606583,0.12810069444481356,0.12810069444481356,12.810069444481357,12.810069444481357,0.05,RELATIVE_ERROR_NOT_BELOW_5_PERCENT
3,OPE,W+T1+P1,globalForce,208-209,J,fy,1060.790039,1140.9345585210717,80.14451952107174,80.14451952107174,0.07555172708505396,0.07555172708505396,7.555172708505396,7.555172708505396,0.05,RELATIVE_ERROR_NOT_BELOW_5_PERCENT
3,OPE,W+T1+P1,globalForce,208-209,J,mx,-33.554588,-39.973620863810936,-6.4190328638109335,6.4190328638109335,0.1913011974341909,0.1913011974341909,19.13011974341909,19.13011974341909,0.05,RELATIVE_ERROR_NOT_BELOW_5_PERCENT
3,OPE,W+T1+P1,globalForce,209-210,I,fy,-1060.790039,-1140.934558499397,-80.14451949939712,80.14451949939712,0.07555172706462143,0.07555172706462143,7.555172706462143,7.555172706462143,0.05,RELATIVE_ERROR_NOT_BELOW_5_PERCENT
3,OPE,W+T1+P1,globalForce,209-210,I,mx,33.554588,39.973620863805195,6.419032863805192,6.419032863805192,0.1913011974340198,0.1913011974340198,19.13011974340198,19.13011974340198,0.05,RELATIVE_ERROR_NOT_BELOW_5_PERCENT
3,OPE,W+T1+P1,globalForce,209-210,J,fy,1070.727295,1150.8685938166927,80.14129881669282,80.14129881669282,0.07484753512022203,0.07484753512022203,7.484753512022204,7.484753512022204,0.05,RELATIVE_ERROR_NOT_BELOW_5_PERCENT
3,OPE,W+T1+P1,globalForce,209-210,J,mx,14.795216,9.449889082255275,-5.345326917744725,5.345326917744725,-0.36128752143562654,0.36128752143562654,-36.12875214356265,36.12875214356265,0.05,RELATIVE_ERROR_NOT_BELOW_5_PERCENT
3,OPE,W+T1+P1,globalForce,210-218,I,fy,-1070.727295,-1150.868593803374,-80.14129880337418,80.14129880337418,0.07484753510778315,0.07484753510778315,7.484753510778315,7.484753510778315,0.05,RELATIVE_ERROR_NOT_BELOW_5_PERCENT
3,OPE,W+T1+P1,globalForce,210-218,I,mx,-14.795216,-9.449889082248774,5.345326917751226,5.345326917751226,-0.36128752143606596,0.36128752143606596,-36.1287521436066,36.1287521436066,0.05,RELATIVE_ERROR_NOT_BELOW_5_PERCENT
3,OPE,W+T1+P1,globalForce,210-218,J,fy,1150.532959,1230.6740001237486,80.14104112374866,80.14104112374866,0.06965558048280882,0.06965558048280882,6.965558048280881,6.965558048280881,0.05,RELATIVE_ERROR_NOT_BELOW_5_PERCENT
3,OPE,W+T1+P1,globalForce,218-219,I,fy,-1150.532959,-1230.6740001322141,-80.14104113221424,80.14104113221424,0.06965558049016678,0.06965558049016678,6.9655580490166775,6.9655580490166775,0.05,RELATIVE_ERROR_NOT_BELOW_5_PERCENT
3,OPE,W+T1+P1,globalForce,218-219,J,fy,1160.470093,1240.6080354871224,80.13794248712247,80.13794248712247,0.06905644787445847,0.06905644787445847,6.905644787445847,6.905644787445847,0.05,RELATIVE_ERROR_NOT_BELOW_5_PERCENT
3,OPE,W+T1+P1,globalForce,219-220,I,fy,-1160.470093,-1240.6080355060033,-80.13794250600336,80.13794250600336,0.06905644789072851,0.06905644789072851,6.905644789072851,6.905644789072851,0.05,RELATIVE_ERROR_NOT_BELOW_5_PERCENT
3,OPE,W+T1+P1,globalForce,219-220,J,fy,1170.407349,1250.542070912474,80.13472191247388,80.13472191247388,0.06846737760228629,0.06846737760228629,6.846737760228629,6.846737760228629,0.05,RELATIVE_ERROR_NOT_BELOW_5_PERCENT
3,OPE,W+T1+P1,globalForce,219-220,J,my,35.542133,43.38471263160753,7.842579631607528,7.842579631607528,0.2206558517916617,0.2206558517916617,22.06558517916617,22.06558517916617,0.05,RELATIVE_ERROR_NOT_BELOW_5_PERCENT
3,OPE,W+T1+P1,globalForce,220-230,I,fy,-1170.407349,-1250.5420709118944,-80.1347219118943,80.1347219118943,0.0684673776017911,0.0684673776017911,6.84673776017911,6.84673776017911,0.05,RELATIVE_ERROR_NOT_BELOW_5_PERCENT
3,OPE,W+T1+P1,globalForce,220-230,I,my,-35.542133,-43.38471263160767,-7.84257963160767,7.84257963160767,0.2206558517916657,0.2206558517916657,22.06558517916657,22.06558517916657,0.05,RELATIVE_ERROR_NOT_BELOW_5_PERCENT
3,OPE,W+T1+P1,globalForce,220-230,J,fy,1180.801636,1260.9362333096692,80.13459730966929,80.13459730966929,0.06786457171682754,0.06786457171682754,6.786457171682754,6.786457171682754,0.05,RELATIVE_ERROR_NOT_BELOW_5_PERCENT
3,OPE,W+T1+P1,globalForce,230-240,I,fy,-1180.801636,-1260.9362333096688,-80.13459730966883,80.13459730966883,0.06786457171682717,0.06786457171682717,6.7864571716827164,6.7864571716827164,0.05,RELATIVE_ERROR_NOT_BELOW_5_PERCENT
3,OPE,W+T1+P1,globalForce,230-240,J,mx,-365.070862,-411.873666782119,-46.80280478211904,46.80280478211904,0.12820197296961772,0.12820197296961772,12.820197296961771,12.820197296961771,0.05,RELATIVE_ERROR_NOT_BELOW_5_PERCENT
3,OPE,W+T1+P1,globalForce,248-249,I,fx,102.327087,122.69933347275946,20.372246472759457,20.372246472759457,0.19908947933560794,0.19908947933560794,19.908947933560796,19.908947933560796,0.05,RELATIVE_ERROR_NOT_BELOW_5_PERCENT
3,OPE,W+T1+P1,globalForce,248-249,I,mx,232.211517,218.31869596396731,-13.892821036032672,13.892821036032672,-0.05982830315876483,0.05982830315876483,-5.982830315876483,5.982830315876483,0.05,RELATIVE_ERROR_NOT_BELOW_5_PERCENT
3,OPE,W+T1+P1,globalForce,248-249,I,my,-42.567078,-47.00435816644848,-4.437280166448481,4.437280166448481,0.10424206628532222,0.10424206628532222,10.424206628532222,10.424206628532222,0.05,RELATIVE_ERROR_NOT_BELOW_5_PERCENT
3,OPE,W+T1+P1,globalForce,248-249,J,fx,-102.327087,-122.69933347128972,-20.372246471289714,20.372246471289714,0.19908947932124474,0.19908947932124474,19.908947932124473,19.908947932124473,0.05,RELATIVE_ERROR_NOT_BELOW_5_PERCENT
3,OPE,W+T1+P1,globalForce,248-249,J,mx,-264.270081,-248.70438628869383,15.565694711306179,15.565694711306179,-0.058900707383921294,0.058900707383921294,-5.890070738392129,5.890070738392129,0.05,RELATIVE_ERROR_NOT_BELOW_5_PERCENT
3,OPE,W+T1+P1,globalForce,248-249,J,my,40.283279,44.26589770656392,3.982618706563919,3.982618706563919,0.0988653060383669,0.0988653060383669,9.886530603836691,9.886530603836691,0.05,RELATIVE_ERROR_NOT_BELOW_5_PERCENT
3,OPE,W+T1+P1,globalForce,249-250,I,fx,102.327087,122.69933346869948,20.372246468699473,20.372246468699473,0.1990894792959314,0.1990894792959314,19.90894792959314,19.90894792959314,0.05,RELATIVE_ERROR_NOT_BELOW_5_PERCENT
3,OPE,W+T1+P1,globalForce,249-250,I,mx,264.270081,248.7043862886986,-15.565694711301404,15.565694711301404,-0.058900707383903225,0.058900707383903225,-5.890070738390323,5.890070738390323,0.05,RELATIVE_ERROR_NOT_BELOW_5_PERCENT
3,OPE,W+T1+P1,globalForce,249-250,I,my,-40.283279,-44.265897706567586,-3.9826187065675853,3.9826187065675853,0.09886530603845792,0.09886530603845792,9.886530603845792,9.886530603845792,0.05,RELATIVE_ERROR_NOT_BELOW_5_PERCENT
3,OPE,W+T1+P1,globalForce,249-250,J,fx,-102.327087,-122.69933346084508,-20.372246460845076,20.372246460845076,0.19908947921917367,0.19908947921917367,19.908947921917367,19.908947921917367,0.05,RELATIVE_ERROR_NOT_BELOW_5_PERCENT
3,OPE,W+T1+P1,globalForce,249-250,J,mx,-254.303314,-238.71736863280614,15.585945367193858,15.585945367193858,-0.06128880163627698,0.06128880163627698,-6.128880163627698,6.128880163627698,0.05,RELATIVE_ERROR_NOT_BELOW_5_PERCENT
3,OPE,W+T1+P1,globalForce,249-250,J,my,34.769699,37.65466932453117,2.8849703245311673,2.8849703245311673,0.08297369282751534,0.08297369282751534,8.297369282751534,8.297369282751534,0.05,RELATIVE_ERROR_NOT_BELOW_5_PERCENT
3,OPE,W+T1+P1,globalForce,250-260,I,fx,102.327087,122.69933345948856,20.37224645948855,20.37224645948855,0.1990894792059169,0.1990894792059169,19.90894792059169,19.90894792059169,0.05,RELATIVE_ERROR_NOT_BELOW_5_PERCENT
3,OPE,W+T1+P1,globalForce,250-260,I,mx,254.303314,238.71736863279335,-15.585945367206648,15.585945367206648,-0.06128880163632727,0.06128880163632727,-6.1288801636327275,6.1288801636327275,0.05,RELATIVE_ERROR_NOT_BELOW_5_PERCENT
3,OPE,W+T1+P1,globalForce,250-260,I,my,-34.769699,-37.65466932453885,-2.8849703245388483,2.8849703245388483,0.08297369282773624,0.08297369282773624,8.297369282773625,8.297369282773625,0.05,RELATIVE_ERROR_NOT_BELOW_5_PERCENT
3,OPE,W+T1+P1,globalForce,250-260,J,fx,-102.327087,-122.69933345948856,-20.37224645948855,20.37224645948855,0.1990894792059169,0.1990894792059169,19.90894792059169,19.90894792059169,0.05,RELATIVE_ERROR_NOT_BELOW_5_PERCENT
3,OPE,W+T1+P1,globalForce,250-260,J,my,-92.362549,-114.78717471268598,-22.42462571268598,22.42462571268598,0.2427891602762715,0.2427891602762715,24.27891602762715,24.27891602762715,0.05,RELATIVE_ERROR_NOT_BELOW_5_PERCENT
3,OPE,W+T1+P1,globalForce,260-270,I,fx,102.327087,122.69933345949175,20.37224645949175,20.37224645949175,0.19908947920594816,0.19908947920594816,19.908947920594816,19.908947920594816,0.05,RELATIVE_ERROR_NOT_BELOW_5_PERCENT
3,OPE,W+T1+P1,globalForce,260-270,I,my,92.362549,114.78717471268601,22.42462571268601,22.42462571268601,0.24278916027627181,0.24278916027627181,24.278916027627183,24.278916027627183,0.05,RELATIVE_ERROR_NOT_BELOW_5_PERCENT
3,OPE,W+T1+P1,globalForce,260-270,J,fx,-102.327087,-122.69933345949175,-20.37224645949175,20.37224645949175,0.19908947920594816,0.19908947920594816,19.908947920594816,19.908947920594816,0.05,RELATIVE_ERROR_NOT_BELOW_5_PERCENT
3,OPE,W+T1+P1,globalForce,260-270,J,fy,53.087246,68.1532562270406,15.0660102270406,15.0660102270406,0.2837971709257738,0.2837971709257738,28.379717092577376,28.379717092577376,0.05,RELATIVE_ERROR_NOT_BELOW_5_PERCENT
3,OPE,W+T1+P1,globalForce,260-270,J,my,-139.156982,-170.897436100091,-31.740454100091,31.740454100091,0.2280909922298473,0.2280909922298473,22.80909922298473,22.80909922298473,0.05,RELATIVE_ERROR_NOT_BELOW_5_PERCENT
3,OPE,W+T1+P1,globalForce,270-151,I,fx,102.327087,122.69933345954178,20.37224645954177,20.37224645954177,0.199089479206437,0.199089479206437,19.908947920643698,19.908947920643698,0.05,RELATIVE_ERROR_NOT_BELOW_5_PERCENT
3,OPE,W+T1+P1,globalForce,270-151,I,fy,-53.087246,-68.15325622879911,-15.066010228799108,15.066010228799108,0.2837971709588986,0.2837971709588986,28.379717095889863,28.379717095889863,0.05,RELATIVE_ERROR_NOT_BELOW_5_PERCENT
3,OPE,W+T1+P1,globalForce,270-151,I,my,139.156982,170.89743610008946,31.740454100089465,31.740454100089465,0.22809099222983628,0.22809099222983628,22.80909922298363,22.80909922298363,0.05,RELATIVE_ERROR_NOT_BELOW_5_PERCENT
3,OPE,W+T1+P1,globalForce,270-151,J,fx,-102.327095,-122.69933345954178,-20.372238459541776,20.372238459541776,0.1990893854608281,0.1990893854608281,19.908938546082812,19.908938546082812,0.05,RELATIVE_ERROR_NOT_BELOW_5_PERCENT
3,OPE,W+T1+P1,globalForce,270-151,J,fy,54.772812,69.83861197470331,15.06579997470331,15.06579997470331,0.27505982301407694,0.27505982301407694,27.505982301407695,27.505982301407695,0.05,RELATIVE_ERROR_NOT_BELOW_5_PERCENT
3,OPE,W+T1+P1,globalForce,270-151,J,my,-142.40596,-174.7931890787512,-32.387229078751204,32.387229078751204,0.22742888765857275,0.22742888765857275,22.742888765857273,22.742888765857273,0.05,RELATIVE_ERROR_NOT_BELOW_5_PERCENT
3,OPE,W+T1+P1,globalForce,280-290,I,fx,0,2.9736838769167662e-8,2.9736838769167662e-8,2.9736838769167662e-8,,,,,0.05,EXACT_ZERO_REFERENCE_MISMATCH
3,OPE,W+T1+P1,globalForce,280-290,I,fz,0,-1.1081283446401358e-8,-1.1081283446401358e-8,1.1081283446401358e-8,,,,,0.05,EXACT_ZERO_REFERENCE_MISMATCH
3,OPE,W+T1+P1,globalForce,280-290,I,mx,0,7.101164101186441e-10,7.101164101186441e-10,7.101164101186441e-10,,,,,0.05,EXACT_ZERO_REFERENCE_MISMATCH
3,OPE,W+T1+P1,globalForce,280-290,I,my,0,6.927791673660977e-13,6.927791673660977e-13,6.927791673660977e-13,,,,,0.05,EXACT_ZERO_REFERENCE_MISMATCH
3,OPE,W+T1+P1,globalForce,280-290,I,mz,0,2.399332288405276e-9,2.399332288405276e-9,2.399332288405276e-9,,,,,0.05,EXACT_ZERO_REFERENCE_MISMATCH
3,OPE,W+T1+P1,globalForce,280-290,J,fx,0,-2.9736838769167662e-8,-2.9736838769167662e-8,2.9736838769167662e-8,,,,,0.05,EXACT_ZERO_REFERENCE_MISMATCH
3,OPE,W+T1+P1,globalForce,280-290,J,fz,0,1.1081283446401358e-8,1.1081283446401358e-8,1.1081283446401358e-8,,,,,0.05,EXACT_ZERO_REFERENCE_MISMATCH
3,OPE,W+T1+P1,globalForce,280-290,J,mx,0,-1.4915713109076023e-10,-1.4915713109076023e-10,1.4915713109076023e-10,,,,,0.05,EXACT_ZERO_REFERENCE_MISMATCH
3,OPE,W+T1+P1,globalForce,280-290,J,my,0,-6.927791673660977e-13,-6.927791673660977e-13,6.927791673660977e-13,,,,,0.05,EXACT_ZERO_REFERENCE_MISMATCH
3,OPE,W+T1+P1,globalForce,280-290,J,mz,0,-9.392806532559916e-10,-9.392806532559916e-10,9.392806532559916e-10,,,,,0.05,EXACT_ZERO_REFERENCE_MISMATCH
3,OPE,W+T1+P1,globalForce,290-300,I,fx,0,1.862645149230957e-8,1.862645149230957e-8,1.862645149230957e-8,,,,,0.05,EXACT_ZERO_REFERENCE_MISMATCH
3,OPE,W+T1+P1,globalForce,290-300,I,fz,0,-7.334165275096893e-9,-7.334165275096893e-9,7.334165275096893e-9,,,,,0.05,EXACT_ZERO_REFERENCE_MISMATCH
3,OPE,W+T1+P1,globalForce,290-300,I,mx,0,-2.3283064365386963e-10,-2.3283064365386963e-10,2.3283064365386963e-10,,,,,0.05,EXACT_ZERO_REFERENCE_MISMATCH
3,OPE,W+T1+P1,globalForce,290-300,I,my,0,7.275957614183426e-12,7.275957614183426e-12,7.275957614183426e-12,,,,,0.05,EXACT_ZERO_REFERENCE_MISMATCH
3,OPE,W+T1+P1,globalForce,290-300,I,mz,0,6.984919309616089e-10,6.984919309616089e-10,6.984919309616089e-10,,,,,0.05,EXACT_ZERO_REFERENCE_MISMATCH
3,OPE,W+T1+P1,globalForce,290-300,J,fx,0,-1.862645149230957e-8,-1.862645149230957e-8,1.862645149230957e-8,,,,,0.05,EXACT_ZERO_REFERENCE_MISMATCH
3,OPE,W+T1+P1,globalForce,290-300,J,fy,0,2.905726432800293e-7,2.905726432800293e-7,2.905726432800293e-7,,,,,0.05,EXACT_ZERO_REFERENCE_MISMATCH
3,OPE,W+T1+P1,globalForce,290-300,J,fz,0,7.334165275096893e-9,7.334165275096893e-9,7.334165275096893e-9,,,,,0.05,EXACT_ZERO_REFERENCE_MISMATCH
3,OPE,W+T1+P1,globalForce,290-300,J,mx,0,1.7462298274040222e-10,1.7462298274040222e-10,1.7462298274040222e-10,,,,,0.05,EXACT_ZERO_REFERENCE_MISMATCH
3,OPE,W+T1+P1,globalForce,290-300,J,my,0,-7.275957614183426e-12,-7.275957614183426e-12,7.275957614183426e-12,,,,,0.05,EXACT_ZERO_REFERENCE_MISMATCH
3,OPE,W+T1+P1,globalForce,290-300,J,mz,0,-6.984919309616089e-10,-6.984919309616089e-10,6.984919309616089e-10,,,,,0.05,EXACT_ZERO_REFERENCE_MISMATCH
3,OPE,W+T1+P1,globalForce,300-310,I,fx,0,-3.725290298461914e-9,-3.725290298461914e-9,3.725290298461914e-9,,,,,0.05,EXACT_ZERO_REFERENCE_MISMATCH
3,OPE,W+T1+P1,globalForce,300-310,I,fy,0,1.043081283569336e-7,1.043081283569336e-7,1.043081283569336e-7,,,,,0.05,EXACT_ZERO_REFERENCE_MISMATCH
3,OPE,W+T1+P1,globalForce,300-310,I,fz,0,1.0710209608078003e-8,1.0710209608078003e-8,1.0710209608078003e-8,,,,,0.05,EXACT_ZERO_REFERENCE_MISMATCH
3,OPE,W+T1+P1,globalForce,300-310,I,mx,0,5.820766091346741e-11,5.820766091346741e-11,5.820766091346741e-11,,,,,0.05,EXACT_ZERO_REFERENCE_MISMATCH
3,OPE,W+T1+P1,globalForce,300-310,I,mz,0,3.4924596548080444e-10,3.4924596548080444e-10,3.4924596548080444e-10,,,,,0.05,EXACT_ZERO_REFERENCE_MISMATCH
3,OPE,W+T1+P1,globalForce,300-310,J,fx,0,3.725290298461914e-9,3.725290298461914e-9,3.725290298461914e-9,,,,,0.05,EXACT_ZERO_REFERENCE_MISMATCH
3,OPE,W+T1+P1,globalForce,300-310,J,fy,0,-1.043081283569336e-7,-1.043081283569336e-7,1.043081283569336e-7,,,,,0.05,EXACT_ZERO_REFERENCE_MISMATCH
3,OPE,W+T1+P1,globalForce,300-310,J,fz,0,-1.0710209608078003e-8,-1.0710209608078003e-8,1.0710209608078003e-8,,,,,0.05,EXACT_ZERO_REFERENCE_MISMATCH
3,OPE,W+T1+P1,globalForce,300-310,J,mx,0,1.7462298274040222e-10,1.7462298274040222e-10,1.7462298274040222e-10,,,,,0.05,EXACT_ZERO_REFERENCE_MISMATCH
3,OPE,W+T1+P1,globalForce,300-310,J,mz,0,-9.313225746154785e-10,-9.313225746154785e-10,9.313225746154785e-10,,,,,0.05,EXACT_ZERO_REFERENCE_MISMATCH
3,OPE,W+T1+P1,globalForce,320-330,I,fx,0,-1.1050133252865635e-8,-1.1050133252865635e-8,1.1050133252865635e-8,,,,,0.05,EXACT_ZERO_REFERENCE_MISMATCH
3,OPE,W+T1+P1,globalForce,320-330,I,fz,0,1.280568540096283e-9,1.280568540096283e-9,1.280568540096283e-9,,,,,0.05,EXACT_ZERO_REFERENCE_MISMATCH
3,OPE,W+T1+P1,globalForce,320-330,I,my,0,-5.263771640784398e-10,-5.263771640784398e-10,5.263771640784398e-10,,,,,0.05,EXACT_ZERO_REFERENCE_MISMATCH
3,OPE,W+T1+P1,globalForce,320-330,I,mz,0,-2.333422344236169e-10,-2.333422344236169e-10,2.333422344236169e-10,,,,,0.05,EXACT_ZERO_REFERENCE_MISMATCH
3,OPE,W+T1+P1,globalForce,320-330,J,fx,0,1.1050133252865635e-8,1.1050133252865635e-8,1.1050133252865635e-8,,,,,0.05,EXACT_ZERO_REFERENCE_MISMATCH
3,OPE,W+T1+P1,globalForce,320-330,J,fz,0,-1.280568540096283e-9,-1.280568540096283e-9,1.280568540096283e-9,,,,,0.05,EXACT_ZERO_REFERENCE_MISMATCH
3,OPE,W+T1+P1,globalForce,320-330,J,my,0,-2.1380230919021415e-11,-2.1380230919021415e-11,2.1380230919021415e-11,,,,,0.05,EXACT_ZERO_REFERENCE_MISMATCH
3,OPE,W+T1+P1,globalForce,320-330,J,mz,0,2.333422344236169e-10,2.333422344236169e-10,2.333422344236169e-10,,,,,0.05,EXACT_ZERO_REFERENCE_MISMATCH
3,OPE,W+T1+P1,globalForce,330-340,I,fx,0,-3.3905962482094765e-8,-3.3905962482094765e-8,3.3905962482094765e-8,,,,,0.05,EXACT_ZERO_REFERENCE_MISMATCH
3,OPE,W+T1+P1,globalForce,330-340,I,my,0,-2.9103830456733704e-11,-2.9103830456733704e-11,2.9103830456733704e-11,,,,,0.05,EXACT_ZERO_REFERENCE_MISMATCH
3,OPE,W+T1+P1,globalForce,330-340,J,fx,0,3.3905962482094765e-8,3.3905962482094765e-8,3.3905962482094765e-8,,,,,0.05,EXACT_ZERO_REFERENCE_MISMATCH
3,OPE,W+T1+P1,globalForce,330-340,J,fy,0,9.037208981155231e-9,9.037208981155231e-9,9.037208981155231e-9,,,,,0.05,EXACT_ZERO_REFERENCE_MISMATCH
3,OPE,W+T1+P1,globalForce,330-340,J,mx,0,1.2447762265388462e-10,1.2447762265388462e-10,1.2447762265388462e-10,,,,,0.05,EXACT_ZERO_REFERENCE_MISMATCH
3,OPE,W+T1+P1,localForce,10-20,I,mx,-1478.500732,-1622.3470644224326,-143.84633242243262,143.84633242243262,0.09729202651651621,0.09729202651651621,9.72920265165162,9.72920265165162,0.05,RELATIVE_ERROR_NOT_BELOW_5_PERCENT
3,OPE,W+T1+P1,localForce,10-20,J,fz,1321.532959,1249.1883920920015,-72.34456690799834,72.34456690799834,-0.054742915350927956,0.054742915350927956,-5.474291535092796,5.474291535092796,0.05,RELATIVE_ERROR_NOT_BELOW_5_PERCENT
3,OPE,W+T1+P1,localForce,10-20,J,mx,1478.500732,1622.3470644224326,143.84633242243262,143.84633242243262,0.09729202651651621,0.09729202651651621,9.72920265165162,9.72920265165162,0.05,RELATIVE_ERROR_NOT_BELOW_5_PERCENT
3,OPE,W+T1+P1,localForce,20-30,I,fz,-1321.532959,-1249.188392092001,72.3445669079988,72.3445669079988,-0.0547429153509283,0.0547429153509283,-5.4742915350928305,5.4742915350928305,0.05,RELATIVE_ERROR_NOT_BELOW_5_PERCENT
3,OPE,W+T1+P1,localForce,20-30,I,mx,-1478.500732,-1622.3470644224328,-143.84633242243285,143.84633242243285,0.09729202651651636,0.09729202651651636,9.729202651651637,9.729202651651637,0.05,RELATIVE_ERROR_NOT_BELOW_5_PERCENT
3,OPE,W+T1+P1,localForce,20-30,J,fz,-1165.975342,-1093.6312219649187,72.34412003508123,72.34412003508123,-0.06204601197739672,0.06204601197739672,-6.204601197739672,6.204601197739672,0.05,RELATIVE_ERROR_NOT_BELOW_5_PERCENT
3,OPE,W+T1+P1,localForce,20-30,J,mx,1478.500732,1622.3470644224328,143.84633242243285,143.84633242243285,0.09729202651651636,0.09729202651651636,9.729202651651637,9.729202651651637,0.05,RELATIVE_ERROR_NOT_BELOW_5_PERCENT
3,OPE,W+T1+P1,localForce,30-31,I,fx,-768.63916,-848.792740255594,-80.15358025559408,80.15358025559408,0.1042798551346175,0.1042798551346175,10.427985513461751,10.427985513461751,0.05,RELATIVE_ERROR_NOT_BELOW_5_PERCENT
3,OPE,W+T1+P1,localForce,30-31,I,mz,2117.437744,2286.629439275712,169.19169527571194,169.19169527571194,0.07990397628224764,0.07990397628224764,7.990397628224764,7.990397628224764,0.05,RELATIVE_ERROR_NOT_BELOW_5_PERCENT
3,OPE,W+T1+P1,localForce,30-31,J,fx,768.63916,848.792740255594,80.15358025559408,80.15358025559408,0.1042798551346175,0.1042798551346175,10.427985513461751,10.427985513461751,0.05,RELATIVE_ERROR_NOT_BELOW_5_PERCENT
3,OPE,W+T1+P1,localForce,30-31,J,mz,-1757.973389,-1915.9169626832008,-157.94357368320084,157.94357368320084,0.08984412089027409,0.08984412089027409,8.984412089027408,8.984412089027408,0.05,RELATIVE_ERROR_NOT_BELOW_5_PERCENT
3,OPE,W+T1+P1,localForce,31-198,I,fx,-768.63916,-848.7927402681669,-80.15358026816693,80.15358026816693,0.10427985515097479,0.10427985515097479,10.427985515097479,10.427985515097479,0.05,RELATIVE_ERROR_NOT_BELOW_5_PERCENT
3,OPE,W+T1+P1,localForce,31-198,I,mz,1757.973389,1915.9169626826374,157.9435736826374,157.9435736826374,0.08984412088995358,0.08984412088995358,8.984412088995358,8.984412088995358,0.05,RELATIVE_ERROR_NOT_BELOW_5_PERCENT
3,OPE,W+T1+P1,localForce,31-198,J,fx,787.562561,867.7161267306655,80.15356573066549,80.15356573066549,0.10177422048718425,0.10177422048718425,10.177422048718425,10.177422048718425,0.05,RELATIVE_ERROR_NOT_BELOW_5_PERCENT
3,OPE,W+T1+P1,localForce,31-198,J,my,14.79526,9.449889084045935,-5.345370915954065,5.345370915954065,-0.36128942079788157,0.36128942079788157,-36.12894207978815,36.12894207978815,0.05,RELATIVE_ERROR_NOT_BELOW_5_PERCENT
3,OPE,W+T1+P1,localForce,31-198,J,mz,682.719788,807.0168681717241,124.29708017172413,124.29708017172413,0.18206163400631378,0.18206163400631378,18.20616340063138,18.20616340063138,0.05,RELATIVE_ERROR_NOT_BELOW_5_PERCENT
3,OPE,W+T1+P1,localForce,39-40,J,mz,418.494354,439.62268482260794,21.12833082260795,21.12833082260795,0.05048653732281404,0.05048653732281404,5.048653732281403,5.048653732281403,0.05,RELATIVE_ERROR_NOT_BELOW_5_PERCENT
3,OPE,W+T1+P1,localForce,40-48,I,mz,418.494354,439.62268482260765,21.128330822607666,21.128330822607666,0.05048653732281336,0.05048653732281336,5.048653732281336,5.048653732281336,0.05,RELATIVE_ERROR_NOT_BELOW_5_PERCENT
3,OPE,W+T1+P1,localForce,50-58,J,my,59.25293,63.30407046619607,4.051140466196074,4.051140466196074,0.06837029774217197,0.06837029774217197,6.837029774217197,6.837029774217197,0.05,RELATIVE_ERROR_NOT_BELOW_5_PERCENT
3,OPE,W+T1+P1,localForce,58-59,I,my,-59.25293,-63.304070466177635,-4.051140466177635,4.051140466177635,0.06837029774186079,0.06837029774186079,6.837029774186079,6.837029774186079,0.05,RELATIVE_ERROR_NOT_BELOW_5_PERCENT
3,OPE,W+T1+P1,localForce,60-63,J,my,-166.876526,-188.90919922526837,-22.032673225268354,22.032673225268354,0.1320297932452666,0.1320297932452666,13.202979324526659,13.202979324526659,0.05,RELATIVE_ERROR_NOT_BELOW_5_PERCENT
3,OPE,W+T1+P1,localForce,63-64,I,my,-166.876526,-188.90919922528383,-22.032673225283816,22.032673225283816,0.13202979324535924,0.13202979324535924,13.202979324535924,13.202979324535924,0.05,RELATIVE_ERROR_NOT_BELOW_5_PERCENT
3,OPE,W+T1+P1,localForce,70-71,I,fy,-102.327026,-122.69933345913887,-20.372307459138867,20.372307459138867,0.1990901940132499,0.1990901940132499,19.90901940132499,19.90901940132499,0.05,RELATIVE_ERROR_NOT_BELOW_5_PERCENT
3,OPE,W+T1+P1,localForce,70-71,I,mx,-42.567078,-47.00435816644722,-4.437280166447216,4.437280166447216,0.1042420662852925,0.1042420662852925,10.42420662852925,10.42420662852925,0.05,RELATIVE_ERROR_NOT_BELOW_5_PERCENT
3,OPE,W+T1+P1,localForce,70-71,I,mz,-134.551437,-155.9096715587075,-21.358234558707494,21.358234558707494,0.15873657714043957,0.15873657714043957,15.873657714043956,15.873657714043956,0.05,RELATIVE_ERROR_NOT_BELOW_5_PERCENT
3,OPE,W+T1+P1,localForce,70-71,J,fy,102.327026,122.69933345913887,20.372307459138867,20.372307459138867,0.1990901940132499,0.1990901940132499,19.90901940132499,19.90901940132499,0.05,RELATIVE_ERROR_NOT_BELOW_5_PERCENT
3,OPE,W+T1+P1,localForce,70-71,J,mx,42.567078,47.00435816644722,4.437280166447216,4.437280166447216,0.1042420662852925,0.1042420662852925,10.42420662852925,10.42420662852925,0.05,RELATIVE_ERROR_NOT_BELOW_5_PERCENT
3,OPE,W+T1+P1,localForce,70-71,J,mz,128.703384,148.89740495628212,20.194020956282117,20.194020956282117,0.15690357416151635,0.15690357416151635,15.690357416151635,15.690357416151635,0.05,RELATIVE_ERROR_NOT_BELOW_5_PERCENT
3,OPE,W+T1+P1,localForce,70-80,I,fz,112.255638,135.17990565715948,22.924267657159476,22.924267657159476,0.20421484448878616,0.20421484448878616,20.421484448878616,20.421484448878616,0.05,RELATIVE_ERROR_NOT_BELOW_5_PERCENT
3,OPE,W+T1+P1,localForce,70-80,J,fz,95.82119,118.7459208593086,22.924730859308596,22.924730859308596,0.23924489832894577,0.23924489832894577,23.924489832894576,23.924489832894576,0.05,RELATIVE_ERROR_NOT_BELOW_5_PERCENT
3,OPE,W+T1+P1,localForce,71-248,I,fy,-102.327026,-122.69933347594042,-20.372307475940417,20.372307475940417,0.19909019417744453,0.19909019417744453,19.909019417744453,19.909019417744453,0.05,RELATIVE_ERROR_NOT_BELOW_5_PERCENT
3,OPE,W+T1+P1,localForce,71-248,I,mx,-42.567078,-47.004358166447325,-4.437280166447323,4.437280166447323,0.104242066285295,0.104242066285295,10.4242066285295,10.4242066285295,0.05,RELATIVE_ERROR_NOT_BELOW_5_PERCENT
3,OPE,W+T1+P1,localForce,71-248,I,mz,-128.703384,-148.89740495614478,-20.194020956144783,20.194020956144783,0.15690357416044928,0.15690357416044928,15.690357416044929,15.690357416044929,0.05,RELATIVE_ERROR_NOT_BELOW_5_PERCENT
3,OPE,W+T1+P1,localForce,71-248,J,fy,-102.327087,-122.69933347594042,-20.372246475940415,20.372246475940415,0.1990894793666941,0.1990894793666941,19.90894793666941,19.90894793666941,0.05,RELATIVE_ERROR_NOT_BELOW_5_PERCENT
3,OPE,W+T1+P1,localForce,71-248,J,mx,42.567078,47.004358166447325,4.437280166447323,4.437280166447323,0.104242066285295,0.104242066285295,10.4242066285295,10.4242066285295,0.05,RELATIVE_ERROR_NOT_BELOW_5_PERCENT
3,OPE,W+T1+P1,localForce,71-248,J,my,-232.211517,-218.31869596396874,13.89282103603125,13.89282103603125,-0.05982830315875871,0.05982830315875871,-5.982830315875871,5.982830315875871,0.05,RELATIVE_ERROR_NOT_BELOW_5_PERCENT
3,OPE,W+T1+P1,localForce,80-90,I,fz,-95.82119,-118.74592085963272,-22.924730859632717,22.924730859632717,0.23924489833232834,0.23924489833232834,23.924489833232833,23.924489833232833,0.05,RELATIVE_ERROR_NOT_BELOW_5_PERCENT
3,OPE,W+T1+P1,localForce,80-90,J,fz,-287.601715,-264.67699214036736,22.924722859632652,22.924722859632652,-0.07970996577552623,0.07970996577552623,-7.970996577552623,7.970996577552623,0.05,RELATIVE_ERROR_NOT_BELOW_5_PERCENT
3,OPE,W+T1+P1,localForce,90-100,I,fz,287.601715,264.6769921401401,-22.924722859859912,22.924722859859912,-0.07970996577631642,0.07970996577631642,-7.9709965776316425,7.9709965776316425,0.05,RELATIVE_ERROR_NOT_BELOW_5_PERCENT
3,OPE,W+T1+P1,localForce,90-100,J,fz,-307.571472,-284.6468974196641,22.9245745803359,22.9245745803359,-0.07453413813468338,0.07453413813468338,-7.453413813468337,7.453413813468337,0.05,RELATIVE_ERROR_NOT_BELOW_5_PERCENT
3,OPE,W+T1+P1,localForce,100-101,I,fy,0,1.5739351511001587e-7,1.5739351511001587e-7,1.5739351511001587e-7,,,,,0.05,EXACT_ZERO_REFERENCE_MISMATCH
3,OPE,W+T1+P1,localForce,100-101,I,fz,0,3.5390257835388184e-8,3.5390257835388184e-8,3.5390257835388184e-8,,,,,0.05,EXACT_ZERO_REFERENCE_MISMATCH
3,OPE,W+T1+P1,localForce,100-101,I,mx,0,-9.094947017729282e-13,-9.094947017729282e-13,9.094947017729282e-13,,,,,0.05,EXACT_ZERO_REFERENCE_MISMATCH
3,OPE,W+T1+P1,localForce,100-101,I,my,0,-5.820766091346741e-11,-5.820766091346741e-11,5.820766091346741e-11,,,,,0.05,EXACT_ZERO_REFERENCE_MISMATCH
3,OPE,W+T1+P1,localForce,100-101,I,mz,0,1.1204974725842476e-8,1.1204974725842476e-8,1.1204974725842476e-8,,,,,0.05,EXACT_ZERO_REFERENCE_MISMATCH
3,OPE,W+T1+P1,localForce,100-101,J,fy,0,-1.5739351511001587e-7,-1.5739351511001587e-7,1.5739351511001587e-7,,,,,0.05,EXACT_ZERO_REFERENCE_MISMATCH
3,OPE,W+T1+P1,localForce,100-101,J,fz,0,-3.5390257835388184e-8,-3.5390257835388184e-8,3.5390257835388184e-8,,,,,0.05,EXACT_ZERO_REFERENCE_MISMATCH
3,OPE,W+T1+P1,localForce,100-101,J,mx,0,9.094947017729282e-13,9.094947017729282e-13,9.094947017729282e-13,,,,,0.05,EXACT_ZERO_REFERENCE_MISMATCH
3,OPE,W+T1+P1,localForce,100-101,J,my,0,-1.1641532182693481e-10,-1.1641532182693481e-10,1.1641532182693481e-10,,,,,0.05,EXACT_ZERO_REFERENCE_MISMATCH
3,OPE,W+T1+P1,localForce,100-101,J,mz,0,5.820766091346741e-11,5.820766091346741e-11,5.820766091346741e-11,,,,,0.05,EXACT_ZERO_REFERENCE_MISMATCH
3,OPE,W+T1+P1,localForce,100-110,I,fz,313.165009,290.2404712102838,-22.924537789716226,22.924537789716226,-0.07320274338093828,0.07320274338093828,-7.320274338093828,7.320274338093828,0.05,RELATIVE_ERROR_NOT_BELOW_5_PERCENT
3,OPE,W+T1+P1,localForce,100-110,J,fz,-333.13504,-310.2106816453048,22.924358354695187,22.924358354695187,-0.06881401114303433,0.06881401114303433,-6.881401114303433,6.881401114303433,0.05,RELATIVE_ERROR_NOT_BELOW_5_PERCENT
3,OPE,W+T1+P1,localForce,101-280,I,fy,0,2.93694029096514e-8,2.93694029096514e-8,2.93694029096514e-8,,,,,0.05,EXACT_ZERO_REFERENCE_MISMATCH
3,OPE,W+T1+P1,localForce,101-280,I,fz,0,-1.0633812053129077e-8,-1.0633812053129077e-8,1.0633812053129077e-8,,,,,0.05,EXACT_ZERO_REFERENCE_MISMATCH
3,OPE,W+T1+P1,localForce,101-280,I,mx,0,-6.89226453687297e-13,-6.89226453687297e-13,6.89226453687297e-13,,,,,0.05,EXACT_ZERO_REFERENCE_MISMATCH
3,OPE,W+T1+P1,localForce,101-280,I,my,0,9.43600753089413e-10,9.43600753089413e-10,9.43600753089413e-10,,,,,0.05,EXACT_ZERO_REFERENCE_MISMATCH
3,OPE,W+T1+P1,localForce,101-280,I,mz,0,3.0571527531719767e-9,3.0571527531719767e-9,3.0571527531719767e-9,,,,,0.05,EXACT_ZERO_REFERENCE_MISMATCH
3,OPE,W+T1+P1,localForce,101-280,J,fy,0,-2.93694029096514e-8,-2.93694029096514e-8,2.93694029096514e-8,,,,,0.05,EXACT_ZERO_REFERENCE_MISMATCH
3,OPE,W+T1+P1,localForce,101-280,J,fz,0,1.0633812053129077e-8,1.0633812053129077e-8,1.0633812053129077e-8,,,,,0.05,EXACT_ZERO_REFERENCE_MISMATCH
3,OPE,W+T1+P1,localForce,101-280,J,mx,0,6.892264536872971e-13,6.892264536872971e-13,6.892264536872971e-13,,,,,0.05,EXACT_ZERO_REFERENCE_MISMATCH
3,OPE,W+T1+P1,localForce,101-280,J,my,0,-7.035509952402208e-10,-7.035509952402208e-10,7.035509952402208e-10,,,,,0.05,EXACT_ZERO_REFERENCE_MISMATCH
3,OPE,W+T1+P1,localForce,101-280,J,mz,0,-2.414253685856238e-9,-2.414253685856238e-9,2.414253685856238e-9,,,,,0.05,EXACT_ZERO_REFERENCE_MISMATCH
3,OPE,W+T1+P1,localForce,110-120,I,fz,333.13504,310.2106816448984,-22.924358355101617,22.924358355101617,-0.06881401114425434,0.06881401114425434,-6.881401114425434,6.881401114425434,0.05,RELATIVE_ERROR_NOT_BELOW_5_PERCENT
3,OPE,W+T1+P1,localForce,110-120,J,my,1232.722412,1305.9722242513074,73.24981225130728,73.24981225130728,0.05942117344363434,0.05942117344363434,5.942117344363433,5.942117344363433,0.05,RELATIVE_ERROR_NOT_BELOW_5_PERCENT
3,OPE,W+T1+P1,localForce,110-120,J,mz,64.451309,54.46419937005703,-9.987109629942964,9.987109629942964,-0.15495588506888144,0.15495588506888144,-15.495588506888144,15.495588506888144,0.05,RELATIVE_ERROR_NOT_BELOW_5_PERCENT
3,OPE,W+T1+P1,localForce,120-129,I,my,1232.722412,1305.972224251294,73.24981225129386,73.24981225129386,0.05942117344362346,0.05942117344362346,5.942117344362345,5.942117344362345,0.05,RELATIVE_ERROR_NOT_BELOW_5_PERCENT
3,OPE,W+T1+P1,localForce,120-129,I,mz,64.451309,54.46419936982226,-9.987109630177734,9.987109630177734,-0.15495588507252406,0.15495588507252406,-15.495588507252405,15.495588507252405,0.05,RELATIVE_ERROR_NOT_BELOW_5_PERCENT
3,OPE,W+T1+P1,localForce,120-129,J,my,-750.502563,-819.74978466426,-69.24722166426,69.24722166426,0.09226780170804026,0.09226780170804026,9.226780170804027,9.226780170804027,0.05,RELATIVE_ERROR_NOT_BELOW_5_PERCENT
3,OPE,W+T1+P1,localForce,129-130,I,my,750.502563,819.7497846642657,69.24722166426568,69.24722166426568,0.09226780170804784,0.09226780170804784,9.226780170804783,9.226780170804783,0.05,RELATIVE_ERROR_NOT_BELOW_5_PERCENT
3,OPE,W+T1+P1,localForce,129-130,J,mx,-172.175125,-161.629439172994,10.545685827005997,10.545685827005997,-0.06124976431413072,0.06124976431413072,-6.124976431413072,6.124976431413072,0.05,RELATIVE_ERROR_NOT_BELOW_5_PERCENT
3,OPE,W+T1+P1,localForce,129-130,J,my,72.275635,17.637961502930715,-54.63767349706928,54.63767349706928,-0.7559625522082135,0.7559625522082135,-75.59625522082135,75.59625522082135,0.05,RELATIVE_ERROR_NOT_BELOW_5_PERCENT
3,OPE,W+T1+P1,localForce,130-140,I,fy,-706.853821,703.1840159132989,1410.037836913299,1410.037836913299,-1.9948082545815353,1.9948082545815353,-199.48082545815353,199.48082545815353,0.05,RELATIVE_ERROR_NOT_BELOW_5_PERCENT
3,OPE,W+T1+P1,localForce,130-140,I,fz,115.648476,-68.94829684383512,-184.59677284383514,184.59677284383514,-1.596188546780635,1.596188546780635,-159.61885467806349,159.61885467806349,0.05,RELATIVE_ERROR_NOT_BELOW_5_PERCENT
3,OPE,W+T1+P1,localForce,130-140,I,mx,172.175125,161.62943917298912,-10.545685827010885,10.545685827010885,-0.061249764314159114,0.061249764314159114,-6.124976431415911,6.124976431415911,0.05,RELATIVE_ERROR_NOT_BELOW_5_PERCENT
3,OPE,W+T1+P1,localForce,130-140,I,my,-72.275635,17.63796150292717,89.91359650292716,89.91359650292716,-1.2440374477917375,1.2440374477917375,-124.40374477917375,124.40374477917375,0.05,RELATIVE_ERROR_NOT_BELOW_5_PERCENT
3,OPE,W+T1+P1,localForce,130-140,I,mz,-800.237244,801.3784783072824,1601.6157223072823,1601.6157223072823,-2.001426119961098,2.001426119961098,-200.1426119961098,200.1426119961098,0.05,RELATIVE_ERROR_NOT_BELOW_5_PERCENT
3,OPE,W+T1+P1,localForce,130-140,J,fz,-115.648582,-68.94829684383512,46.70028515616488,46.70028515616488,-0.4038119996677943,0.4038119996677943,-40.38119996677943,40.38119996677943,0.05,RELATIVE_ERROR_NOT_BELOW_5_PERCENT
3,OPE,W+T1+P1,localForce,130-140,J,mx,-172.175125,-161.62943917298912,10.545685827010885,10.545685827010885,-0.061249764314159114,0.061249764314159114,-6.124976431415911,6.124976431415911,0.05,RELATIVE_ERROR_NOT_BELOW_5_PERCENT
3,OPE,W+T1+P1,localForce,130-140,J,my,23.540901,-11.416871402605238,-34.957772402605244,34.957772402605244,-1.4849802224054738,1.4849802224054738,-148.49802224054739,148.49802224054739,0.05,RELATIVE_ERROR_NOT_BELOW_5_PERCENT
3,OPE,W+T1+P1,localForce,140-141,I,fx,0,9.313225746154785e-10,9.313225746154785e-10,9.313225746154785e-10,,,,,0.05,EXACT_ZERO_REFERENCE_MISMATCH
3,OPE,W+T1+P1,localForce,140-141,I,fy,0,1.0011717677116394e-8,1.0011717677116394e-8,1.0011717677116394e-8,,,,,0.05,EXACT_ZERO_REFERENCE_MISMATCH
3,OPE,W+T1+P1,localForce,140-141,I,mx,0,-2.255546860396862e-10,-2.255546860396862e-10,2.255546860396862e-10,,,,,0.05,EXACT_ZERO_REFERENCE_MISMATCH
3,OPE,W+T1+P1,localForce,140-141,I,mz,0,1.3769749784842134e-9,1.3769749784842134e-9,1.3769749784842134e-9,,,,,0.05,EXACT_ZERO_REFERENCE_MISMATCH
3,OPE,W+T1+P1,localForce,140-141,J,fx,0,-9.313225746154785e-10,-9.313225746154785e-10,9.313225746154785e-10,,,,,0.05,EXACT_ZERO_REFERENCE_MISMATCH
3,OPE,W+T1+P1,localForce,140-141,J,fy,0,-1.0011717677116394e-8,-1.0011717677116394e-8,1.0011717677116394e-8,,,,,0.05,EXACT_ZERO_REFERENCE_MISMATCH
3,OPE,W+T1+P1,localForce,140-141,J,mx,0,2.255546860396862e-10,2.255546860396862e-10,2.255546860396862e-10,,,,,0.05,EXACT_ZERO_REFERENCE_MISMATCH
3,OPE,W+T1+P1,localForce,140-141,J,mz,0,8.913048077374697e-10,8.913048077374697e-10,8.913048077374697e-10,,,,,0.05,EXACT_ZERO_REFERENCE_MISMATCH
3,OPE,W+T1+P1,localForce,140-150,I,fz,115.645889,68.94829684265005,-46.697592157349945,46.697592157349945,-0.40379811648427855,0.40379811648427855,-40.379811648427854,40.379811648427854,0.05,RELATIVE_ERROR_NOT_BELOW_5_PERCENT
3,OPE,W+T1+P1,localForce,140-150,I,mx,172.175919,161.62943917401594,-10.54647982598405,10.54647982598405,-0.0612540934135165,0.0612540934135165,-6.12540934135165,6.12540934135165,0.05,RELATIVE_ERROR_NOT_BELOW_5_PERCENT
3,OPE,W+T1+P1,localForce,140-150,I,my,-24.169336,10.788432390531852,34.957768390531854,34.957768390531854,-1.4463685883026265,1.4463685883026265,-144.63685883026264,144.63685883026264,0.05,RELATIVE_ERROR_NOT_BELOW_5_PERCENT
3,OPE,W+T1+P1,localForce,140-150,J,fz,115.645889,68.94829684265005,-46.697592157349945,46.697592157349945,-0.40379811648427855,0.40379811648427855,-40.379811648427854,40.379811648427854,0.05,RELATIVE_ERROR_NOT_BELOW_5_PERCENT
3,OPE,W+T1+P1,localForce,140-150,J,mx,-172.175919,-161.62943917401594,10.54647982598405,10.54647982598405,-0.0612540934135165,0.0612540934135165,-6.12540934135165,6.12540934135165,0.05,RELATIVE_ERROR_NOT_BELOW_5_PERCENT
3,OPE,W+T1+P1,localForce,140-150,J,my,36.683922,47.069005987282935,10.385083987282933,10.385083987282933,0.2830963381527998,0.2830963381527998,28.309633815279977,28.309633815279977,0.05,RELATIVE_ERROR_NOT_BELOW_5_PERCENT
3,OPE,W+T1+P1,localForce,141-320,I,fx,0,1.280568540096283e-9,1.280568540096283e-9,1.280568540096283e-9,,,,,0.05,EXACT_ZERO_REFERENCE_MISMATCH
3,OPE,W+T1+P1,localForce,141-320,I,fy,0,1.0984194886987098e-8,1.0984194886987098e-8,1.0984194886987098e-8,,,,,0.05,EXACT_ZERO_REFERENCE_MISMATCH
3,OPE,W+T1+P1,localForce,141-320,I,mx,0,-2.332853910047561e-10,-2.332853910047561e-10,2.332853910047561e-10,,,,,0.05,EXACT_ZERO_REFERENCE_MISMATCH
3,OPE,W+T1+P1,localForce,141-320,I,mz,0,7.269562729561585e-10,7.269562729561585e-10,7.269562729561585e-10,,,,,0.05,EXACT_ZERO_REFERENCE_MISMATCH
3,OPE,W+T1+P1,localForce,141-320,J,fx,0,-1.280568540096283e-9,-1.280568540096283e-9,1.280568540096283e-9,,,,,0.05,EXACT_ZERO_REFERENCE_MISMATCH
3,OPE,W+T1+P1,localForce,141-320,J,fy,0,-1.0984194886987098e-8,-1.0984194886987098e-8,1.0984194886987098e-8,,,,,0.05,EXACT_ZERO_REFERENCE_MISMATCH
3,OPE,W+T1+P1,localForce,141-320,J,mx,0,2.332853910047561e-10,2.332853910047561e-10,2.332853910047561e-10,,,,,0.05,EXACT_ZERO_REFERENCE_MISMATCH
3,OPE,W+T1+P1,localForce,141-320,J,mz,0,-5.307470019033644e-10,-5.307470019033644e-10,5.307470019033644e-10,,,,,0.05,EXACT_ZERO_REFERENCE_MISMATCH
3,OPE,W+T1+P1,localForce,150-158,I,mx,320.408569,343.4131070968662,23.004538096866213,23.004538096866213,0.07179751205987944,0.07179751205987944,7.1797512059879445,7.1797512059879445,0.05,RELATIVE_ERROR_NOT_BELOW_5_PERCENT
3,OPE,W+T1+P1,localForce,150-158,J,mx,-320.408569,-343.41310709686616,-23.004538096866156,23.004538096866156,0.07179751205987926,0.07179751205987926,7.179751205987926,7.179751205987926,0.05,RELATIVE_ERROR_NOT_BELOW_5_PERCENT
3,OPE,W+T1+P1,localForce,150-158,J,my,-34.966423,-28.048426356838707,6.917996643161292,6.917996643161292,-0.1978468499097346,0.1978468499097346,-19.78468499097346,19.78468499097346,0.05,RELATIVE_ERROR_NOT_BELOW_5_PERCENT
3,OPE,W+T1+P1,localForce,151-150,I,fy,102.327095,122.69933345913887,20.37223845913887,20.37223845913887,0.19908938545689067,0.19908938545689067,19.908938545689068,19.908938545689068,0.05,RELATIVE_ERROR_NOT_BELOW_5_PERCENT
3,OPE,W+T1+P1,localForce,151-150,I,fz,54.772812,69.8322325302288,15.059420530228792,15.059420530228792,0.27494335200881764,0.27494335200881764,27.494335200881764,27.494335200881764,0.05,RELATIVE_ERROR_NOT_BELOW_5_PERCENT
3,OPE,W+T1+P1,localForce,151-150,I,mz,-142.40596,-174.79336149466693,-32.38740149466693,32.38740149466693,0.22743009839382378,0.22743009839382378,22.743009839382378,22.743009839382378,0.05,RELATIVE_ERROR_NOT_BELOW_5_PERCENT
3,OPE,W+T1+P1,localForce,151-150,J,fy,-102.327095,-122.69933345913887,-20.37223845913887,20.37223845913887,0.19908938545689067,0.19908938545689067,19.908938545689068,19.908938545689068,0.05,RELATIVE_ERROR_NOT_BELOW_5_PERCENT
3,OPE,W+T1+P1,localForce,151-150,J,fz,-54.772812,-69.8322325302288,-15.059420530228792,15.059420530228792,0.27494335200881764,0.27494335200881764,27.494335200881764,27.494335200881764,0.05,RELATIVE_ERROR_NOT_BELOW_5_PERCENT
3,OPE,W+T1+P1,localForce,151-150,J,mz,148.253998,181.805628095055,33.551630095055,33.551630095055,0.2263118064111499,0.2263118064111499,22.63118064111499,22.63118064111499,0.05,RELATIVE_ERROR_NOT_BELOW_5_PERCENT
3,OPE,W+T1+P1,localForce,158-159,I,mx,320.406769,343.41310709686405,23.006338096864056,23.006338096864056,0.07180353326700178,0.07180353326700178,7.180353326700178,7.180353326700178,0.05,RELATIVE_ERROR_NOT_BELOW_5_PERCENT
3,OPE,W+T1+P1,localForce,158-159,I,mz,-34.965046,-28.048426356838732,6.916619643161269,6.916619643161269,-0.19781525936391645,0.19781525936391645,-19.781525936391645,19.781525936391645,0.05,RELATIVE_ERROR_NOT_BELOW_5_PERCENT
3,OPE,W+T1+P1,localForce,158-159,J,mx,-232.929352,-254.49094924817365,-21.561597248173655,21.561597248173655,0.09256711128520057,0.09256711128520057,9.256711128520056,9.256711128520056,0.05,RELATIVE_ERROR_NOT_BELOW_5_PERCENT
3,OPE,W+T1+P1,localForce,158-159,J,mz,176.257629,186.62870541974348,10.371076419743474,10.371076419743474,0.058840439863987244,0.058840439863987244,5.884043986398725,5.884043986398725,0.05,RELATIVE_ERROR_NOT_BELOW_5_PERCENT
3,OPE,W+T1+P1,localForce,159-160,I,mx,232.929352,254.4909492481716,21.56159724817161,21.56159724817161,0.09256711128519178,0.09256711128519178,9.256711128519179,9.256711128519179,0.05,RELATIVE_ERROR_NOT_BELOW_5_PERCENT
3,OPE,W+T1+P1,localForce,159-160,I,mz,-176.260529,-186.62870541974456,-10.368176419744572,10.368176419744572,0.05882301884924317,0.05882301884924317,5.882301884924317,5.882301884924317,0.05,RELATIVE_ERROR_NOT_BELOW_5_PERCENT
3,OPE,W+T1+P1,localForce,159-160,J,mx,-71.157028,-79.4801807688163,-8.3231527688163,8.3231527688163,0.11696880832089138,0.11696880832089138,11.696880832089137,11.696880832089137,0.05,RELATIVE_ERROR_NOT_BELOW_5_PERCENT
3,OPE,W+T1+P1,localForce,159-160,J,mz,214.326126,235.88471770731456,21.558591707314577,21.558591707314577,0.1005877916503496,0.1005877916503496,10.058779165034961,10.058779165034961,0.05,RELATIVE_ERROR_NOT_BELOW_5_PERCENT
3,OPE,W+T1+P1,localForce,160-168,I,mx,71.157028,79.48018076881652,8.323152768816527,8.323152768816527,0.11696880832089457,0.11696880832089457,11.696880832089457,11.696880832089457,0.05,RELATIVE_ERROR_NOT_BELOW_5_PERCENT
3,OPE,W+T1+P1,localForce,160-168,I,mz,-214.218033,-235.77489451219856,-21.556861512198566,21.556861512198566,0.10063047078860334,0.10063047078860334,10.063047078860334,10.063047078860334,0.05,RELATIVE_ERROR_NOT_BELOW_5_PERCENT
3,OPE,W+T1+P1,localForce,160-168,J,mx,-71.157028,-79.48018076881652,-8.323152768816527,8.323152768816527,0.11696880832089457,0.11696880832089457,11.696880832089457,11.696880832089457,0.05,RELATIVE_ERROR_NOT_BELOW_5_PERCENT
3,OPE,W+T1+P1,localForce,168-169,I,mx,71.157028,79.4801807688166,8.323152768816598,8.323152768816598,0.11696880832089557,0.11696880832089557,11.696880832089557,11.696880832089557,0.05,RELATIVE_ERROR_NOT_BELOW_5_PERCENT
3,OPE,W+T1+P1,localForce,168-169,J,mz,-240.230515,-225.07555059448111,15.154964405518882,15.154964405518882,-0.06308509310534044,0.06308509310534044,-6.308509310534044,6.308509310534044,0.05,RELATIVE_ERROR_NOT_BELOW_5_PERCENT
3,OPE,W+T1+P1,localForce,169-170,I,mz,240.230515,225.07555059448072,-15.15496440551928,15.15496440551928,-0.06308509310534209,0.06308509310534209,-6.308509310534209,6.308509310534209,0.05,RELATIVE_ERROR_NOT_BELOW_5_PERCENT
3,OPE,W+T1+P1,localForce,169-170,J,mz,-34.978485,-28.089488580949823,6.8889964190501765,6.8889964190501765,-0.19694953680956098,0.19694953680956098,-19.694953680956097,19.694953680956097,0.05,RELATIVE_ERROR_NOT_BELOW_5_PERCENT
3,OPE,W+T1+P1,localForce,170-180,I,my,-34.978485,-28.089488580949823,6.8889964190501765,6.8889964190501765,-0.19694953680956098,0.19694953680956098,-19.694953680956097,19.694953680956097,0.05,RELATIVE_ERROR_NOT_BELOW_5_PERCENT
3,OPE,W+T1+P1,localForce,170-180,J,my,36.039837,28.089488580949823,-7.950348419050176,7.950348419050176,-0.22059890057355633,0.22059890057355633,-22.059890057355634,22.059890057355634,0.05,RELATIVE_ERROR_NOT_BELOW_5_PERCENT
3,OPE,W+T1+P1,localForce,180-190,I,my,-36.039837,-28.08948858094982,7.950348419050179,7.950348419050179,-0.2205989005735564,0.2205989005735564,-22.05989005735564,22.05989005735564,0.05,RELATIVE_ERROR_NOT_BELOW_5_PERCENT
3,OPE,W+T1+P1,localForce,180-190,J,my,111.253922,104.32024049539201,-6.933681504607989,6.933681504607989,-0.06232302987581857,0.06232302987581857,-6.232302987581857,6.232302987581857,0.05,RELATIVE_ERROR_NOT_BELOW_5_PERCENT
3,OPE,W+T1+P1,localForce,198-199,I,fx,-787.562561,-867.7161267295415,-80.15356572954158,80.15356572954158,0.10177422048575718,0.10177422048575718,10.177422048575718,10.177422048575718,0.05,RELATIVE_ERROR_NOT_BELOW_5_PERCENT
3,OPE,W+T1+P1,localForce,198-199,I,my,-682.719788,-807.0168681717238,-124.29708017172379,124.29708017172379,0.18206163400631328,0.18206163400631328,18.20616340063133,18.20616340063133,0.05,RELATIVE_ERROR_NOT_BELOW_5_PERCENT
3,OPE,W+T1+P1,localForce,198-199,I,mz,14.79526,9.449889084045068,-5.345370915954932,5.345370915954932,-0.36128942079794013,0.36128942079794013,-36.128942079794015,36.128942079794015,0.05,RELATIVE_ERROR_NOT_BELOW_5_PERCENT
3,OPE,W+T1+P1,localForce,198-199,J,my,147.774979,253.48225217681463,105.70727317681462,105.70727317681462,0.7153259225082659,0.7153259225082659,71.53259225082658,71.53259225082658,0.05,RELATIVE_ERROR_NOT_BELOW_5_PERCENT
3,OPE,W+T1+P1,localForce,199-200,I,my,-147.774979,-253.48225217682887,-105.70727317682886,105.70727317682886,0.7153259225083622,0.7153259225083622,71.53259225083623,71.53259225083623,0.05,RELATIVE_ERROR_NOT_BELOW_5_PERCENT
3,OPE,W+T1+P1,localForce,199-200,J,fz,-807.437073,-887.58539555135,-80.1483225513499,80.1483225513499,0.09926262396345269,0.09926262396345269,9.926262396345269,9.926262396345269,0.05,RELATIVE_ERROR_NOT_BELOW_5_PERCENT
3,OPE,W+T1+P1,localForce,199-200,J,mx,53.581661,60.44550898360197,6.863847983601971,6.863847983601971,0.1281006944447275,0.1281006944447275,12.810069444472749,12.810069444472749,0.05,RELATIVE_ERROR_NOT_BELOW_5_PERCENT
3,OPE,W+T1+P1,localForce,199-200,J,my,-127.67424,-35.03309065312804,92.64114934687196,92.64114934687196,-0.7256056456405925,0.7256056456405925,-72.56056456405925,72.56056456405925,0.05,RELATIVE_ERROR_NOT_BELOW_5_PERCENT
3,OPE,W+T1+P1,localForce,200-208,I,fz,807.437073,887.5853955497221,80.14832254972202,80.14832254972202,0.09926262396143658,0.09926262396143658,9.926262396143658,9.926262396143658,0.05,RELATIVE_ERROR_NOT_BELOW_5_PERCENT
3,OPE,W+T1+P1,localForce,200-208,I,mx,-53.581661,-60.44550898360791,-6.863847983607911,6.863847983607911,0.12810069444483835,0.12810069444483835,12.810069444483835,12.810069444483835,0.05,RELATIVE_ERROR_NOT_BELOW_5_PERCENT
3,OPE,W+T1+P1,localForce,200-208,I,my,127.67424,35.03309065313199,-92.641149346868,92.641149346868,-0.7256056456405615,0.7256056456405615,-72.56056456405615,72.56056456405615,0.05,RELATIVE_ERROR_NOT_BELOW_5_PERCENT
3,OPE,W+T1+P1,localForce,200-208,J,fz,-1050.852905,-1131.0005231712323,-80.14761817123235,80.14761817123235,0.07626911225147381,0.07626911225147381,7.626911225147381,7.626911225147381,0.05,RELATIVE_ERROR_NOT_BELOW_5_PERCENT
3,OPE,W+T1+P1,localForce,200-208,J,mx,53.581661,60.44550898360791,6.863847983607911,6.863847983607911,0.12810069444483835,0.12810069444483835,12.810069444483835,12.810069444483835,0.05,RELATIVE_ERROR_NOT_BELOW_5_PERCENT
3,OPE,W+T1+P1,localForce,208-209,I,fz,1050.852905,1131.0005231832965,80.14761818329657,80.14761818329657,0.07626911226295423,0.07626911226295423,7.626911226295423,7.626911226295423,0.05,RELATIVE_ERROR_NOT_BELOW_5_PERCENT
3,OPE,W+T1+P1,localForce,208-209,I,mx,-53.581661,-60.44550898360658,-6.863847983606583,6.863847983606583,0.12810069444481356,0.12810069444481356,12.810069444481357,12.810069444481357,0.05,RELATIVE_ERROR_NOT_BELOW_5_PERCENT
3,OPE,W+T1+P1,localForce,209-210,J,fx,-1070.727295,-1150.8685938166927,-80.14129881669282,80.14129881669282,0.07484753512022203,0.07484753512022203,7.484753512022204,7.484753512022204,0.05,RELATIVE_ERROR_NOT_BELOW_5_PERCENT
3,OPE,W+T1+P1,localForce,209-210,J,mz,14.795216,9.449889082255275,-5.345326917744725,5.345326917744725,-0.36128752143562654,0.36128752143562654,-36.12875214356265,36.12875214356265,0.05,RELATIVE_ERROR_NOT_BELOW_5_PERCENT
3,OPE,W+T1+P1,localForce,210-218,I,fx,1070.727295,1150.868593803374,80.14129880337418,80.14129880337418,0.07484753510778315,0.07484753510778315,7.484753510778315,7.484753510778315,0.05,RELATIVE_ERROR_NOT_BELOW_5_PERCENT
3,OPE,W+T1+P1,localForce,210-218,I,my,-14.795216,-9.449889082248774,5.345326917751226,5.345326917751226,-0.36128752143606596,0.36128752143606596,-36.1287521436066,36.1287521436066,0.05,RELATIVE_ERROR_NOT_BELOW_5_PERCENT
3,OPE,W+T1+P1,localForce,210-218,J,fx,-1150.532959,-1230.6740001237486,-80.14104112374866,80.14104112374866,0.06965558048280882,0.06965558048280882,6.965558048280881,6.965558048280881,0.05,RELATIVE_ERROR_NOT_BELOW_5_PERCENT
3,OPE,W+T1+P1,localForce,218-219,I,fx,1150.532959,1230.6740001322141,80.14104113221424,80.14104113221424,0.06965558049016678,0.06965558049016678,6.9655580490166775,6.9655580490166775,0.05,RELATIVE_ERROR_NOT_BELOW_5_PERCENT
3,OPE,W+T1+P1,localForce,218-219,J,fx,-1243.581299,-1309.644035401635,-66.062736401635,66.062736401635,0.053122973507850245,0.053122973507850245,5.312297350785024,5.312297350785024,0.05,RELATIVE_ERROR_NOT_BELOW_5_PERCENT
3,OPE,W+T1+P1,localForce,218-219,J,fz,397.571442,444.8406739732948,47.269231973294836,47.269231973294836,0.1188949380657347,0.1188949380657347,11.88949380657347,11.88949380657347,0.05,RELATIVE_ERROR_NOT_BELOW_5_PERCENT
3,OPE,W+T1+P1,localForce,219-220,I,fx,1243.581299,1309.6440354132483,66.06273641324833,66.06273641324833,0.05312297351718887,0.05312297351718887,5.312297351718887,5.312297351718887,0.05,RELATIVE_ERROR_NOT_BELOW_5_PERCENT
3,OPE,W+T1+P1,localForce,219-220,I,fz,-397.571442,-444.84067398838334,-47.26923198838335,47.26923198838335,0.11889493810368641,0.11889493810368641,11.889493810368641,11.889493810368641,0.05,RELATIVE_ERROR_NOT_BELOW_5_PERCENT
3,OPE,W+T1+P1,localForce,219-220,J,fz,1170.407349,1250.5420709124728,80.13472191247274,80.13472191247274,0.06846737760228531,0.06846737760228531,6.846737760228532,6.846737760228532,0.05,RELATIVE_ERROR_NOT_BELOW_5_PERCENT
3,OPE,W+T1+P1,localForce,219-220,J,mz,35.542133,43.38471263161486,7.842579631614861,7.842579631614861,0.220655851791868,0.220655851791868,22.0655851791868,22.0655851791868,0.05,RELATIVE_ERROR_NOT_BELOW_5_PERCENT
3,OPE,W+T1+P1,localForce,220-230,I,fz,1170.407349,1250.542070911895,80.13472191189499,80.13472191189499,0.06846737760179168,0.06846737760179168,6.846737760179169,6.846737760179169,0.05,RELATIVE_ERROR_NOT_BELOW_5_PERCENT
3,OPE,W+T1+P1,localForce,220-230,I,mz,35.542133,43.38471263160321,7.842579631603208,7.842579631603208,0.22065585179154013,0.22065585179154013,22.065585179154013,22.065585179154013,0.05,RELATIVE_ERROR_NOT_BELOW_5_PERCENT
3,OPE,W+T1+P1,localForce,220-230,J,fz,-1180.801636,-1260.93623330967,-80.13459730966997,80.13459730966997,0.06786457171682812,0.06786457171682812,6.786457171682812,6.786457171682812,0.05,RELATIVE_ERROR_NOT_BELOW_5_PERCENT
3,OPE,W+T1+P1,localForce,230-240,I,fz,1180.801636,1260.9362333096688,80.13459730966883,80.13459730966883,0.06786457171682717,0.06786457171682717,6.7864571716827164,6.7864571716827164,0.05,RELATIVE_ERROR_NOT_BELOW_5_PERCENT
3,OPE,W+T1+P1,localForce,230-240,J,my,-365.070862,-411.873666782119,-46.80280478211904,46.80280478211904,0.12820197296961772,0.12820197296961772,12.820197296961771,12.820197296961771,0.05,RELATIVE_ERROR_NOT_BELOW_5_PERCENT
3,OPE,W+T1+P1,localForce,248-249,I,fy,102.327087,122.69933347275946,20.372246472759457,20.372246472759457,0.19908947933560794,0.19908947933560794,19.908947933560796,19.908947933560796,0.05,RELATIVE_ERROR_NOT_BELOW_5_PERCENT
3,OPE,W+T1+P1,localForce,248-249,I,mx,-42.567078,-47.00435816644848,-4.437280166448481,4.437280166448481,0.10424206628532222,0.10424206628532222,10.424206628532222,10.424206628532222,0.05,RELATIVE_ERROR_NOT_BELOW_5_PERCENT
3,OPE,W+T1+P1,localForce,248-249,I,my,232.211517,218.31869596396731,-13.892821036032672,13.892821036032672,-0.05982830315876483,0.05982830315876483,-5.982830315876483,5.982830315876483,0.05,RELATIVE_ERROR_NOT_BELOW_5_PERCENT
3,OPE,W+T1+P1,localForce,248-249,J,fy,-102.327087,-122.69933347128972,-20.372246471289714,20.372246471289714,0.19908947932124474,0.19908947932124474,19.908947932124473,19.908947932124473,0.05,RELATIVE_ERROR_NOT_BELOW_5_PERCENT
3,OPE,W+T1+P1,localForce,248-249,J,fz,-204.388016,-188.6800931608161,15.70792283918388,15.70792283918388,-0.07685344349731288,0.07685344349731288,-7.685344349731288,7.685344349731288,0.05,RELATIVE_ERROR_NOT_BELOW_5_PERCENT
3,OPE,W+T1+P1,localForce,248-249,J,mx,11.319866,14.55729380327038,3.2374278032703803,3.2374278032703803,0.2859952408686093,0.2859952408686093,28.599524086860928,28.599524086860928,0.05,RELATIVE_ERROR_NOT_BELOW_5_PERCENT
3,OPE,W+T1+P1,localForce,248-249,J,my,-264.270081,-248.70438628869383,15.565694711306179,15.565694711306179,-0.058900707383921294,0.058900707383921294,-5.890070738392129,5.890070738392129,0.05,RELATIVE_ERROR_NOT_BELOW_5_PERCENT
3,OPE,W+T1+P1,localForce,248-249,J,mz,-45.649292,-48.04413908397226,-2.394847083972259,2.394847083972259,0.05246186696547799,0.05246186696547799,5.246186696547799,5.246186696547799,0.05,RELATIVE_ERROR_NOT_BELOW_5_PERCENT
3,OPE,W+T1+P1,localForce,249-250,I,fy,102.327087,122.69933346869948,20.372246468699473,20.372246468699473,0.1990894792959314,0.1990894792959314,19.90894792959314,19.90894792959314,0.05,RELATIVE_ERROR_NOT_BELOW_5_PERCENT
3,OPE,W+T1+P1,localForce,249-250,I,fz,204.388016,188.68009317329341,-15.707922826706579,15.707922826706579,-0.07685344343626575,0.07685344343626575,-7.685344343626575,7.685344343626575,0.05,RELATIVE_ERROR_NOT_BELOW_5_PERCENT
3,OPE,W+T1+P1,localForce,249-250,I,mx,-11.319866,-14.557293803276522,-3.237427803276523,3.237427803276523,0.2859952408691519,0.2859952408691519,28.59952408691519,28.59952408691519,0.05,RELATIVE_ERROR_NOT_BELOW_5_PERCENT
3,OPE,W+T1+P1,localForce,249-250,I,my,264.270081,248.7043862886986,-15.565694711301404,15.565694711301404,-0.058900707383903225,0.058900707383903225,-5.890070738390323,5.890070738390323,0.05,RELATIVE_ERROR_NOT_BELOW_5_PERCENT
3,OPE,W+T1+P1,localForce,249-250,I,mz,45.649292,48.04413908397131,2.3948470839713067,2.3948470839713067,0.052461866965457134,0.052461866965457134,5.246186696545713,5.246186696545713,0.05,RELATIVE_ERROR_NOT_BELOW_5_PERCENT
3,OPE,W+T1+P1,localForce,249-250,J,fy,-102.327087,-122.69933346084508,-20.372246460845076,20.372246460845076,0.19908947921917367,0.19908947921917367,19.908947921917367,19.908947921917367,0.05,RELATIVE_ERROR_NOT_BELOW_5_PERCENT
3,OPE,W+T1+P1,localForce,249-250,J,my,-254.303314,-238.71736863280614,15.585945367193858,15.585945367193858,-0.06128880163627698,0.06128880163627698,-6.128880163627698,6.128880163627698,0.05,RELATIVE_ERROR_NOT_BELOW_5_PERCENT
3,OPE,W+T1+P1,localForce,249-250,J,mz,-34.769699,-37.65466932453117,-2.8849703245311673,2.8849703245311673,0.08297369282751534,0.08297369282751534,8.297369282751534,8.297369282751534,0.05,RELATIVE_ERROR_NOT_BELOW_5_PERCENT
3,OPE,W+T1+P1,localForce,250-260,I,fy,102.327087,122.69933345948856,20.37224645948855,20.37224645948855,0.1990894792059169,0.1990894792059169,19.90894792059169,19.90894792059169,0.05,RELATIVE_ERROR_NOT_BELOW_5_PERCENT
3,OPE,W+T1+P1,localForce,250-260,I,my,254.303314,238.71736863279335,-15.585945367206648,15.585945367206648,-0.06128880163632727,0.06128880163632727,-6.1288801636327275,6.1288801636327275,0.05,RELATIVE_ERROR_NOT_BELOW_5_PERCENT
3,OPE,W+T1+P1,localForce,250-260,I,mz,34.769699,37.65466932453886,2.8849703245388554,2.8849703245388554,0.08297369282773645,0.08297369282773645,8.297369282773644,8.297369282773644,0.05,RELATIVE_ERROR_NOT_BELOW_5_PERCENT
3,OPE,W+T1+P1,localForce,250-260,J,fy,-102.327087,-122.69933345948856,-20.37224645948855,20.37224645948855,0.1990894792059169,0.1990894792059169,19.90894792059169,19.90894792059169,0.05,RELATIVE_ERROR_NOT_BELOW_5_PERCENT
3,OPE,W+T1+P1,localForce,250-260,J,mz,92.362549,114.78717471268598,22.42462571268598,22.42462571268598,0.2427891602762715,0.2427891602762715,24.27891602762715,24.27891602762715,0.05,RELATIVE_ERROR_NOT_BELOW_5_PERCENT
3,OPE,W+T1+P1,localForce,260-270,I,fy,102.327087,122.69933345949175,20.37224645949175,20.37224645949175,0.19908947920594816,0.19908947920594816,19.908947920594816,19.908947920594816,0.05,RELATIVE_ERROR_NOT_BELOW_5_PERCENT
3,OPE,W+T1+P1,localForce,260-270,I,mz,-92.362549,-114.78717471268601,-22.42462571268601,22.42462571268601,0.24278916027627181,0.24278916027627181,24.278916027627183,24.278916027627183,0.05,RELATIVE_ERROR_NOT_BELOW_5_PERCENT
3,OPE,W+T1+P1,localForce,260-270,J,fy,-102.327087,-122.69933345949175,-20.37224645949175,20.37224645949175,0.19908947920594816,0.19908947920594816,19.908947920594816,19.908947920594816,0.05,RELATIVE_ERROR_NOT_BELOW_5_PERCENT
3,OPE,W+T1+P1,localForce,260-270,J,fz,-53.087246,-68.1532562270406,-15.0660102270406,15.0660102270406,0.2837971709257738,0.2837971709257738,28.379717092577376,28.379717092577376,0.05,RELATIVE_ERROR_NOT_BELOW_5_PERCENT
3,OPE,W+T1+P1,localForce,260-270,J,mz,139.156982,170.897436100091,31.740454100091,31.740454100091,0.2280909922298473,0.2280909922298473,22.80909922298473,22.80909922298473,0.05,RELATIVE_ERROR_NOT_BELOW_5_PERCENT
3,OPE,W+T1+P1,localForce,270-151,I,fy,102.327087,122.69933345954178,20.37224645954177,20.37224645954177,0.199089479206437,0.199089479206437,19.908947920643698,19.908947920643698,0.05,RELATIVE_ERROR_NOT_BELOW_5_PERCENT
3,OPE,W+T1+P1,localForce,270-151,I,fz,53.087246,68.14687668937589,15.059630689375886,15.059630689375886,0.28367700010989244,0.28367700010989244,28.367700010989243,28.367700010989243,0.05,RELATIVE_ERROR_NOT_BELOW_5_PERCENT
3,OPE,W+T1+P1,localForce,270-151,I,mz,-139.156982,-170.89760851546487,-31.740626515464868,31.740626515464868,0.22809223122893588,0.22809223122893588,22.809223122893588,22.809223122893588,0.05,RELATIVE_ERROR_NOT_BELOW_5_PERCENT
3,OPE,W+T1+P1,localForce,270-151,J,fy,-102.327095,-122.69933345954178,-20.372238459541776,20.372238459541776,0.1990893854608281,0.1990893854608281,19.908938546082812,19.908938546082812,0.05,RELATIVE_ERROR_NOT_BELOW_5_PERCENT
3,OPE,W+T1+P1,localForce,270-151,J,fz,-54.772812,-69.83223243522296,-15.059420435222961,15.059420435222961,0.274943350274274,0.274943350274274,27.494335027427404,27.494335027427404,0.05,RELATIVE_ERROR_NOT_BELOW_5_PERCENT
3,OPE,W+T1+P1,localForce,270-151,J,mz,142.40596,174.79336149425868,32.38740149425868,32.38740149425868,0.227430098390957,0.227430098390957,22.7430098390957,22.7430098390957,0.05,RELATIVE_ERROR_NOT_BELOW_5_PERCENT
3,OPE,W+T1+P1,localForce,280-290,I,fy,0,2.9736838769167662e-8,2.9736838769167662e-8,2.9736838769167662e-8,,,,,0.05,EXACT_ZERO_REFERENCE_MISMATCH
3,OPE,W+T1+P1,localForce,280-290,I,fz,0,-1.1081283446401358e-8,-1.1081283446401358e-8,1.1081283446401358e-8,,,,,0.05,EXACT_ZERO_REFERENCE_MISMATCH
3,OPE,W+T1+P1,localForce,280-290,I,mx,0,-6.927791673660977e-13,-6.927791673660977e-13,6.927791673660977e-13,,,,,0.05,EXACT_ZERO_REFERENCE_MISMATCH
3,OPE,W+T1+P1,localForce,280-290,I,my,0,7.101164101186441e-10,7.101164101186441e-10,7.101164101186441e-10,,,,,0.05,EXACT_ZERO_REFERENCE_MISMATCH
3,OPE,W+T1+P1,localForce,280-290,I,mz,0,2.399332288405276e-9,2.399332288405276e-9,2.399332288405276e-9,,,,,0.05,EXACT_ZERO_REFERENCE_MISMATCH
3,OPE,W+T1+P1,localForce,280-290,J,fy,0,-2.9736838769167662e-8,-2.9736838769167662e-8,2.9736838769167662e-8,,,,,0.05,EXACT_ZERO_REFERENCE_MISMATCH
3,OPE,W+T1+P1,localForce,280-290,J,fz,0,1.1081283446401358e-8,1.1081283446401358e-8,1.1081283446401358e-8,,,,,0.05,EXACT_ZERO_REFERENCE_MISMATCH
3,OPE,W+T1+P1,localForce,280-290,J,mx,0,6.927791673660977e-13,6.927791673660977e-13,6.927791673660977e-13,,,,,0.05,EXACT_ZERO_REFERENCE_MISMATCH
3,OPE,W+T1+P1,localForce,280-290,J,my,0,-1.4915713109076023e-10,-1.4915713109076023e-10,1.4915713109076023e-10,,,,,0.05,EXACT_ZERO_REFERENCE_MISMATCH
3,OPE,W+T1+P1,localForce,280-290,J,mz,0,-9.392806532559916e-10,-9.392806532559916e-10,9.392806532559916e-10,,,,,0.05,EXACT_ZERO_REFERENCE_MISMATCH
3,OPE,W+T1+P1,localForce,290-300,I,fy,0,1.862645149230957e-8,1.862645149230957e-8,1.862645149230957e-8,,,,,0.05,EXACT_ZERO_REFERENCE_MISMATCH
3,OPE,W+T1+P1,localForce,290-300,I,fz,0,-7.334165275096893e-9,-7.334165275096893e-9,7.334165275096893e-9,,,,,0.05,EXACT_ZERO_REFERENCE_MISMATCH
3,OPE,W+T1+P1,localForce,290-300,I,mx,0,-7.275957614183426e-12,-7.275957614183426e-12,7.275957614183426e-12,,,,,0.05,EXACT_ZERO_REFERENCE_MISMATCH
3,OPE,W+T1+P1,localForce,290-300,I,my,0,-2.3283064365386963e-10,-2.3283064365386963e-10,2.3283064365386963e-10,,,,,0.05,EXACT_ZERO_REFERENCE_MISMATCH
3,OPE,W+T1+P1,localForce,290-300,I,mz,0,6.984919309616089e-10,6.984919309616089e-10,6.984919309616089e-10,,,,,0.05,EXACT_ZERO_REFERENCE_MISMATCH
3,OPE,W+T1+P1,localForce,290-300,J,fx,0,-2.905726432800293e-7,-2.905726432800293e-7,2.905726432800293e-7,,,,,0.05,EXACT_ZERO_REFERENCE_MISMATCH
3,OPE,W+T1+P1,localForce,290-300,J,fy,0,-1.862645149230957e-8,-1.862645149230957e-8,1.862645149230957e-8,,,,,0.05,EXACT_ZERO_REFERENCE_MISMATCH
3,OPE,W+T1+P1,localForce,290-300,J,fz,0,7.334165275096893e-9,7.334165275096893e-9,7.334165275096893e-9,,,,,0.05,EXACT_ZERO_REFERENCE_MISMATCH
3,OPE,W+T1+P1,localForce,290-300,J,mx,0,7.275957614183426e-12,7.275957614183426e-12,7.275957614183426e-12,,,,,0.05,EXACT_ZERO_REFERENCE_MISMATCH
3,OPE,W+T1+P1,localForce,290-300,J,my,0,1.7462298274040222e-10,1.7462298274040222e-10,1.7462298274040222e-10,,,,,0.05,EXACT_ZERO_REFERENCE_MISMATCH
3,OPE,W+T1+P1,localForce,290-300,J,mz,0,-6.984919309616089e-10,-6.984919309616089e-10,6.984919309616089e-10,,,,,0.05,EXACT_ZERO_REFERENCE_MISMATCH
3,OPE,W+T1+P1,localForce,300-310,I,fx,0,-1.043081283569336e-7,-1.043081283569336e-7,1.043081283569336e-7,,,,,0.05,EXACT_ZERO_REFERENCE_MISMATCH
3,OPE,W+T1+P1,localForce,300-310,I,fy,0,-3.725290298461914e-9,-3.725290298461914e-9,3.725290298461914e-9,,,,,0.05,EXACT_ZERO_REFERENCE_MISMATCH
3,OPE,W+T1+P1,localForce,300-310,I,fz,0,1.0710209608078003e-8,1.0710209608078003e-8,1.0710209608078003e-8,,,,,0.05,EXACT_ZERO_REFERENCE_MISMATCH
3,OPE,W+T1+P1,localForce,300-310,I,my,0,5.820766091346741e-11,5.820766091346741e-11,5.820766091346741e-11,,,,,0.05,EXACT_ZERO_REFERENCE_MISMATCH
3,OPE,W+T1+P1,localForce,300-310,I,mz,0,3.4924596548080444e-10,3.4924596548080444e-10,3.4924596548080444e-10,,,,,0.05,EXACT_ZERO_REFERENCE_MISMATCH
3,OPE,W+T1+P1,localForce,300-310,J,fx,0,1.043081283569336e-7,1.043081283569336e-7,1.043081283569336e-7,,,,,0.05,EXACT_ZERO_REFERENCE_MISMATCH
3,OPE,W+T1+P1,localForce,300-310,J,fy,0,3.725290298461914e-9,3.725290298461914e-9,3.725290298461914e-9,,,,,0.05,EXACT_ZERO_REFERENCE_MISMATCH
3,OPE,W+T1+P1,localForce,300-310,J,fz,0,-1.0710209608078003e-8,-1.0710209608078003e-8,1.0710209608078003e-8,,,,,0.05,EXACT_ZERO_REFERENCE_MISMATCH
3,OPE,W+T1+P1,localForce,300-310,J,my,0,1.7462298274040222e-10,1.7462298274040222e-10,1.7462298274040222e-10,,,,,0.05,EXACT_ZERO_REFERENCE_MISMATCH
3,OPE,W+T1+P1,localForce,300-310,J,mz,0,-9.313225746154785e-10,-9.313225746154785e-10,9.313225746154785e-10,,,,,0.05,EXACT_ZERO_REFERENCE_MISMATCH
3,OPE,W+T1+P1,localForce,320-330,I,fx,0,1.280568540096283e-9,1.280568540096283e-9,1.280568540096283e-9,,,,,0.05,EXACT_ZERO_REFERENCE_MISMATCH
3,OPE,W+T1+P1,localForce,320-330,I,fy,0,1.1050133252865635e-8,1.1050133252865635e-8,1.1050133252865635e-8,,,,,0.05,EXACT_ZERO_REFERENCE_MISMATCH
3,OPE,W+T1+P1,localForce,320-330,I,mx,0,-2.333422344236169e-10,-2.333422344236169e-10,2.333422344236169e-10,,,,,0.05,EXACT_ZERO_REFERENCE_MISMATCH
3,OPE,W+T1+P1,localForce,320-330,I,mz,0,5.263771640784398e-10,5.263771640784398e-10,5.263771640784398e-10,,,,,0.05,EXACT_ZERO_REFERENCE_MISMATCH
3,OPE,W+T1+P1,localForce,320-330,J,fx,0,-1.280568540096283e-9,-1.280568540096283e-9,1.280568540096283e-9,,,,,0.05,EXACT_ZERO_REFERENCE_MISMATCH
3,OPE,W+T1+P1,localForce,320-330,J,fy,0,-1.1050133252865635e-8,-1.1050133252865635e-8,1.1050133252865635e-8,,,,,0.05,EXACT_ZERO_REFERENCE_MISMATCH
3,OPE,W+T1+P1,localForce,320-330,J,mx,0,2.333422344236169e-10,2.333422344236169e-10,2.333422344236169e-10,,,,,0.05,EXACT_ZERO_REFERENCE_MISMATCH
3,OPE,W+T1+P1,localForce,320-330,J,mz,0,2.1380230919021415e-11,2.1380230919021415e-11,2.1380230919021415e-11,,,,,0.05,EXACT_ZERO_REFERENCE_MISMATCH
3,OPE,W+T1+P1,localForce,330-340,I,fy,0,3.3905962482094765e-8,3.3905962482094765e-8,3.3905962482094765e-8,,,,,0.05,EXACT_ZERO_REFERENCE_MISMATCH
3,OPE,W+T1+P1,localForce,330-340,I,mz,0,2.9103830456733704e-11,2.9103830456733704e-11,2.9103830456733704e-11,,,,,0.05,EXACT_ZERO_REFERENCE_MISMATCH
3,OPE,W+T1+P1,localForce,330-340,J,fy,0,-3.3905962482094765e-8,-3.3905962482094765e-8,3.3905962482094765e-8,,,,,0.05,EXACT_ZERO_REFERENCE_MISMATCH
3,OPE,W+T1+P1,localForce,330-340,J,fz,0,-9.037208981155231e-9,-9.037208981155231e-9,9.037208981155231e-9,,,,,0.05,EXACT_ZERO_REFERENCE_MISMATCH
3,OPE,W+T1+P1,localForce,330-340,J,my,0,-1.2447762265388462e-10,-1.2447762265388462e-10,1.2447762265388462e-10,,,,,0.05,EXACT_ZERO_REFERENCE_MISMATCH
4,SUS,W+P1,displacement,20,,RX,0,-0.0000014949416097342182,-0.0000014949416097342182,0.0000014949416097342182,,,,,0.05,EXACT_ZERO_REFERENCE_MISMATCH
4,SUS,W+P1,displacement,20,,RY,0,1.1975519579150707e-7,1.1975519579150707e-7,1.1975519579150707e-7,,,,,0.05,EXACT_ZERO_REFERENCE_MISMATCH
4,SUS,W+P1,displacement,20,,RZ,0,-7.828993424482876e-7,-7.828993424482876e-7,7.828993424482876e-7,,,,,0.05,EXACT_ZERO_REFERENCE_MISMATCH
4,SUS,W+P1,displacement,20,,UX,0,-6.804758585677973e-9,-6.804758585677973e-9,6.804758585677973e-9,,,,,0.05,EXACT_ZERO_REFERENCE_MISMATCH
4,SUS,W+P1,displacement,20,,UZ,0,-3.2079713353402826e-9,-3.2079713353402826e-9,3.2079713353402826e-9,,,,,0.05,EXACT_ZERO_REFERENCE_MISMATCH
4,SUS,W+P1,displacement,31,,UX,-0.000002737,-0.000004094192716655437,-0.0000013571927166554368,0.0000013571927166554368,0.49586873096654616,0.49586873096654616,49.586873096654614,49.586873096654614,0.05,RELATIVE_ERROR_NOT_BELOW_5_PERCENT
4,SUS,W+P1,displacement,38,,RX,-0.000003473205211468716,-0.0000029985914004517905,4.746138110169253e-7,4.746138110169253e-7,-0.1366500918084898,0.1366500918084898,-13.66500918084898,13.66500918084898,0.05,RELATIVE_ERROR_NOT_BELOW_5_PERCENT
4,SUS,W+P1,displacement,40,,RY,0.0000131423292675173,0.00001204563294209899,-0.00000109669632541831,0.00000109669632541831,-0.08344763725627499,0.08344763725627499,-8.3447637256275,8.3447637256275,0.05,RELATIVE_ERROR_NOT_BELOW_5_PERCENT
4,SUS,W+P1,displacement,48,,RY,0,-9.43439956958736e-7,-9.43439956958736e-7,9.43439956958736e-7,,,,,0.05,EXACT_ZERO_REFERENCE_MISMATCH
4,SUS,W+P1,displacement,49,,RY,0.000004642575810304917,0.000004014423524000052,-6.281522863048651e-7,6.281522863048651e-7,-0.13530253720587257,0.13530253720587257,-13.530253720587258,13.530253720587258,0.05,RELATIVE_ERROR_NOT_BELOW_5_PERCENT
4,SUS,W+P1,displacement,50,,RY,-0.00000619591884457987,-0.000006711738058616804,-5.158192140369338e-7,5.158192140369338e-7,0.08325144776358191,0.08325144776358191,8.325144776358192,8.325144776358192,0.05,RELATIVE_ERROR_NOT_BELOW_5_PERCENT
4,SUS,W+P1,displacement,169,,UZ,-1.29e-7,-1.502213053510424e-7,-2.12213053510424e-8,2.12213053510424e-8,0.16450624303133643,0.16450624303133643,16.450624303133644,16.450624303133644,0.05,RELATIVE_ERROR_NOT_BELOW_5_PERCENT
4,SUS,W+P1,displacement,170,,RX,0,-5.783448863925115e-8,-5.783448863925115e-8,5.783448863925115e-8,,,,,0.05,EXACT_ZERO_REFERENCE_MISMATCH
4,SUS,W+P1,displacement,170,,RY,0,3.3057451190659173e-7,3.3057451190659173e-7,3.3057451190659173e-7,,,,,0.05,EXACT_ZERO_REFERENCE_MISMATCH
4,SUS,W+P1,displacement,170,,RZ,0.000014049900478554353,0.000009139038375165418,-0.000004910862103388935,0.000004910862103388935,-0.34953002769555785,0.34953002769555785,-34.95300276955579,34.95300276955579,0.05,RELATIVE_ERROR_NOT_BELOW_5_PERCENT
4,SUS,W+P1,displacement,170,,UY,0,-4.462561949230662e-8,-4.462561949230662e-8,4.462561949230662e-8,,,,,0.05,EXACT_ZERO_REFERENCE_MISMATCH
4,SUS,W+P1,displacement,170,,UZ,0,1.3218811029043905e-8,1.3218811029043905e-8,1.3218811029043905e-8,,,,,0.05,EXACT_ZERO_REFERENCE_MISMATCH
4,SUS,W+P1,displacement,180,,RX,0,-5.783448863925115e-8,-5.783448863925115e-8,5.783448863925115e-8,,,,,0.05,EXACT_ZERO_REFERENCE_MISMATCH
4,SUS,W+P1,displacement,180,,RY,0,3.3057451190659173e-7,3.3057451190659173e-7,3.3057451190659173e-7,,,,,0.05,EXACT_ZERO_REFERENCE_MISMATCH
4,SUS,W+P1,displacement,180,,UY,0,-4.462561949230662e-8,-4.462561949230662e-8,4.462561949230662e-8,,,,,0.05,EXACT_ZERO_REFERENCE_MISMATCH
4,SUS,W+P1,displacement,180,,UZ,0,1.3218811029043905e-8,1.3218811029043905e-8,1.3218811029043905e-8,,,,,0.05,EXACT_ZERO_REFERENCE_MISMATCH
4,SUS,W+P1,displacement,198,,RZ,-0.00020669934331368843,-0.0002230353774585762,-0.000016336034144887778,0.000016336034144887778,0.0790328304047686,0.0790328304047686,7.903283040476861,7.903283040476861,0.05,RELATIVE_ERROR_NOT_BELOW_5_PERCENT
4,SUS,W+P1,displacement,199,,RZ,-0.00011536626355682519,-0.00012691709261276632,-0.000011550829055941136,0.000011550829055941136,0.1001231096493961,0.1001231096493961,10.01231096493961,10.01231096493961,0.05,RELATIVE_ERROR_NOT_BELOW_5_PERCENT
4,SUS,W+P1,displacement,199,,UX,0.000049943,0.00005273616635196767,0.0000027931663519676676,0.0000027931663519676676,0.055927083915016475,0.055927083915016475,5.592708391501647,5.592708391501647,0.05,RELATIVE_ERROR_NOT_BELOW_5_PERCENT
4,SUS,W+P1,displacement,200,,RZ,-0.000034836771869806816,-0.000042015176950102774,-0.000007178405080295958,0.000007178405080295958,0.2060582739159455,0.2060582739159455,20.60582739159455,20.60582739159455,0.05,RELATIVE_ERROR_NOT_BELOW_5_PERCENT
4,SUS,W+P1,displacement,200,,UX,0.000052792,0.000055916733704867306,0.0000031247337048673077,0.0000031247337048673077,0.05918953070289642,0.05918953070289642,5.918953070289642,5.918953070289642,0.05,RELATIVE_ERROR_NOT_BELOW_5_PERCENT
4,SUS,W+P1,displacement,208,,UX,0.000052865,0.0000559642475638361,0.000003099247563836095,0.000003099247563836095,0.05862569873897843,0.05862569873897843,5.862569873897843,5.862569873897843,0.05,RELATIVE_ERROR_NOT_BELOW_5_PERCENT
4,SUS,W+P1,displacement,208,,UZ,0.0000020100000000000002,0.0000018637787957910255,-1.462212042089747e-7,1.462212042089747e-7,-0.07274686776565904,0.07274686776565904,-7.274686776565904,7.274686776565904,0.05,RELATIVE_ERROR_NOT_BELOW_5_PERCENT
4,SUS,W+P1,displacement,209,,UX,0.000048999,0.000052088861742800565,0.0000030898617428005615,0.0000030898617428005615,0.06305968984674303,0.06305968984674303,6.305968984674302,6.305968984674302,0.05,RELATIVE_ERROR_NOT_BELOW_5_PERCENT
4,SUS,W+P1,displacement,210,,UX,0.000041379,0.000044308794759125214,0.0000029297947591252156,0.0000029297947591252156,0.07080390437480887,0.07080390437480887,7.080390437480887,7.080390437480887,0.05,RELATIVE_ERROR_NOT_BELOW_5_PERCENT
4,SUS,W+P1,displacement,218,,RY,0.000006579891280018622,0.000007536528717492808,9.566374374741856e-7,9.566374374741856e-7,0.145388031011886,0.145388031011886,14.538803101188599,14.538803101188599,0.05,RELATIVE_ERROR_NOT_BELOW_5_PERCENT
4,SUS,W+P1,displacement,218,,RZ,-0.00003075270142014009,-0.00003382534203535995,-0.0000030726406152198615,0.0000030726406152198615,0.0999144944452774,0.0999144944452774,9.99144944452774,9.99144944452774,0.05,RELATIVE_ERROR_NOT_BELOW_5_PERCENT
4,SUS,W+P1,displacement,218,,UX,0.000002299,0.000002643888022527376,3.448880225273761e-7,3.448880225273761e-7,0.15001653872439152,0.15001653872439152,15.001653872439153,15.001653872439153,0.05,RELATIVE_ERROR_NOT_BELOW_5_PERCENT
4,SUS,W+P1,displacement,219,,RY,0.0000027576202181510403,0.000003437636844000658,6.800166258496176e-7,6.800166258496176e-7,0.2465954598728474,0.2465954598728474,24.65954598728474,24.65954598728474,0.05,RELATIVE_ERROR_NOT_BELOW_5_PERCENT
4,SUS,W+P1,displacement,219,,RZ,-0.000015009831567151233,-0.00001669740345680081,-0.0000016875718896495783,0.0000016875718896495783,0.11243110104864876,0.11243110104864876,11.243110104864876,11.243110104864876,0.05,RELATIVE_ERROR_NOT_BELOW_5_PERCENT
4,SUS,W+P1,displacement,219,,UX,3.2499999999999996e-7,4.417914094488843e-7,1.1679140944888432e-7,1.1679140944888432e-7,0.3593581829196441,0.3593581829196441,35.93581829196441,35.93581829196441,0.05,RELATIVE_ERROR_NOT_BELOW_5_PERCENT
4,SUS,W+P1,displacement,220,,RY,0,-3.1775309398296166e-7,-3.1775309398296166e-7,3.1775309398296166e-7,,,,,0.05,EXACT_ZERO_REFERENCE_MISMATCH
4,SUS,W+P1,displacement,220,,RZ,-0.000006946410422937432,-0.000007747782497518537,-8.01372074581105e-7,8.01372074581105e-7,0.11536491882698582,0.11536491882698582,11.536491882698583,11.536491882698583,0.05,RELATIVE_ERROR_NOT_BELOW_5_PERCENT
4,SUS,W+P1,displacement,220,,UX,0,-5.6929799211088405e-8,-5.6929799211088405e-8,5.6929799211088405e-8,,,,,0.05,EXACT_ZERO_REFERENCE_MISMATCH
4,SUS,W+P1,displacement,220,,UZ,0,6.149767170778542e-10,6.149767170778542e-10,6.149767170778542e-10,,,,,0.05,EXACT_ZERO_REFERENCE_MISMATCH
4,SUS,W+P1,displacement,230,,RY,0,-8.689639970316552e-8,-8.689639970316552e-8,8.689639970316552e-8,,,,,0.05,EXACT_ZERO_REFERENCE_MISMATCH
4,SUS,W+P1,displacement,230,,RZ,0,-7.109738106463194e-7,-7.109738106463194e-7,7.109738106463194e-7,,,,,0.05,EXACT_ZERO_REFERENCE_MISMATCH
4,SUS,W+P1,displacement,230,,UX,0,-2.6332602451893084e-8,-2.6332602451893084e-8,2.6332602451893084e-8,,,,,0.05,EXACT_ZERO_REFERENCE_MISMATCH
4,SUS,W+P1,displacement,230,,UZ,0,1.4162782035374535e-10,1.4162782035374535e-10,1.4162782035374535e-10,,,,,0.05,EXACT_ZERO_REFERENCE_MISMATCH
4,SUS,W+P1,displacement,249,,RX,0.00001715658654710426,0.000016131454814247538,-0.0000010251317328567205,0.0000010251317328567205,-0.05975149718985012,0.05975149718985012,-5.975149718985012,5.975149718985012,0.05,RELATIVE_ERROR_NOT_BELOW_5_PERCENT
4,SUS,W+P1,displacement,250,,RX,-0.000020804324683772404,-0.000021896254348700374,-0.00000109192966492797,0.00000109192966492797,0.05248570580998896,0.05248570580998896,5.248570580998896,5.248570580998896,0.05,RELATIVE_ERROR_NOT_BELOW_5_PERCENT
4,SUS,W+P1,displacement,260,,RX,0.000025603980126756813,0.000027549318153998105,0.0000019453380272412915,0.0000019453380272412915,0.07597795411535894,0.07597795411535894,7.597795411535895,7.597795411535895,0.05,RELATIVE_ERROR_NOT_BELOW_5_PERCENT
4,SUS,W+P1,displacement,270,,RX,0.000018395770316020233,0.000020410084120112924,0.000002014313804092691,0.000002014313804092691,0.10949874723857013,0.10949874723857013,10.949874723857013,10.949874723857013,0.05,RELATIVE_ERROR_NOT_BELOW_5_PERCENT
4,SUS,W+P1,restraint,10:Rigid ANC,,RY,-23.714502,-26.02747711523586,-2.3129751152358615,2.3129751152358615,0.09753420566182927,0.09753420566182927,9.753420566182927,9.753420566182927,0.05,RELATIVE_ERROR_NOT_BELOW_5_PERCENT
4,SUS,W+P1,restraint,10:Rigid ANC,,UX,0.719317,3.7919307985841613,3.072613798584161,3.072613798584161,4.271571224625807,4.271571224625807,427.1571224625807,427.1571224625807,0.05,RELATIVE_ERROR_NOT_BELOW_5_PERCENT
4,SUS,W+P1,restraint,190:Rigid ANC,,RX,2.13679,2.570030541069883,0.4332405410698832,0.4332405410698832,0.20275298043789197,0.20275298043789197,20.275298043789196,20.275298043789196,0.05,RELATIVE_ERROR_NOT_BELOW_5_PERCENT
4,SUS,W+P1,restraint,240:Rigid ANC,,RY,5.845247,3.7618670051087517,-2.083379994891248,2.083379994891248,-0.35642291846542123,0.35642291846542123,-35.64229184654212,35.64229184654212,0.05,RELATIVE_ERROR_NOT_BELOW_5_PERCENT
4,SUS,W+P1,restraint,240:Rigid ANC,,RZ,13.319881,14.84525567743606,1.5253746774360586,1.5253746774360586,0.11451864152810813,0.11451864152810813,11.451864152810813,11.451864152810813,0.05,RELATIVE_ERROR_NOT_BELOW_5_PERCENT
4,SUS,W+P1,restraint,240:Rigid ANC,,UX,9.747059,6.3330057958953105,-3.4140532041046896,3.4140532041046896,-0.3502649572660522,0.3502649572660522,-35.02649572660522,35.02649572660522,0.05,RELATIVE_ERROR_NOT_BELOW_5_PERCENT
4,SUS,W+P1,restraint,240:Rigid ANC,,UZ,-1.336199,-1.4775051983985548,-0.14130619839855485,0.14130619839855485,0.10575236053802978,0.10575236053802978,10.575236053802978,10.575236053802978,0.05,RELATIVE_ERROR_NOT_BELOW_5_PERCENT
4,SUS,W+P1,globalForce,10-20,I,fx,0.719317,3.7919307985841613,3.072613798584161,3.072613798584161,4.271571224625807,4.271571224625807,427.1571224625807,427.1571224625807,0.05,RELATIVE_ERROR_NOT_BELOW_5_PERCENT
4,SUS,W+P1,globalForce,10-20,I,my,-23.714502,-26.02747711523586,-2.3129751152358615,2.3129751152358615,0.09753420566182927,0.09753420566182927,9.753420566182927,9.753420566182927,0.05,RELATIVE_ERROR_NOT_BELOW_5_PERCENT
4,SUS,W+P1,globalForce,10-20,J,fx,-0.719317,-3.7919307985841613,-3.072613798584161,3.072613798584161,4.271571224625807,4.271571224625807,427.1571224625807,427.1571224625807,0.05,RELATIVE_ERROR_NOT_BELOW_5_PERCENT
4,SUS,W+P1,globalForce,10-20,J,my,23.636814,25.617948619324217,1.9811346193242159,1.9811346193242159,0.08381563688423557,0.08381563688423557,8.381563688423558,8.381563688423558,0.05,RELATIVE_ERROR_NOT_BELOW_5_PERCENT
4,SUS,W+P1,globalForce,20-30,I,fx,0.719317,3.791930798584133,3.0726137985841326,3.0726137985841326,4.271571224625767,4.271571224625767,427.1571224625767,427.1571224625767,0.05,RELATIVE_ERROR_NOT_BELOW_5_PERCENT
4,SUS,W+P1,globalForce,20-30,I,my,-23.636814,-25.617948619324217,-1.9811346193242159,1.9811346193242159,0.08381563688423557,0.08381563688423557,8.381563688423558,8.381563688423558,0.05,RELATIVE_ERROR_NOT_BELOW_5_PERCENT
4,SUS,W+P1,globalForce,20-30,J,fx,-0.719317,-3.791930798584133,-3.0726137985841326,3.0726137985841326,4.271571224625767,4.271571224625767,427.1571224625767,427.1571224625767,0.05,RELATIVE_ERROR_NOT_BELOW_5_PERCENT
4,SUS,W+P1,globalForce,30-31,I,fx,-9.747059,-6.333005799911916,3.414053200088084,3.414053200088084,-0.35026495685396836,0.35026495685396836,-35.02649568539684,35.02649568539684,0.05,RELATIVE_ERROR_NOT_BELOW_5_PERCENT
4,SUS,W+P1,globalForce,30-31,I,fz,1.336199,1.4775051986798644,0.1413061986798645,0.1413061986798645,0.10575236074855954,0.10575236074855954,10.575236074855955,10.575236074855955,0.05,RELATIVE_ERROR_NOT_BELOW_5_PERCENT
4,SUS,W+P1,globalForce,30-31,I,mz,-71.642891,-76.42100597143872,-4.778114971438711,4.778114971438711,0.06669349749493932,0.06669349749493932,6.669349749493931,6.669349749493931,0.05,RELATIVE_ERROR_NOT_BELOW_5_PERCENT
4,SUS,W+P1,globalForce,30-31,J,fx,9.747059,6.333005799911916,-3.414053200088084,3.414053200088084,-0.35026495685396836,0.35026495685396836,-35.02649568539684,35.02649568539684,0.05,RELATIVE_ERROR_NOT_BELOW_5_PERCENT
4,SUS,W+P1,globalForce,30-31,J,fz,-1.336199,-1.4775051986798644,-0.1413061986798645,0.1413061986798645,0.10575236074855954,0.10575236074855954,10.575236074855955,10.575236074855955,0.05,RELATIVE_ERROR_NOT_BELOW_5_PERCENT
4,SUS,W+P1,globalForce,30-31,J,mz,72.199936,76.78293723703246,4.583001237032462,4.583001237032462,0.06347652769432459,0.06347652769432459,6.347652769432459,6.347652769432459,0.05,RELATIVE_ERROR_NOT_BELOW_5_PERCENT
4,SUS,W+P1,globalForce,31-198,I,fx,-9.747059,-6.333005798139311,3.414053201860689,3.414053201860689,-0.3502649570358289,0.3502649570358289,-35.02649570358289,35.02649570358289,0.05,RELATIVE_ERROR_NOT_BELOW_5_PERCENT
4,SUS,W+P1,globalForce,31-198,I,fz,1.336199,1.4775051984229322,0.14130619842293224,0.14130619842293224,0.10575236055627361,0.10575236055627361,10.57523605562736,10.57523605562736,0.05,RELATIVE_ERROR_NOT_BELOW_5_PERCENT
4,SUS,W+P1,globalForce,31-198,I,mz,-72.199936,-76.7829372370115,-4.583001237011501,4.583001237011501,0.06347652769403427,0.06347652769403427,6.347652769403426,6.347652769403426,0.05,RELATIVE_ERROR_NOT_BELOW_5_PERCENT
4,SUS,W+P1,globalForce,31-198,J,fx,9.747059,6.333005798139311,-3.414053201860689,3.414053201860689,-0.3502649570358289,0.3502649570358289,-35.02649570358289,35.02649570358289,0.05,RELATIVE_ERROR_NOT_BELOW_5_PERCENT
4,SUS,W+P1,globalForce,31-198,J,fz,-1.336199,-1.4775051984229322,-0.14130619842293224,0.14130619842293224,0.10575236055627361,0.10575236055627361,10.57523605562736,10.57523605562736,0.05,RELATIVE_ERROR_NOT_BELOW_5_PERCENT
4,SUS,W+P1,globalForce,31-198,J,mz,73.866219,77.8655703824021,3.9993513824020965,3.9993513824020965,0.05414317175760812,0.05414317175760812,5.414317175760812,5.414317175760812,0.05,RELATIVE_ERROR_NOT_BELOW_5_PERCENT
4,SUS,W+P1,globalForce,70-71,I,fx,1.398416,1.9800755688920617,0.5816595688920616,0.5816595688920616,0.4159417289934194,0.4159417289934194,41.59417289934194,41.59417289934194,0.05,RELATIVE_ERROR_NOT_BELOW_5_PERCENT
4,SUS,W+P1,globalForce,70-71,J,fx,-1.398416,-1.9800755688920617,-0.5816595688920616,0.5816595688920616,0.4159417289934194,0.4159417289934194,41.59417289934194,41.59417289934194,0.05,RELATIVE_ERROR_NOT_BELOW_5_PERCENT
4,SUS,W+P1,globalForce,70-80,I,my,7.677663,8.116592043904802,0.43892904390480236,0.43892904390480236,0.05716961579386883,0.05716961579386883,5.716961579386883,5.716961579386883,0.05,RELATIVE_ERROR_NOT_BELOW_5_PERCENT
4,SUS,W+P1,globalForce,70-80,J,my,0.033843,-0.35016012666346796,-0.384003126663468,0.384003126663468,-11.346604221359454,11.346604221359454,-1134.6604221359455,1134.6604221359455,0.05,RELATIVE_ERROR_NOT_BELOW_5_PERCENT
4,SUS,W+P1,globalForce,71-248,I,fx,1.398416,1.9800755883363763,0.5816595883363762,0.5816595883363762,0.4159417428979475,0.4159417428979475,41.59417428979475,41.59417428979475,0.05,RELATIVE_ERROR_NOT_BELOW_5_PERCENT
4,SUS,W+P1,globalForce,71-248,J,fx,-1.398436,-1.9800755883363763,-0.5816395883363763,0.5816395883363763,0.4159214925362164,0.4159214925362164,41.59214925362164,41.59214925362164,0.05,RELATIVE_ERROR_NOT_BELOW_5_PERCENT
4,SUS,W+P1,globalForce,80-90,I,my,-0.033843,0.3501601265234058,0.3840031265234058,0.3840031265234058,-11.346604217220868,11.346604217220868,-1134.6604217220868,1134.6604217220868,0.05,RELATIVE_ERROR_NOT_BELOW_5_PERCENT
4,SUS,W+P1,globalForce,100-101,I,fx,0,1.7229467630386353e-8,1.7229467630386353e-8,1.7229467630386353e-8,,,,,0.05,EXACT_ZERO_REFERENCE_MISMATCH
4,SUS,W+P1,globalForce,100-101,I,fz,0,1.3351382222026587e-9,1.3351382222026587e-9,1.3351382222026587e-9,,,,,0.05,EXACT_ZERO_REFERENCE_MISMATCH
4,SUS,W+P1,globalForce,100-101,I,mx,0,-8.412825991399586e-11,-8.412825991399586e-11,8.412825991399586e-11,,,,,0.05,EXACT_ZERO_REFERENCE_MISMATCH
4,SUS,W+P1,globalForce,100-101,I,my,0,-4.18367562815547e-11,-4.18367562815547e-11,4.18367562815547e-11,,,,,0.05,EXACT_ZERO_REFERENCE_MISMATCH
4,SUS,W+P1,globalForce,100-101,I,mz,0,2.8085196390748024e-9,2.8085196390748024e-9,2.8085196390748024e-9,,,,,0.05,EXACT_ZERO_REFERENCE_MISMATCH
4,SUS,W+P1,globalForce,100-101,J,fx,0,-1.7229467630386353e-8,-1.7229467630386353e-8,1.7229467630386353e-8,,,,,0.05,EXACT_ZERO_REFERENCE_MISMATCH
4,SUS,W+P1,globalForce,100-101,J,fz,0,-1.3351382222026587e-9,-1.3351382222026587e-9,1.3351382222026587e-9,,,,,0.05,EXACT_ZERO_REFERENCE_MISMATCH
4,SUS,W+P1,globalForce,100-101,J,mx,0,6.45741238258779e-11,6.45741238258779e-11,6.45741238258779e-11,,,,,0.05,EXACT_ZERO_REFERENCE_MISMATCH
4,SUS,W+P1,globalForce,100-101,J,my,0,4.18367562815547e-11,4.18367562815547e-11,4.18367562815547e-11,,,,,0.05,EXACT_ZERO_REFERENCE_MISMATCH
4,SUS,W+P1,globalForce,100-101,J,mz,0,-1.8335413187742233e-9,-1.8335413187742233e-9,1.8335413187742233e-9,,,,,0.05,EXACT_ZERO_REFERENCE_MISMATCH
4,SUS,W+P1,globalForce,101-280,I,fx,0,1.3242242857813835e-8,1.3242242857813835e-8,1.3242242857813835e-8,,,,,0.05,EXACT_ZERO_REFERENCE_MISMATCH
4,SUS,W+P1,globalForce,101-280,I,fz,0,5.409930281530251e-10,5.409930281530251e-10,5.409930281530251e-10,,,,,0.05,EXACT_ZERO_REFERENCE_MISMATCH
4,SUS,W+P1,globalForce,101-280,I,mx,0,-5.232170252611468e-11,-5.232170252611468e-11,5.232170252611468e-11,,,,,0.05,EXACT_ZERO_REFERENCE_MISMATCH
4,SUS,W+P1,globalForce,101-280,I,my,0,-4.1012526708072976e-11,-4.1012526708072976e-11,4.1012526708072976e-11,,,,,0.05,EXACT_ZERO_REFERENCE_MISMATCH
4,SUS,W+P1,globalForce,101-280,I,mz,0,1.3625651718029985e-9,1.3625651718029985e-9,1.3625651718029985e-9,,,,,0.05,EXACT_ZERO_REFERENCE_MISMATCH
4,SUS,W+P1,globalForce,101-280,J,fx,0,-1.3242242857813835e-8,-1.3242242857813835e-8,1.3242242857813835e-8,,,,,0.05,EXACT_ZERO_REFERENCE_MISMATCH
4,SUS,W+P1,globalForce,101-280,J,fz,0,-5.409930281530251e-10,-5.409930281530251e-10,5.409930281530251e-10,,,,,0.05,EXACT_ZERO_REFERENCE_MISMATCH
4,SUS,W+P1,globalForce,101-280,J,mx,0,4.026601274631503e-11,4.026601274631503e-11,4.026601274631503e-11,,,,,0.05,EXACT_ZERO_REFERENCE_MISMATCH
4,SUS,W+P1,globalForce,101-280,J,my,0,4.1012526708072976e-11,4.1012526708072976e-11,4.1012526708072976e-11,,,,,0.05,EXACT_ZERO_REFERENCE_MISMATCH
4,SUS,W+P1,globalForce,101-280,J,mz,0,-1.061437160387868e-9,-1.061437160387868e-9,1.061437160387868e-9,,,,,0.05,EXACT_ZERO_REFERENCE_MISMATCH
4,SUS,W+P1,globalForce,140-141,I,fx,0,1.7811544239521027e-8,1.7811544239521027e-8,1.7811544239521027e-8,,,,,0.05,EXACT_ZERO_REFERENCE_MISMATCH
4,SUS,W+P1,globalForce,140-141,I,fz,0,-9.313225746154785e-10,-9.313225746154785e-10,9.313225746154785e-10,,,,,0.05,EXACT_ZERO_REFERENCE_MISMATCH
4,SUS,W+P1,globalForce,140-141,I,my,0,1.6661942936480045e-9,1.6661942936480045e-9,1.6661942936480045e-9,,,,,0.05,EXACT_ZERO_REFERENCE_MISMATCH
4,SUS,W+P1,globalForce,140-141,I,mz,0,-5.820766091346741e-11,-5.820766091346741e-11,5.820766091346741e-11,,,,,0.05,EXACT_ZERO_REFERENCE_MISMATCH
4,SUS,W+P1,globalForce,140-141,J,fx,0,-1.7811544239521027e-8,-1.7811544239521027e-8,1.7811544239521027e-8,,,,,0.05,EXACT_ZERO_REFERENCE_MISMATCH
4,SUS,W+P1,globalForce,140-141,J,fz,0,9.313225746154785e-10,9.313225746154785e-10,9.313225746154785e-10,,,,,0.05,EXACT_ZERO_REFERENCE_MISMATCH
4,SUS,W+P1,globalForce,140-141,J,my,0,-8.585629984736443e-10,-8.585629984736443e-10,8.585629984736443e-10,,,,,0.05,EXACT_ZERO_REFERENCE_MISMATCH
4,SUS,W+P1,globalForce,140-141,J,mz,0,5.820766091346741e-11,5.820766091346741e-11,5.820766091346741e-11,,,,,0.05,EXACT_ZERO_REFERENCE_MISMATCH
4,SUS,W+P1,globalForce,141-320,I,fx,0,1.538819560664706e-8,1.538819560664706e-8,1.538819560664706e-8,,,,,0.05,EXACT_ZERO_REFERENCE_MISMATCH
4,SUS,W+P1,globalForce,141-320,I,fz,0,-1.1059455573558807e-9,-1.1059455573558807e-9,1.1059455573558807e-9,,,,,0.05,EXACT_ZERO_REFERENCE_MISMATCH
4,SUS,W+P1,globalForce,141-320,I,my,0,8.760885350511671e-10,8.760885350511671e-10,8.760885350511671e-10,,,,,0.05,EXACT_ZERO_REFERENCE_MISMATCH
4,SUS,W+P1,globalForce,141-320,I,mz,0,-5.823608262289781e-11,-5.823608262289781e-11,5.823608262289781e-11,,,,,0.05,EXACT_ZERO_REFERENCE_MISMATCH
4,SUS,W+P1,globalForce,141-320,J,fx,0,-1.538819560664706e-8,-1.538819560664706e-8,1.538819560664706e-8,,,,,0.05,EXACT_ZERO_REFERENCE_MISMATCH
4,SUS,W+P1,globalForce,141-320,J,fz,0,1.1059455573558807e-9,1.1059455573558807e-9,1.1059455573558807e-9,,,,,0.05,EXACT_ZERO_REFERENCE_MISMATCH
4,SUS,W+P1,globalForce,141-320,J,my,0,-5.96109828165936e-10,-5.96109828165936e-10,5.96109828165936e-10,,,,,0.05,EXACT_ZERO_REFERENCE_MISMATCH
4,SUS,W+P1,globalForce,141-320,J,mz,0,5.823608262289781e-11,5.823608262289781e-11,5.823608262289781e-11,,,,,0.05,EXACT_ZERO_REFERENCE_MISMATCH
4,SUS,W+P1,globalForce,151-150,I,fx,1.39848,1.9800756345503032,0.5815956345503033,0.5815956345503033,0.41587697682505526,0.41587697682505526,41.58769768250553,41.58769768250553,0.05,RELATIVE_ERROR_NOT_BELOW_5_PERCENT
4,SUS,W+P1,globalForce,151-150,I,my,-8.057933,-7.38573796970321,0.6721950302967903,0.6721950302967903,-0.08342028039905398,0.08342028039905398,-8.342028039905399,8.342028039905399,0.05,RELATIVE_ERROR_NOT_BELOW_5_PERCENT
4,SUS,W+P1,globalForce,151-150,J,fx,-1.39848,-1.9800756345503032,-0.5815956345503033,0.5815956345503033,0.41587697682505526,0.41587697682505526,41.58769768250553,41.58769768250553,0.05,RELATIVE_ERROR_NOT_BELOW_5_PERCENT
4,SUS,W+P1,globalForce,151-150,J,my,7.978009,7.272576653932996,-0.7054323460670044,0.7054323460670044,-0.08842210457107838,0.08842210457107838,-8.842210457107837,8.842210457107837,0.05,RELATIVE_ERROR_NOT_BELOW_5_PERCENT
4,SUS,W+P1,globalForce,180-190,J,mx,2.13679,2.570030541069883,0.4332405410698832,0.4332405410698832,0.20275298043789197,0.20275298043789197,20.275298043789196,20.275298043789196,0.05,RELATIVE_ERROR_NOT_BELOW_5_PERCENT
4,SUS,W+P1,globalForce,198-199,I,fx,-9.747059,-6.333005798040166,3.4140532019598337,3.4140532019598337,-0.35026495704600064,0.35026495704600064,-35.026495704600066,35.026495704600066,0.05,RELATIVE_ERROR_NOT_BELOW_5_PERCENT
4,SUS,W+P1,globalForce,198-199,I,fz,1.336199,1.477505198416111,0.14130619841611103,0.14130619841611103,0.10575236055116868,0.10575236055116868,10.575236055116868,10.575236055116868,0.05,RELATIVE_ERROR_NOT_BELOW_5_PERCENT
4,SUS,W+P1,globalForce,198-199,I,mz,-73.866219,-77.86557038240235,-3.9993513824023523,3.9993513824023523,0.05414317175761159,0.05414317175761159,5.414317175761159,5.414317175761159,0.05,RELATIVE_ERROR_NOT_BELOW_5_PERCENT
4,SUS,W+P1,globalForce,198-199,J,fx,9.747059,6.333005796584445,-3.4140532034155555,3.4140532034155555,-0.35026495719535045,0.35026495719535045,-35.02649571953504,35.02649571953504,0.05,RELATIVE_ERROR_NOT_BELOW_5_PERCENT
4,SUS,W+P1,globalForce,198-199,J,fz,-1.336199,-1.4775051982137484,-0.14130619821374846,0.14130619821374846,0.10575236039972224,0.10575236039972224,10.575236039972225,10.575236039972225,0.05,RELATIVE_ERROR_NOT_BELOW_5_PERCENT
4,SUS,W+P1,globalForce,198-199,J,mz,69.410858,73.06047999281239,3.649621992812385,3.649621992812385,0.052579986733666144,0.052579986733666144,5.257998673366615,5.257998673366615,0.05,RELATIVE_ERROR_NOT_BELOW_5_PERCENT
4,SUS,W+P1,globalForce,199-200,I,fx,-9.747059,-6.3330057970535165,3.4140532029464836,3.4140532029464836,-0.350264957147226,0.350264957147226,-35.0264957147226,35.0264957147226,0.05,RELATIVE_ERROR_NOT_BELOW_5_PERCENT
4,SUS,W+P1,globalForce,199-200,I,fz,1.336199,1.4775051983385765,0.1413061983385766,0.1413061983385766,0.10575236049314257,0.10575236049314257,10.575236049314258,10.575236049314258,0.05,RELATIVE_ERROR_NOT_BELOW_5_PERCENT
4,SUS,W+P1,globalForce,199-200,I,mz,-69.410858,-73.06047999281236,-3.6496219928123566,3.6496219928123566,0.052579986733665734,0.052579986733665734,5.257998673366574,5.257998673366574,0.05,RELATIVE_ERROR_NOT_BELOW_5_PERCENT
4,SUS,W+P1,globalForce,199-200,J,fx,9.747059,6.333005796930657,-3.4140532030693436,3.4140532030693436,-0.3502649571598308,0.3502649571598308,-35.02649571598308,35.02649571598308,0.05,RELATIVE_ERROR_NOT_BELOW_5_PERCENT
4,SUS,W+P1,globalForce,199-200,J,fz,-1.336199,-1.4775051984297534,-0.14130619842975345,0.14130619842975345,0.10575236056137854,0.10575236056137854,10.575236056137854,10.575236056137854,0.05,RELATIVE_ERROR_NOT_BELOW_5_PERCENT
4,SUS,W+P1,globalForce,199-200,J,mz,57.776066,61.1340592843607,3.3579932843607025,3.3579932843607025,0.05812083647856368,0.05812083647856368,5.812083647856368,5.812083647856368,0.05,RELATIVE_ERROR_NOT_BELOW_5_PERCENT
4,SUS,W+P1,globalForce,200-208,I,fx,-9.747059,-6.333005796706857,3.414053203293143,3.414053203293143,-0.35026495718279155,0.35026495718279155,-35.02649571827916,35.02649571827916,0.05,RELATIVE_ERROR_NOT_BELOW_5_PERCENT
4,SUS,W+P1,globalForce,200-208,I,fz,1.336199,1.4775051984165364,0.14130619841653647,0.14130619841653647,0.10575236055148707,0.10575236055148707,10.575236055148707,10.575236055148707,0.05,RELATIVE_ERROR_NOT_BELOW_5_PERCENT
4,SUS,W+P1,globalForce,200-208,I,mz,-57.776066,-61.1340592843601,-3.3579932843600986,3.3579932843600986,0.05812083647855322,0.05812083647855322,5.812083647855322,5.812083647855322,0.05,RELATIVE_ERROR_NOT_BELOW_5_PERCENT
4,SUS,W+P1,globalForce,200-208,J,fx,9.747059,6.333005796706857,-3.414053203293143,3.414053203293143,-0.35026495718279155,0.35026495718279155,-35.02649571827916,35.02649571827916,0.05,RELATIVE_ERROR_NOT_BELOW_5_PERCENT
4,SUS,W+P1,globalForce,200-208,J,fz,-1.336199,-1.4775051984165364,-0.14130619841653647,0.14130619841653647,0.10575236055148707,0.10575236055148707,10.575236055148707,10.575236055148707,0.05,RELATIVE_ERROR_NOT_BELOW_5_PERCENT
4,SUS,W+P1,globalForce,200-208,J,my,-0.700627,-0.5608327080879736,0.1397942919120264,0.1397942919120264,-0.199527411749799,0.199527411749799,-19.9527411749799,19.9527411749799,0.05,RELATIVE_ERROR_NOT_BELOW_5_PERCENT
4,SUS,W+P1,globalForce,200-208,J,mz,10.305908,8.839658539672506,-1.4662494603274947,1.4662494603274947,-0.142272710015216,0.142272710015216,-14.227271001521599,14.227271001521599,0.05,RELATIVE_ERROR_NOT_BELOW_5_PERCENT
4,SUS,W+P1,globalForce,208-209,I,fx,-9.747059,-6.333005796759645,3.414053203240355,3.414053203240355,-0.35026495717737577,0.35026495717737577,-35.026495717737575,35.026495717737575,0.05,RELATIVE_ERROR_NOT_BELOW_5_PERCENT
4,SUS,W+P1,globalForce,208-209,I,fz,1.336199,1.4775051984155994,0.14130619841559944,0.14130619841559944,0.10575236055078581,0.10575236055078581,10.57523605507858,10.57523605507858,0.05,RELATIVE_ERROR_NOT_BELOW_5_PERCENT
4,SUS,W+P1,globalForce,208-209,I,my,0.700627,0.5608327080879624,-0.13979429191203763,0.13979429191203763,-0.199527411749815,0.199527411749815,-19.9527411749815,19.9527411749815,0.05,RELATIVE_ERROR_NOT_BELOW_5_PERCENT
4,SUS,W+P1,globalForce,208-209,I,mz,-10.305908,-8.83965853967228,1.4662494603277203,1.4662494603277203,-0.1422727100152379,0.1422727100152379,-14.227271001523789,14.227271001523789,0.05,RELATIVE_ERROR_NOT_BELOW_5_PERCENT
4,SUS,W+P1,globalForce,208-209,J,fx,9.747059,6.333005796312804,-3.414053203687196,3.414053203687196,-0.35026495722321943,0.35026495722321943,-35.02649572232194,35.02649572232194,0.05,RELATIVE_ERROR_NOT_BELOW_5_PERCENT
4,SUS,W+P1,globalForce,208-209,J,fz,-1.336199,-1.4775051984117908,-0.14130619841179093,0.14130619841179093,0.10575236054793555,0.10575236054793555,10.575236054793555,10.575236054793555,0.05,RELATIVE_ERROR_NOT_BELOW_5_PERCENT
4,SUS,W+P1,globalForce,208-209,J,my,-0.592631,-0.44141733739373024,0.15121366260626978,0.15121366260626978,-0.25515651831623687,0.25515651831623687,-25.515651831623686,25.515651831623686,0.05,RELATIVE_ERROR_NOT_BELOW_5_PERCENT
4,SUS,W+P1,globalForce,208-209,J,mz,18.45122,16.921993408682123,-1.529226591317876,1.529226591317876,-0.08287942972431503,0.08287942972431503,-8.287942972431503,8.287942972431503,0.05,RELATIVE_ERROR_NOT_BELOW_5_PERCENT
4,SUS,W+P1,globalForce,209-210,I,fx,-9.747059,-6.3330057959000285,3.4140532040999716,3.4140532040999716,-0.35026495726556817,0.35026495726556817,-35.02649572655682,35.02649572655682,0.05,RELATIVE_ERROR_NOT_BELOW_5_PERCENT
4,SUS,W+P1,globalForce,209-210,I,fz,1.336199,1.47750519842009,0.14130619842009007,0.14130619842009007,0.10575236055414655,0.10575236055414655,10.575236055414655,10.575236055414655,0.05,RELATIVE_ERROR_NOT_BELOW_5_PERCENT
4,SUS,W+P1,globalForce,209-210,I,my,0.592631,0.4414173373937871,-0.15121366260621294,0.15121366260621294,-0.25515651831614095,0.25515651831614095,-25.515651831614093,25.515651831614093,0.05,RELATIVE_ERROR_NOT_BELOW_5_PERCENT
4,SUS,W+P1,globalForce,209-210,I,mz,-18.45122,-16.92199340868185,1.5292265913181495,1.5292265913181495,-0.08287942972432986,0.08287942972432986,-8.287942972432987,8.287942972432987,0.05,RELATIVE_ERROR_NOT_BELOW_5_PERCENT
4,SUS,W+P1,globalForce,209-210,J,fx,9.747059,6.333005795892138,-3.414053204107862,3.414053204107862,-0.3502649572663777,0.3502649572663777,-35.02649572663777,35.02649572663777,0.05,RELATIVE_ERROR_NOT_BELOW_5_PERCENT
4,SUS,W+P1,globalForce,209-210,J,fz,-1.336199,-1.477505198426286,-0.141306198426286,0.141306198426286,0.10575236055878354,0.10575236055878354,10.575236055878353,10.575236055878353,0.05,RELATIVE_ERROR_NOT_BELOW_5_PERCENT
4,SUS,W+P1,globalForce,209-210,J,my,-0.547898,-0.39195387129617687,0.15594412870382313,0.15594412870382313,-0.2846225551176006,0.2846225551176006,-28.46225551176006,28.46225551176006,0.05,RELATIVE_ERROR_NOT_BELOW_5_PERCENT
4,SUS,W+P1,globalForce,209-210,J,mz,21.461168,20.134896019922678,-1.3262719800773226,1.3262719800773226,-0.06179868589059657,0.06179868589059657,-6.179868589059657,6.179868589059657,0.05,RELATIVE_ERROR_NOT_BELOW_5_PERCENT
4,SUS,W+P1,globalForce,210-218,I,fx,-9.747059,-6.333005795880283,3.4140532041197176,3.4140532041197176,-0.350264957267594,0.350264957267594,-35.0264957267594,35.0264957267594,0.05,RELATIVE_ERROR_NOT_BELOW_5_PERCENT
4,SUS,W+P1,globalForce,210-218,I,fz,1.336199,1.4775051984269254,0.1413061984269255,0.1413061984269255,0.10575236055926213,0.10575236055926213,10.575236055926213,10.575236055926213,0.05,RELATIVE_ERROR_NOT_BELOW_5_PERCENT
4,SUS,W+P1,globalForce,210-218,I,my,0.547898,0.3919538712961743,-0.15594412870382568,0.15594412870382568,-0.28462255511760526,0.28462255511760526,-28.462255511760524,28.462255511760524,0.05,RELATIVE_ERROR_NOT_BELOW_5_PERCENT
4,SUS,W+P1,globalForce,210-218,I,mz,-21.461168,-20.134896019922323,1.3262719800776779,1.3262719800776779,-0.061798685890613124,0.061798685890613124,-6.1798685890613125,6.1798685890613125,0.05,RELATIVE_ERROR_NOT_BELOW_5_PERCENT
4,SUS,W+P1,globalForce,210-218,J,fx,9.747059,6.333005795880283,-3.4140532041197176,3.4140532041197176,-0.350264957267594,0.350264957267594,-35.0264957267594,35.0264957267594,0.05,RELATIVE_ERROR_NOT_BELOW_5_PERCENT
4,SUS,W+P1,globalForce,210-218,J,fz,-1.336199,-1.4775051984269254,-0.1413061984269255,0.1413061984269255,0.10575236055926213,0.10575236055926213,10.575236055926213,10.575236055926213,0.05,RELATIVE_ERROR_NOT_BELOW_5_PERCENT
4,SUS,W+P1,globalForce,210-218,J,my,-0.547898,-0.3919538712961743,0.15594412870382568,0.15594412870382568,-0.28462255511760526,0.28462255511760526,-28.462255511760524,28.462255511760524,0.05,RELATIVE_ERROR_NOT_BELOW_5_PERCENT
4,SUS,W+P1,globalForce,210-218,J,mz,14.433978,15.56911820824191,1.1351402082419106,1.1351402082419106,0.07864361496476652,0.07864361496476652,7.8643614964766515,7.8643614964766515,0.05,RELATIVE_ERROR_NOT_BELOW_5_PERCENT
4,SUS,W+P1,globalForce,218-219,I,fx,-9.747059,-6.333005795881945,3.414053204118055,3.414053204118055,-0.3502649572674234,0.3502649572674234,-35.02649572674234,35.02649572674234,0.05,RELATIVE_ERROR_NOT_BELOW_5_PERCENT
4,SUS,W+P1,globalForce,218-219,I,fz,1.336199,1.4775051984234988,0.1413061984234989,0.1413061984234989,0.10575236055669769,0.10575236055669769,10.57523605566977,10.57523605566977,0.05,RELATIVE_ERROR_NOT_BELOW_5_PERCENT
4,SUS,W+P1,globalForce,218-219,I,my,0.547898,0.3919538712961583,-0.15594412870384172,0.15594412870384172,-0.2846225551176345,0.2846225551176345,-28.462255511763452,28.462255511763452,0.05,RELATIVE_ERROR_NOT_BELOW_5_PERCENT
4,SUS,W+P1,globalForce,218-219,I,mz,-14.433978,-15.569118208241886,-1.1351402082418858,1.1351402082418858,0.0786436149647648,0.0786436149647648,7.86436149647648,7.86436149647648,0.05,RELATIVE_ERROR_NOT_BELOW_5_PERCENT
4,SUS,W+P1,globalForce,218-219,J,fx,9.747059,6.333005795894735,-3.414053204105265,3.414053204105265,-0.35026495726611123,0.35026495726611123,-35.026495726611124,35.026495726611124,0.05,RELATIVE_ERROR_NOT_BELOW_5_PERCENT
4,SUS,W+P1,globalForce,218-219,J,fz,-1.336199,-1.477505198428986,-0.14130619842898606,0.14130619842898606,0.10575236056080424,0.10575236056080424,10.575236056080424,10.575236056080424,0.05,RELATIVE_ERROR_NOT_BELOW_5_PERCENT
4,SUS,W+P1,globalForce,218-219,J,my,-0.221587,-0.17993944467011502,0.04164755532988498,0.04164755532988498,-0.18795125765448778,0.18795125765448778,-18.795125765448777,18.795125765448777,0.05,RELATIVE_ERROR_NOT_BELOW_5_PERCENT
4,SUS,W+P1,globalForce,218-219,J,mz,13.646193,15.057270104062525,1.4110771040625245,1.4110771040625245,0.10340445163442467,0.10340445163442467,10.340445163442467,10.340445163442467,0.05,RELATIVE_ERROR_NOT_BELOW_5_PERCENT
4,SUS,W+P1,globalForce,219-220,I,fx,-9.747059,-6.333005795895588,3.4140532041044125,3.4140532041044125,-0.3502649572660238,0.3502649572660238,-35.02649572660238,35.02649572660238,0.05,RELATIVE_ERROR_NOT_BELOW_5_PERCENT
4,SUS,W+P1,globalForce,219-220,I,fz,1.336199,1.4775051984349545,0.14130619843495462,0.14130619843495462,0.10575236056527107,0.10575236056527107,10.575236056527107,10.575236056527107,0.05,RELATIVE_ERROR_NOT_BELOW_5_PERCENT
4,SUS,W+P1,globalForce,219-220,I,my,0.221587,0.17993944467008482,-0.04164755532991518,0.04164755532991518,-0.18795125765462406,0.18795125765462406,-18.795125765462405,18.795125765462405,0.05,RELATIVE_ERROR_NOT_BELOW_5_PERCENT
4,SUS,W+P1,globalForce,219-220,I,mz,-13.646193,-15.057270104062415,-1.4110771040624144,1.4110771040624144,0.1034044516344166,0.1034044516344166,10.34044516344166,10.34044516344166,0.05,RELATIVE_ERROR_NOT_BELOW_5_PERCENT
4,SUS,W+P1,globalForce,219-220,J,fx,9.747059,6.333005795895281,-3.414053204104719,3.414053204104719,-0.3502649572660552,0.3502649572660552,-35.026495726605525,35.026495726605525,0.05,RELATIVE_ERROR_NOT_BELOW_5_PERCENT
4,SUS,W+P1,globalForce,219-220,J,fz,-1.336199,-1.4775051983979992,-0.1413061983979993,0.1413061983979993,0.10575236053761401,0.10575236053761401,10.575236053761401,10.575236053761401,0.05,RELATIVE_ERROR_NOT_BELOW_5_PERCENT
4,SUS,W+P1,globalForce,219-220,J,my,0.566199,0.3319086595096456,-0.2342903404903544,0.2342903404903544,-0.4137950446580697,0.4137950446580697,-41.379504465806974,41.379504465806974,0.05,RELATIVE_ERROR_NOT_BELOW_5_PERCENT
4,SUS,W+P1,globalForce,219-220,J,mz,13.319881,14.84525567743607,1.5253746774360692,1.5253746774360692,0.11451864152810894,0.11451864152810894,11.451864152810893,11.451864152810893,0.05,RELATIVE_ERROR_NOT_BELOW_5_PERCENT
4,SUS,W+P1,globalForce,220-230,I,fx,-9.747059,-6.333005795895306,3.414053204104694,3.414053204104694,-0.35026495726605267,0.35026495726605267,-35.02649572660527,35.02649572660527,0.05,RELATIVE_ERROR_NOT_BELOW_5_PERCENT
4,SUS,W+P1,globalForce,220-230,I,fz,1.336199,1.4775051983985548,0.14130619839855485,0.14130619839855485,0.10575236053802978,0.10575236053802978,10.575236053802978,10.575236053802978,0.05,RELATIVE_ERROR_NOT_BELOW_5_PERCENT
4,SUS,W+P1,globalForce,220-230,I,my,-0.566199,-0.3319086595096482,0.2342903404903518,0.2342903404903518,-0.4137950446580651,0.4137950446580651,-41.37950446580651,41.37950446580651,0.05,RELATIVE_ERROR_NOT_BELOW_5_PERCENT
4,SUS,W+P1,globalForce,220-230,I,mz,-13.319881,-14.84525567743606,-1.5253746774360586,1.5253746774360586,0.11451864152810813,0.11451864152810813,11.451864152810813,11.451864152810813,0.05,RELATIVE_ERROR_NOT_BELOW_5_PERCENT
4,SUS,W+P1,globalForce,220-230,J,fx,9.747059,6.333005795895306,-3.414053204104694,3.414053204104694,-0.35026495726605267,0.35026495726605267,-35.02649572660527,35.02649572660527,0.05,RELATIVE_ERROR_NOT_BELOW_5_PERCENT
4,SUS,W+P1,globalForce,220-230,J,fz,-1.336199,-1.477505198398555,-0.14130619839855507,0.14130619839855507,0.10575236053802994,0.10575236053802994,10.575236053802994,10.575236053802994,0.05,RELATIVE_ERROR_NOT_BELOW_5_PERCENT
4,SUS,W+P1,globalForce,220-230,J,my,1.481446,0.9265730843268067,-0.5548729156731933,0.5548729156731933,-0.37454818850852023,0.37454818850852023,-37.45481885085202,37.45481885085202,0.05,RELATIVE_ERROR_NOT_BELOW_5_PERCENT
4,SUS,W+P1,globalForce,220-230,J,mz,13.319881,14.845255677436061,1.5253746774360604,1.5253746774360604,0.11451864152810827,0.11451864152810827,11.451864152810828,11.451864152810828,0.05,RELATIVE_ERROR_NOT_BELOW_5_PERCENT
4,SUS,W+P1,globalForce,230-240,I,fx,-9.747059,-6.3330057958953105,3.4140532041046896,3.4140532041046896,-0.3502649572660522,0.3502649572660522,-35.02649572660522,35.02649572660522,0.05,RELATIVE_ERROR_NOT_BELOW_5_PERCENT
4,SUS,W+P1,globalForce,230-240,I,fz,1.336199,1.4775051983985548,0.14130619839855485,0.14130619839855485,0.10575236053802978,0.10575236053802978,10.575236053802978,10.575236053802978,0.05,RELATIVE_ERROR_NOT_BELOW_5_PERCENT
4,SUS,W+P1,globalForce,230-240,I,my,-1.481446,-0.9265730843268063,0.5548729156731937,0.5548729156731937,-0.37454818850852056,0.37454818850852056,-37.45481885085206,37.45481885085206,0.05,RELATIVE_ERROR_NOT_BELOW_5_PERCENT
4,SUS,W+P1,globalForce,230-240,I,mz,-13.319881,-14.84525567743606,-1.5253746774360586,1.5253746774360586,0.11451864152810813,0.11451864152810813,11.451864152810813,11.451864152810813,0.05,RELATIVE_ERROR_NOT_BELOW_5_PERCENT
4,SUS,W+P1,globalForce,230-240,J,fx,9.747059,6.3330057958953105,-3.4140532041046896,3.4140532041046896,-0.3502649572660522,0.3502649572660522,-35.02649572660522,35.02649572660522,0.05,RELATIVE_ERROR_NOT_BELOW_5_PERCENT
4,SUS,W+P1,globalForce,230-240,J,fz,-1.336199,-1.4775051983985548,-0.14130619839855485,0.14130619839855485,0.10575236053802978,0.10575236053802978,10.575236053802978,10.575236053802978,0.05,RELATIVE_ERROR_NOT_BELOW_5_PERCENT
4,SUS,W+P1,globalForce,230-240,J,my,5.845247,3.7618670051087517,-2.083379994891248,2.083379994891248,-0.35642291846542123,0.35642291846542123,-35.64229184654212,35.64229184654212,0.05,RELATIVE_ERROR_NOT_BELOW_5_PERCENT
4,SUS,W+P1,globalForce,230-240,J,mz,13.319881,14.84525567743606,1.5253746774360586,1.5253746774360586,0.11451864152810813,0.11451864152810813,11.451864152810813,11.451864152810813,0.05,RELATIVE_ERROR_NOT_BELOW_5_PERCENT
4,SUS,W+P1,globalForce,248-249,I,fx,1.398436,1.980075587205647,0.581639587205647,0.581639587205647,0.4159214917276493,0.4159214917276493,41.592149172764934,41.592149172764934,0.05,RELATIVE_ERROR_NOT_BELOW_5_PERCENT
4,SUS,W+P1,globalForce,248-249,J,fx,-1.398436,-1.9800755826108798,-0.5816395826108798,0.5816395826108798,0.41592148844200216,0.41592148844200216,41.59214884420022,41.59214884420022,0.05,RELATIVE_ERROR_NOT_BELOW_5_PERCENT
4,SUS,W+P1,globalForce,249-250,I,fx,1.398436,1.98007558619247,0.5816395861924699,0.5816395861924699,0.415921491003142,0.415921491003142,41.5921491003142,41.5921491003142,0.05,RELATIVE_ERROR_NOT_BELOW_5_PERCENT
4,SUS,W+P1,globalForce,249-250,J,fx,-1.398436,-1.9800755801443302,-0.5816395801443301,0.5816395801443301,0.4159214866782106,0.4159214866782106,41.592148667821064,41.592148667821064,0.05,RELATIVE_ERROR_NOT_BELOW_5_PERCENT
4,SUS,W+P1,globalForce,250-260,I,fx,1.398436,1.9800755802915404,0.5816395802915404,0.5816395802915404,0.4159214867834784,0.4159214867834784,41.59214867834784,41.59214867834784,0.05,RELATIVE_ERROR_NOT_BELOW_5_PERCENT
4,SUS,W+P1,globalForce,250-260,J,fx,-1.398436,-1.9800755802915404,-0.5816395802915404,0.5816395802915404,0.4159214867834784,0.4159214867834784,41.59214867834784,41.59214867834784,0.05,RELATIVE_ERROR_NOT_BELOW_5_PERCENT
4,SUS,W+P1,globalForce,250-260,J,mx,0.050578,0.3417164147648668,0.2911384147648668,0.2911384147648668,5.756226319049128,5.756226319049128,575.6226319049129,575.6226319049129,0.05,RELATIVE_ERROR_NOT_BELOW_5_PERCENT
4,SUS,W+P1,globalForce,260-270,I,fx,1.398436,1.9800755804135406,0.5816395804135406,0.5816395804135406,0.41592148687071884,0.41592148687071884,41.592148687071884,41.592148687071884,0.05,RELATIVE_ERROR_NOT_BELOW_5_PERCENT
4,SUS,W+P1,globalForce,260-270,I,mx,-0.050578,-0.34171641478705794,-0.29113841478705793,0.29113841478705793,5.756226319487879,5.756226319487879,575.6226319487879,575.6226319487879,0.05,RELATIVE_ERROR_NOT_BELOW_5_PERCENT
4,SUS,W+P1,globalForce,260-270,J,fx,-1.398436,-1.9800755804135406,-0.5816395804135406,0.5816395804135406,0.41592148687071884,0.41592148687071884,41.592148687071884,41.592148687071884,0.05,RELATIVE_ERROR_NOT_BELOW_5_PERCENT
4,SUS,W+P1,globalForce,260-270,J,my,8.102334,7.448606164346529,-0.6537278356534717,0.6537278356534717,-0.08068389129027162,0.08068389129027162,-8.068389129027162,8.068389129027162,0.05,RELATIVE_ERROR_NOT_BELOW_5_PERCENT
4,SUS,W+P1,globalForce,270-151,I,fx,1.398436,1.9800755802907588,0.5816395802907588,0.5816395802907588,0.41592148678291946,0.41592148678291946,41.59214867829195,41.59214867829195,0.05,RELATIVE_ERROR_NOT_BELOW_5_PERCENT
4,SUS,W+P1,globalForce,270-151,I,my,-8.102334,-7.448606164352661,0.6537278356473397,0.6537278356473397,-0.08068389128951481,0.08068389128951481,-8.06838912895148,8.06838912895148,0.05,RELATIVE_ERROR_NOT_BELOW_5_PERCENT
4,SUS,W+P1,globalForce,270-151,J,fx,-1.39848,-1.9800755802907588,-0.5815955802907589,0.5815955802907589,0.41587693802611325,0.41587693802611325,41.58769380261133,41.58769380261133,0.05,RELATIVE_ERROR_NOT_BELOW_5_PERCENT
4,SUS,W+P1,globalForce,270-151,J,my,8.057933,7.3857379716418095,-0.6721950283581908,0.6721950283581908,-0.08342028015847125,0.08342028015847125,-8.342028015847125,8.342028015847125,0.05,RELATIVE_ERROR_NOT_BELOW_5_PERCENT
4,SUS,W+P1,globalForce,280-290,I,fx,0,1.3037606549914926e-8,1.3037606549914926e-8,1.3037606549914926e-8,,,,,0.05,EXACT_ZERO_REFERENCE_MISMATCH
4,SUS,W+P1,globalForce,280-290,I,fz,0,5.468905328598339e-10,5.468905328598339e-10,5.468905328598339e-10,,,,,0.05,EXACT_ZERO_REFERENCE_MISMATCH
4,SUS,W+P1,globalForce,280-290,I,mx,0,-4.0114134236546306e-11,-4.0114134236546306e-11,4.0114134236546306e-11,,,,,0.05,EXACT_ZERO_REFERENCE_MISMATCH
4,SUS,W+P1,globalForce,280-290,I,my,0,-4.099831585335778e-11,-4.099831585335778e-11,4.099831585335778e-11,,,,,0.05,EXACT_ZERO_REFERENCE_MISMATCH
4,SUS,W+P1,globalForce,280-290,I,mz,0,1.0627587698763818e-9,1.0627587698763818e-9,1.0627587698763818e-9,,,,,0.05,EXACT_ZERO_REFERENCE_MISMATCH
4,SUS,W+P1,globalForce,280-290,J,fx,0,-1.3037606549914926e-8,-1.3037606549914926e-8,1.3037606549914926e-8,,,,,0.05,EXACT_ZERO_REFERENCE_MISMATCH
4,SUS,W+P1,globalForce,280-290,J,fz,0,-5.468905328598339e-10,-5.468905328598339e-10,5.468905328598339e-10,,,,,0.05,EXACT_ZERO_REFERENCE_MISMATCH
4,SUS,W+P1,globalForce,280-290,J,mx,0,1.290301199219357e-11,1.290301199219357e-11,1.290301199219357e-11,,,,,0.05,EXACT_ZERO_REFERENCE_MISMATCH
4,SUS,W+P1,globalForce,280-290,J,my,0,4.099831585335778e-11,4.099831585335778e-11,4.099831585335778e-11,,,,,0.05,EXACT_ZERO_REFERENCE_MISMATCH
4,SUS,W+P1,globalForce,280-290,J,mz,0,-4.084199645149056e-10,-4.084199645149056e-10,4.084199645149056e-10,,,,,0.05,EXACT_ZERO_REFERENCE_MISMATCH
4,SUS,W+P1,globalForce,290-300,I,fx,0,-1.0943040251731873e-8,-1.0943040251731873e-8,1.0943040251731873e-8,,,,,0.05,EXACT_ZERO_REFERENCE_MISMATCH
4,SUS,W+P1,globalForce,290-300,I,fz,0,6.84849510435015e-10,6.84849510435015e-10,6.84849510435015e-10,,,,,0.05,EXACT_ZERO_REFERENCE_MISMATCH
4,SUS,W+P1,globalForce,290-300,I,mx,0,-1.8189894035458565e-11,-1.8189894035458565e-11,1.8189894035458565e-11,,,,,0.05,EXACT_ZERO_REFERENCE_MISMATCH
4,SUS,W+P1,globalForce,290-300,I,my,0,-4.3655745685100555e-11,-4.3655745685100555e-11,4.3655745685100555e-11,,,,,0.05,EXACT_ZERO_REFERENCE_MISMATCH
4,SUS,W+P1,globalForce,290-300,I,mz,0,6.402842700481415e-10,6.402842700481415e-10,6.402842700481415e-10,,,,,0.05,EXACT_ZERO_REFERENCE_MISMATCH
4,SUS,W+P1,globalForce,290-300,J,fx,0,1.0943040251731873e-8,1.0943040251731873e-8,1.0943040251731873e-8,,,,,0.05,EXACT_ZERO_REFERENCE_MISMATCH
4,SUS,W+P1,globalForce,290-300,J,fy,0,-2.4074555904363137e-8,-2.4074555904363137e-8,2.4074555904363137e-8,,,,,0.05,EXACT_ZERO_REFERENCE_MISMATCH
4,SUS,W+P1,globalForce,290-300,J,fz,0,-6.84849510435015e-10,-6.84849510435015e-10,6.84849510435015e-10,,,,,0.05,EXACT_ZERO_REFERENCE_MISMATCH
4,SUS,W+P1,globalForce,290-300,J,mx,0,8.185452315956354e-12,8.185452315956354e-12,8.185452315956354e-12,,,,,0.05,EXACT_ZERO_REFERENCE_MISMATCH
4,SUS,W+P1,globalForce,290-300,J,my,0,4.3655745685100555e-11,4.3655745685100555e-11,4.3655745685100555e-11,,,,,0.05,EXACT_ZERO_REFERENCE_MISMATCH
4,SUS,W+P1,globalForce,290-300,J,mz,0,-8.731149137020111e-10,-8.731149137020111e-10,8.731149137020111e-10,,,,,0.05,EXACT_ZERO_REFERENCE_MISMATCH
4,SUS,W+P1,globalForce,300-310,I,fx,0,1.0360963642597198e-8,1.0360963642597198e-8,1.0360963642597198e-8,,,,,0.05,EXACT_ZERO_REFERENCE_MISMATCH
4,SUS,W+P1,globalForce,300-310,I,fz,0,3.6197889130562544e-10,3.6197889130562544e-10,3.6197889130562544e-10,,,,,0.05,EXACT_ZERO_REFERENCE_MISMATCH
4,SUS,W+P1,globalForce,300-310,I,mx,0,-1.0913936421275139e-11,-1.0913936421275139e-11,1.0913936421275139e-11,,,,,0.05,EXACT_ZERO_REFERENCE_MISMATCH
4,SUS,W+P1,globalForce,300-310,I,mz,0,6.402842700481415e-10,6.402842700481415e-10,6.402842700481415e-10,,,,,0.05,EXACT_ZERO_REFERENCE_MISMATCH
4,SUS,W+P1,globalForce,300-310,J,fx,0,-1.0360963642597198e-8,-1.0360963642597198e-8,1.0360963642597198e-8,,,,,0.05,EXACT_ZERO_REFERENCE_MISMATCH
4,SUS,W+P1,globalForce,300-310,J,fz,0,-3.6197889130562544e-10,-3.6197889130562544e-10,3.6197889130562544e-10,,,,,0.05,EXACT_ZERO_REFERENCE_MISMATCH
4,SUS,W+P1,globalForce,300-310,J,mx,0,-2.7284841053187847e-12,-2.7284841053187847e-12,2.7284841053187847e-12,,,,,0.05,EXACT_ZERO_REFERENCE_MISMATCH
4,SUS,W+P1,globalForce,300-310,J,mz,0,-1.4551915228366852e-10,-1.4551915228366852e-10,1.4551915228366852e-10,,,,,0.05,EXACT_ZERO_REFERENCE_MISMATCH
4,SUS,W+P1,globalForce,320-330,I,fx,0,1.5446403267560527e-8,1.5446403267560527e-8,1.5446403267560527e-8,,,,,0.05,EXACT_ZERO_REFERENCE_MISMATCH
4,SUS,W+P1,globalForce,320-330,I,fz,0,-1.076841726899147e-9,-1.076841726899147e-9,1.076841726899147e-9,,,,,0.05,EXACT_ZERO_REFERENCE_MISMATCH
4,SUS,W+P1,globalForce,320-330,I,my,0,5.947082826196493e-10,5.947082826196493e-10,5.947082826196493e-10,,,,,0.05,EXACT_ZERO_REFERENCE_MISMATCH
4,SUS,W+P1,globalForce,320-330,I,mz,0,-5.827871518704342e-11,-5.827871518704342e-11,5.827871518704342e-11,,,,,0.05,EXACT_ZERO_REFERENCE_MISMATCH
4,SUS,W+P1,globalForce,320-330,J,fx,0,-1.5446403267560527e-8,-1.5446403267560527e-8,1.5446403267560527e-8,,,,,0.05,EXACT_ZERO_REFERENCE_MISMATCH
4,SUS,W+P1,globalForce,320-330,J,fz,0,1.076841726899147e-9,1.076841726899147e-9,1.076841726899147e-9,,,,,0.05,EXACT_ZERO_REFERENCE_MISMATCH
4,SUS,W+P1,globalForce,320-330,J,my,0,1.751985223563679e-10,1.751985223563679e-10,1.751985223563679e-10,,,,,0.05,EXACT_ZERO_REFERENCE_MISMATCH
4,SUS,W+P1,globalForce,320-330,J,mz,0,5.827871518704342e-11,5.827871518704342e-11,5.827871518704342e-11,,,,,0.05,EXACT_ZERO_REFERENCE_MISMATCH
4,SUS,W+P1,globalForce,330-340,I,fx,0,1.664739102125168e-8,1.664739102125168e-8,1.664739102125168e-8,,,,,0.05,EXACT_ZERO_REFERENCE_MISMATCH
4,SUS,W+P1,globalForce,330-340,I,my,0,-1.7462298274040222e-10,-1.7462298274040222e-10,1.7462298274040222e-10,,,,,0.05,EXACT_ZERO_REFERENCE_MISMATCH
4,SUS,W+P1,globalForce,330-340,J,fx,0,-1.664739102125168e-8,-1.664739102125168e-8,1.664739102125168e-8,,,,,0.05,EXACT_ZERO_REFERENCE_MISMATCH
4,SUS,W+P1,globalForce,330-340,J,fy,0,-1.5747751991312953e-9,-1.5747751991312953e-9,1.5747751991312953e-9,,,,,0.05,EXACT_ZERO_REFERENCE_MISMATCH
4,SUS,W+P1,globalForce,330-340,J,mx,0,-2.8661398254747894e-10,-2.8661398254747894e-10,2.8661398254747894e-10,,,,,0.05,EXACT_ZERO_REFERENCE_MISMATCH
4,SUS,W+P1,globalForce,330-340,J,my,0,-1.0186340659856796e-10,-1.0186340659856796e-10,1.0186340659856796e-10,,,,,0.05,EXACT_ZERO_REFERENCE_MISMATCH
4,SUS,W+P1,localForce,10-20,I,fy,0.719317,3.7919307985841613,3.072613798584161,3.072613798584161,4.271571224625807,4.271571224625807,427.1571224625807,427.1571224625807,0.05,RELATIVE_ERROR_NOT_BELOW_5_PERCENT
4,SUS,W+P1,localForce,10-20,I,mz,23.714502,26.02747711523586,2.3129751152358615,2.3129751152358615,0.09753420566182927,0.09753420566182927,9.753420566182927,9.753420566182927,0.05,RELATIVE_ERROR_NOT_BELOW_5_PERCENT
4,SUS,W+P1,localForce,10-20,J,fy,-0.719317,-3.7919307985841613,-3.072613798584161,3.072613798584161,4.271571224625807,4.271571224625807,427.1571224625807,427.1571224625807,0.05,RELATIVE_ERROR_NOT_BELOW_5_PERCENT
4,SUS,W+P1,localForce,10-20,J,mz,-23.636814,-25.617948619324217,-1.9811346193242159,1.9811346193242159,0.08381563688423557,0.08381563688423557,8.381563688423558,8.381563688423558,0.05,RELATIVE_ERROR_NOT_BELOW_5_PERCENT
4,SUS,W+P1,localForce,20-30,I,fy,0.719317,3.791930798584133,3.0726137985841326,3.0726137985841326,4.271571224625767,4.271571224625767,427.1571224625767,427.1571224625767,0.05,RELATIVE_ERROR_NOT_BELOW_5_PERCENT
4,SUS,W+P1,localForce,20-30,I,mz,23.636814,25.617948619324217,1.9811346193242159,1.9811346193242159,0.08381563688423557,0.08381563688423557,8.381563688423558,8.381563688423558,0.05,RELATIVE_ERROR_NOT_BELOW_5_PERCENT
4,SUS,W+P1,localForce,20-30,J,fy,0.719317,3.791930798584133,3.0726137985841326,3.0726137985841326,4.271571224625767,4.271571224625767,427.1571224625767,427.1571224625767,0.05,RELATIVE_ERROR_NOT_BELOW_5_PERCENT
4,SUS,W+P1,localForce,30-31,I,fy,9.747059,6.333005799911916,-3.414053200088084,3.414053200088084,-0.35026495685396836,0.35026495685396836,-35.02649568539684,35.02649568539684,0.05,RELATIVE_ERROR_NOT_BELOW_5_PERCENT
4,SUS,W+P1,localForce,30-31,I,fz,1.336199,1.4775051986798644,0.1413061986798645,0.1413061986798645,0.10575236074855954,0.10575236074855954,10.575236074855955,10.575236074855955,0.05,RELATIVE_ERROR_NOT_BELOW_5_PERCENT
4,SUS,W+P1,localForce,30-31,I,mz,-71.642891,-76.42100597143872,-4.778114971438711,4.778114971438711,0.06669349749493932,0.06669349749493932,6.669349749493931,6.669349749493931,0.05,RELATIVE_ERROR_NOT_BELOW_5_PERCENT
4,SUS,W+P1,localForce,30-31,J,fy,-9.747059,-6.333005799911916,3.414053200088084,3.414053200088084,-0.35026495685396836,0.35026495685396836,-35.02649568539684,35.02649568539684,0.05,RELATIVE_ERROR_NOT_BELOW_5_PERCENT
4,SUS,W+P1,localForce,30-31,J,fz,-1.336199,-1.4775051986798644,-0.1413061986798645,0.1413061986798645,0.10575236074855954,0.10575236074855954,10.575236074855955,10.575236074855955,0.05,RELATIVE_ERROR_NOT_BELOW_5_PERCENT
4,SUS,W+P1,localForce,30-31,J,mz,72.199936,76.78293723703246,4.583001237032462,4.583001237032462,0.06347652769432459,0.06347652769432459,6.347652769432459,6.347652769432459,0.05,RELATIVE_ERROR_NOT_BELOW_5_PERCENT
4,SUS,W+P1,localForce,31-198,I,fy,9.747059,6.333005798139311,-3.414053201860689,3.414053201860689,-0.3502649570358289,0.3502649570358289,-35.02649570358289,35.02649570358289,0.05,RELATIVE_ERROR_NOT_BELOW_5_PERCENT
4,SUS,W+P1,localForce,31-198,I,fz,1.336199,1.4775051984229322,0.14130619842293224,0.14130619842293224,0.10575236055627361,0.10575236055627361,10.57523605562736,10.57523605562736,0.05,RELATIVE_ERROR_NOT_BELOW_5_PERCENT
4,SUS,W+P1,localForce,31-198,I,mz,-72.199936,-76.7829372370115,-4.583001237011501,4.583001237011501,0.06347652769403427,0.06347652769403427,6.347652769403426,6.347652769403426,0.05,RELATIVE_ERROR_NOT_BELOW_5_PERCENT
4,SUS,W+P1,localForce,31-198,J,fy,9.747059,6.333005798139311,-3.414053201860689,3.414053201860689,-0.3502649570358289,0.3502649570358289,-35.02649570358289,35.02649570358289,0.05,RELATIVE_ERROR_NOT_BELOW_5_PERCENT
4,SUS,W+P1,localForce,31-198,J,fz,1.336199,1.4775051984229322,0.14130619842293224,0.14130619842293224,0.10575236055627361,0.10575236055627361,10.57523605562736,10.57523605562736,0.05,RELATIVE_ERROR_NOT_BELOW_5_PERCENT
4,SUS,W+P1,localForce,31-198,J,mz,-73.866219,-77.8655703824021,-3.9993513824020965,3.9993513824020965,0.05414317175760812,0.05414317175760812,5.414317175760812,5.414317175760812,0.05,RELATIVE_ERROR_NOT_BELOW_5_PERCENT
4,SUS,W+P1,localForce,70-71,I,fy,-1.398416,-1.9800755688920617,-0.5816595688920616,0.5816595688920616,0.4159417289934194,0.4159417289934194,41.59417289934194,41.59417289934194,0.05,RELATIVE_ERROR_NOT_BELOW_5_PERCENT
4,SUS,W+P1,localForce,70-71,J,fy,1.398416,1.9800755688920617,0.5816595688920616,0.5816595688920616,0.4159417289934194,0.4159417289934194,41.59417289934194,41.59417289934194,0.05,RELATIVE_ERROR_NOT_BELOW_5_PERCENT
4,SUS,W+P1,localForce,70-80,I,mz,7.677663,8.116592043904802,0.43892904390480236,0.43892904390480236,0.05716961579386883,0.05716961579386883,5.716961579386883,5.716961579386883,0.05,RELATIVE_ERROR_NOT_BELOW_5_PERCENT
4,SUS,W+P1,localForce,70-80,J,mz,-0.033843,0.35016012666346796,0.384003126663468,0.384003126663468,-11.346604221359454,11.346604221359454,-1134.6604221359455,1134.6604221359455,0.05,RELATIVE_ERROR_NOT_BELOW_5_PERCENT
4,SUS,W+P1,localForce,71-248,I,fy,-1.398416,-1.9800755883363763,-0.5816595883363762,0.5816595883363762,0.4159417428979475,0.4159417428979475,41.59417428979475,41.59417428979475,0.05,RELATIVE_ERROR_NOT_BELOW_5_PERCENT
4,SUS,W+P1,localForce,71-248,J,fy,-1.398436,-1.9800755883363763,-0.5816395883363763,0.5816395883363763,0.4159214925362164,0.4159214925362164,41.59214925362164,41.59214925362164,0.05,RELATIVE_ERROR_NOT_BELOW_5_PERCENT
4,SUS,W+P1,localForce,80-90,I,mz,0.033843,-0.3501601265234058,-0.3840031265234058,0.3840031265234058,-11.346604217220868,11.346604217220868,-1134.6604217220868,1134.6604217220868,0.05,RELATIVE_ERROR_NOT_BELOW_5_PERCENT
4,SUS,W+P1,localForce,100-101,I,fy,0,1.7229467630386353e-8,1.7229467630386353e-8,1.7229467630386353e-8,,,,,0.05,EXACT_ZERO_REFERENCE_MISMATCH
4,SUS,W+P1,localForce,100-101,I,fz,0,1.3351382222026587e-9,1.3351382222026587e-9,1.3351382222026587e-9,,,,,0.05,EXACT_ZERO_REFERENCE_MISMATCH
4,SUS,W+P1,localForce,100-101,I,mx,0,4.18367562815547e-11,4.18367562815547e-11,4.18367562815547e-11,,,,,0.05,EXACT_ZERO_REFERENCE_MISMATCH
4,SUS,W+P1,localForce,100-101,I,my,0,-8.412825991399586e-11,-8.412825991399586e-11,8.412825991399586e-11,,,,,0.05,EXACT_ZERO_REFERENCE_MISMATCH
4,SUS,W+P1,localForce,100-101,I,mz,0,2.8085196390748024e-9,2.8085196390748024e-9,2.8085196390748024e-9,,,,,0.05,EXACT_ZERO_REFERENCE_MISMATCH
4,SUS,W+P1,localForce,100-101,J,fy,0,-1.7229467630386353e-8,-1.7229467630386353e-8,1.7229467630386353e-8,,,,,0.05,EXACT_ZERO_REFERENCE_MISMATCH
4,SUS,W+P1,localForce,100-101,J,fz,0,-1.3351382222026587e-9,-1.3351382222026587e-9,1.3351382222026587e-9,,,,,0.05,EXACT_ZERO_REFERENCE_MISMATCH
4,SUS,W+P1,localForce,100-101,J,mx,0,-4.18367562815547e-11,-4.18367562815547e-11,4.18367562815547e-11,,,,,0.05,EXACT_ZERO_REFERENCE_MISMATCH
4,SUS,W+P1,localForce,100-101,J,my,0,6.45741238258779e-11,6.45741238258779e-11,6.45741238258779e-11,,,,,0.05,EXACT_ZERO_REFERENCE_MISMATCH
4,SUS,W+P1,localForce,100-101,J,mz,0,-1.8335413187742233e-9,-1.8335413187742233e-9,1.8335413187742233e-9,,,,,0.05,EXACT_ZERO_REFERENCE_MISMATCH
4,SUS,W+P1,localForce,101-280,I,fy,0,1.3242242857813835e-8,1.3242242857813835e-8,1.3242242857813835e-8,,,,,0.05,EXACT_ZERO_REFERENCE_MISMATCH
4,SUS,W+P1,localForce,101-280,I,fz,0,5.409930281530251e-10,5.409930281530251e-10,5.409930281530251e-10,,,,,0.05,EXACT_ZERO_REFERENCE_MISMATCH
4,SUS,W+P1,localForce,101-280,I,mx,0,4.101252670807297e-11,4.101252670807297e-11,4.101252670807297e-11,,,,,0.05,EXACT_ZERO_REFERENCE_MISMATCH
4,SUS,W+P1,localForce,101-280,I,my,0,-5.232170252611468e-11,-5.232170252611468e-11,5.232170252611468e-11,,,,,0.05,EXACT_ZERO_REFERENCE_MISMATCH
4,SUS,W+P1,localForce,101-280,I,mz,0,1.3625651718029985e-9,1.3625651718029985e-9,1.3625651718029985e-9,,,,,0.05,EXACT_ZERO_REFERENCE_MISMATCH
4,SUS,W+P1,localForce,101-280,J,fy,0,-1.3242242857813835e-8,-1.3242242857813835e-8,1.3242242857813835e-8,,,,,0.05,EXACT_ZERO_REFERENCE_MISMATCH
4,SUS,W+P1,localForce,101-280,J,fz,0,-5.409930281530251e-10,-5.409930281530251e-10,5.409930281530251e-10,,,,,0.05,EXACT_ZERO_REFERENCE_MISMATCH
4,SUS,W+P1,localForce,101-280,J,mx,0,-4.1012526708072976e-11,-4.1012526708072976e-11,4.1012526708072976e-11,,,,,0.05,EXACT_ZERO_REFERENCE_MISMATCH
4,SUS,W+P1,localForce,101-280,J,my,0,4.026601274631503e-11,4.026601274631503e-11,4.026601274631503e-11,,,,,0.05,EXACT_ZERO_REFERENCE_MISMATCH
4,SUS,W+P1,localForce,101-280,J,mz,0,-1.061437160387868e-9,-1.061437160387868e-9,1.061437160387868e-9,,,,,0.05,EXACT_ZERO_REFERENCE_MISMATCH
4,SUS,W+P1,localForce,130-140,I,fy,73.581894,-74.10662249726738,-147.6885164972674,147.6885164972674,-2.0071312175963745,2.0071312175963745,-200.71312175963746,200.71312175963746,0.05,RELATIVE_ERROR_NOT_BELOW_5_PERCENT
4,SUS,W+P1,localForce,130-140,I,fz,242.32608,-242.31863090328898,-484.64471090328897,484.64471090328897,-1.999969260028838,1.999969260028838,-199.99692600288378,199.99692600288378,0.05,RELATIVE_ERROR_NOT_BELOW_5_PERCENT
4,SUS,W+P1,localForce,130-140,I,my,-147.680573,148.06849486657353,295.74906786657357,295.74906786657357,-2.002626763010823,2.002626763010823,-200.2626763010823,200.2626763010823,0.05,RELATIVE_ERROR_NOT_BELOW_5_PERCENT
4,SUS,W+P1,localForce,130-140,I,mz,-392.640198,391.29887851596004,783.9390765159601,783.9390765159601,-1.9965838457425598,1.9965838457425598,-199.658384574256,199.658384574256,0.05,RELATIVE_ERROR_NOT_BELOW_5_PERCENT
4,SUS,W+P1,localForce,140-141,I,fx,0,-9.313225746154785e-10,-9.313225746154785e-10,9.313225746154785e-10,,,,,0.05,EXACT_ZERO_REFERENCE_MISMATCH
4,SUS,W+P1,localForce,140-141,I,fy,0,-1.7811544239521027e-8,-1.7811544239521027e-8,1.7811544239521027e-8,,,,,0.05,EXACT_ZERO_REFERENCE_MISMATCH
4,SUS,W+P1,localForce,140-141,I,mx,0,-5.820766091346741e-11,-5.820766091346741e-11,5.820766091346741e-11,,,,,0.05,EXACT_ZERO_REFERENCE_MISMATCH
4,SUS,W+P1,localForce,140-141,I,mz,0,-1.6661942936480045e-9,-1.6661942936480045e-9,1.6661942936480045e-9,,,,,0.05,EXACT_ZERO_REFERENCE_MISMATCH
4,SUS,W+P1,localForce,140-141,J,fx,0,9.313225746154785e-10,9.313225746154785e-10,9.313225746154785e-10,,,,,0.05,EXACT_ZERO_REFERENCE_MISMATCH
4,SUS,W+P1,localForce,140-141,J,fy,0,1.7811544239521027e-8,1.7811544239521027e-8,1.7811544239521027e-8,,,,,0.05,EXACT_ZERO_REFERENCE_MISMATCH
4,SUS,W+P1,localForce,140-141,J,mx,0,5.820766091346741e-11,5.820766091346741e-11,5.820766091346741e-11,,,,,0.05,EXACT_ZERO_REFERENCE_MISMATCH
4,SUS,W+P1,localForce,140-141,J,mz,0,8.585629984736443e-10,8.585629984736443e-10,8.585629984736443e-10,,,,,0.05,EXACT_ZERO_REFERENCE_MISMATCH
4,SUS,W+P1,localForce,141-320,I,fx,0,-1.1059455573558807e-9,-1.1059455573558807e-9,1.1059455573558807e-9,,,,,0.05,EXACT_ZERO_REFERENCE_MISMATCH
4,SUS,W+P1,localForce,141-320,I,fy,0,-1.538819560664706e-8,-1.538819560664706e-8,1.538819560664706e-8,,,,,0.05,EXACT_ZERO_REFERENCE_MISMATCH
4,SUS,W+P1,localForce,141-320,I,mx,0,-5.823608262289781e-11,-5.823608262289781e-11,5.823608262289781e-11,,,,,0.05,EXACT_ZERO_REFERENCE_MISMATCH
4,SUS,W+P1,localForce,141-320,I,mz,0,-8.760885350511671e-10,-8.760885350511671e-10,8.760885350511671e-10,,,,,0.05,EXACT_ZERO_REFERENCE_MISMATCH
4,SUS,W+P1,localForce,141-320,J,fx,0,1.1059455573558807e-9,1.1059455573558807e-9,1.1059455573558807e-9,,,,,0.05,EXACT_ZERO_REFERENCE_MISMATCH
4,SUS,W+P1,localForce,141-320,J,fy,0,1.538819560664706e-8,1.538819560664706e-8,1.538819560664706e-8,,,,,0.05,EXACT_ZERO_REFERENCE_MISMATCH
4,SUS,W+P1,localForce,141-320,J,mx,0,5.823608262289781e-11,5.823608262289781e-11,5.823608262289781e-11,,,,,0.05,EXACT_ZERO_REFERENCE_MISMATCH
4,SUS,W+P1,localForce,141-320,J,mz,0,5.96109828165936e-10,5.96109828165936e-10,5.96109828165936e-10,,,,,0.05,EXACT_ZERO_REFERENCE_MISMATCH
4,SUS,W+P1,localForce,151-150,I,fy,1.39848,1.9800756345503032,0.5815956345503033,0.5815956345503033,0.41587697682505526,0.41587697682505526,41.58769768250553,41.58769768250553,0.05,RELATIVE_ERROR_NOT_BELOW_5_PERCENT
4,SUS,W+P1,localForce,151-150,I,mz,8.057933,7.385515573001613,-0.6724174269983871,0.6724174269983871,-0.08344788011992493,0.08344788011992493,-8.344788011992494,8.344788011992494,0.05,RELATIVE_ERROR_NOT_BELOW_5_PERCENT
4,SUS,W+P1,localForce,151-150,J,fy,-1.39848,-1.9800756345503032,-0.5815956345503033,0.5815956345503033,0.41587697682505526,0.41587697682505526,41.58769768250553,41.58769768250553,0.05,RELATIVE_ERROR_NOT_BELOW_5_PERCENT
4,SUS,W+P1,localForce,151-150,J,mz,-7.978009,-7.272354257227563,0.7056547427724373,0.7056547427724373,-0.08844998078749189,0.08844998078749189,-8.844998078749189,8.844998078749189,0.05,RELATIVE_ERROR_NOT_BELOW_5_PERCENT
4,SUS,W+P1,localForce,180-190,J,my,2.13679,2.570030541069883,0.4332405410698832,0.4332405410698832,0.20275298043789197,0.20275298043789197,20.275298043789196,20.275298043789196,0.05,RELATIVE_ERROR_NOT_BELOW_5_PERCENT
4,SUS,W+P1,localForce,198-199,I,fy,-1.336199,-1.477505198416111,-0.14130619841611103,0.14130619841611103,0.10575236055116868,0.10575236055116868,10.575236055116868,10.575236055116868,0.05,RELATIVE_ERROR_NOT_BELOW_5_PERCENT
4,SUS,W+P1,localForce,198-199,I,fz,9.747059,6.333005798040166,-3.4140532019598337,3.4140532019598337,-0.35026495704600064,0.35026495704600064,-35.026495704600066,35.026495704600066,0.05,RELATIVE_ERROR_NOT_BELOW_5_PERCENT
4,SUS,W+P1,localForce,198-199,I,my,73.866219,77.86557038240235,3.9993513824023523,3.9993513824023523,0.05414317175761159,0.05414317175761159,5.414317175761159,5.414317175761159,0.05,RELATIVE_ERROR_NOT_BELOW_5_PERCENT
4,SUS,W+P1,localForce,198-199,J,fy,1.336199,1.4775051982137484,0.14130619821374846,0.14130619821374846,0.10575236039972224,0.10575236039972224,10.575236039972225,10.575236039972225,0.05,RELATIVE_ERROR_NOT_BELOW_5_PERCENT
4,SUS,W+P1,localForce,198-199,J,my,-69.410858,-73.06047999281239,-3.649621992812385,3.649621992812385,0.052579986733666144,0.052579986733666144,5.257998673366615,5.257998673366615,0.05,RELATIVE_ERROR_NOT_BELOW_5_PERCENT
4,SUS,W+P1,localForce,199-200,I,fy,-1.336199,-1.4775051983385765,-0.1413061983385766,0.1413061983385766,0.10575236049314257,0.10575236049314257,10.575236049314258,10.575236049314258,0.05,RELATIVE_ERROR_NOT_BELOW_5_PERCENT
4,SUS,W+P1,localForce,199-200,I,my,69.410858,73.06047999281236,3.6496219928123566,3.6496219928123566,0.052579986733665734,0.052579986733665734,5.257998673366574,5.257998673366574,0.05,RELATIVE_ERROR_NOT_BELOW_5_PERCENT
4,SUS,W+P1,localForce,199-200,J,fx,-9.747059,-6.333005796930674,3.414053203069326,3.414053203069326,-0.350264957159829,0.350264957159829,-35.026495715982904,35.026495715982904,0.05,RELATIVE_ERROR_NOT_BELOW_5_PERCENT
4,SUS,W+P1,localForce,199-200,J,fy,1.336199,1.4775051984297534,0.14130619842975345,0.14130619842975345,0.10575236056137854,0.10575236056137854,10.575236056137854,10.575236056137854,0.05,RELATIVE_ERROR_NOT_BELOW_5_PERCENT
4,SUS,W+P1,localForce,199-200,J,my,-57.776066,-61.1340592843607,-3.3579932843607025,3.3579932843607025,0.05812083647856368,0.05812083647856368,5.812083647856368,5.812083647856368,0.05,RELATIVE_ERROR_NOT_BELOW_5_PERCENT
4,SUS,W+P1,localForce,200-208,I,fx,9.747059,6.333005796706857,-3.414053203293143,3.414053203293143,-0.35026495718279155,0.35026495718279155,-35.02649571827916,35.02649571827916,0.05,RELATIVE_ERROR_NOT_BELOW_5_PERCENT
4,SUS,W+P1,localForce,200-208,I,fy,-1.336199,-1.4775051984165364,-0.14130619841653647,0.14130619841653647,0.10575236055148707,0.10575236055148707,10.575236055148707,10.575236055148707,0.05,RELATIVE_ERROR_NOT_BELOW_5_PERCENT
4,SUS,W+P1,localForce,200-208,I,my,57.776066,61.1340592843601,3.3579932843600986,3.3579932843600986,0.05812083647855322,0.05812083647855322,5.812083647855322,5.812083647855322,0.05,RELATIVE_ERROR_NOT_BELOW_5_PERCENT
4,SUS,W+P1,localForce,200-208,J,fx,-9.747059,-6.333005796706857,3.414053203293143,3.414053203293143,-0.35026495718279155,0.35026495718279155,-35.02649571827916,35.02649571827916,0.05,RELATIVE_ERROR_NOT_BELOW_5_PERCENT
4,SUS,W+P1,localForce,200-208,J,fy,1.336199,1.4775051984165364,0.14130619841653647,0.14130619841653647,0.10575236055148707,0.10575236055148707,10.575236055148707,10.575236055148707,0.05,RELATIVE_ERROR_NOT_BELOW_5_PERCENT
4,SUS,W+P1,localForce,200-208,J,my,-10.305908,-8.839658539672506,1.4662494603274947,1.4662494603274947,-0.142272710015216,0.142272710015216,-14.227271001521599,14.227271001521599,0.05,RELATIVE_ERROR_NOT_BELOW_5_PERCENT
4,SUS,W+P1,localForce,200-208,J,mz,0.700627,0.5608327080879736,-0.1397942919120264,0.1397942919120264,-0.199527411749799,0.199527411749799,-19.9527411749799,19.9527411749799,0.05,RELATIVE_ERROR_NOT_BELOW_5_PERCENT
4,SUS,W+P1,localForce,208-209,I,fx,9.747059,6.333005796759645,-3.414053203240355,3.414053203240355,-0.35026495717737577,0.35026495717737577,-35.026495717737575,35.026495717737575,0.05,RELATIVE_ERROR_NOT_BELOW_5_PERCENT
4,SUS,W+P1,localForce,208-209,I,fy,-1.336199,-1.4775051984155994,-0.14130619841559944,0.14130619841559944,0.10575236055078581,0.10575236055078581,10.57523605507858,10.57523605507858,0.05,RELATIVE_ERROR_NOT_BELOW_5_PERCENT
4,SUS,W+P1,localForce,208-209,I,my,10.305908,8.83965853967228,-1.4662494603277203,1.4662494603277203,-0.1422727100152379,0.1422727100152379,-14.227271001523789,14.227271001523789,0.05,RELATIVE_ERROR_NOT_BELOW_5_PERCENT
4,SUS,W+P1,localForce,208-209,I,mz,-0.700627,-0.5608327080879624,0.13979429191203763,0.13979429191203763,-0.199527411749815,0.199527411749815,-19.9527411749815,19.9527411749815,0.05,RELATIVE_ERROR_NOT_BELOW_5_PERCENT
4,SUS,W+P1,localForce,208-209,J,fy,1.336199,1.4775051984117908,0.14130619841179093,0.14130619841179093,0.10575236054793555,0.10575236054793555,10.575236054793555,10.575236054793555,0.05,RELATIVE_ERROR_NOT_BELOW_5_PERCENT
4,SUS,W+P1,localForce,208-209,J,my,-18.45122,-16.921993408682123,1.529226591317876,1.529226591317876,-0.08287942972431503,0.08287942972431503,-8.287942972431503,8.287942972431503,0.05,RELATIVE_ERROR_NOT_BELOW_5_PERCENT
4,SUS,W+P1,localForce,209-210,I,fy,-1.336199,-1.47750519842009,-0.14130619842009007,0.14130619842009007,0.10575236055414655,0.10575236055414655,10.575236055414655,10.575236055414655,0.05,RELATIVE_ERROR_NOT_BELOW_5_PERCENT
4,SUS,W+P1,localForce,209-210,I,my,18.45122,16.92199340868185,-1.5292265913181495,1.5292265913181495,-0.08287942972432986,0.08287942972432986,-8.287942972432987,8.287942972432987,0.05,RELATIVE_ERROR_NOT_BELOW_5_PERCENT
4,SUS,W+P1,localForce,209-210,J,fy,1.336199,1.477505198426286,0.141306198426286,0.141306198426286,0.10575236055878354,0.10575236055878354,10.575236055878353,10.575236055878353,0.05,RELATIVE_ERROR_NOT_BELOW_5_PERCENT
4,SUS,W+P1,localForce,209-210,J,fz,9.747059,6.333005795892138,-3.414053204107862,3.414053204107862,-0.3502649572663777,0.3502649572663777,-35.02649572663777,35.02649572663777,0.05,RELATIVE_ERROR_NOT_BELOW_5_PERCENT
4,SUS,W+P1,localForce,209-210,J,mx,0.547898,0.39195387129617687,-0.15594412870382313,0.15594412870382313,-0.2846225551176006,0.2846225551176006,-28.46225551176006,28.46225551176006,0.05,RELATIVE_ERROR_NOT_BELOW_5_PERCENT
4,SUS,W+P1,localForce,209-210,J,my,-21.461168,-20.134896019922678,1.3262719800773226,1.3262719800773226,-0.06179868589059657,0.06179868589059657,-6.179868589059657,6.179868589059657,0.05,RELATIVE_ERROR_NOT_BELOW_5_PERCENT
4,SUS,W+P1,localForce,210-218,I,fy,-9.747059,-6.333005795880283,3.4140532041197176,3.4140532041197176,-0.350264957267594,0.350264957267594,-35.0264957267594,35.0264957267594,0.05,RELATIVE_ERROR_NOT_BELOW_5_PERCENT
4,SUS,W+P1,localForce,210-218,I,fz,1.336199,1.4775051984269254,0.1413061984269255,0.1413061984269255,0.10575236055926213,0.10575236055926213,10.575236055926213,10.575236055926213,0.05,RELATIVE_ERROR_NOT_BELOW_5_PERCENT
4,SUS,W+P1,localForce,210-218,I,mx,-0.547898,-0.3919538712961743,0.15594412870382568,0.15594412870382568,-0.28462255511760526,0.28462255511760526,-28.462255511760524,28.462255511760524,0.05,RELATIVE_ERROR_NOT_BELOW_5_PERCENT
4,SUS,W+P1,localForce,210-218,I,mz,-21.461168,-20.134896019922323,1.3262719800776779,1.3262719800776779,-0.061798685890613124,0.061798685890613124,-6.1798685890613125,6.1798685890613125,0.05,RELATIVE_ERROR_NOT_BELOW_5_PERCENT
4,SUS,W+P1,localForce,210-218,J,fy,9.747059,6.333005795880283,-3.4140532041197176,3.4140532041197176,-0.350264957267594,0.350264957267594,-35.0264957267594,35.0264957267594,0.05,RELATIVE_ERROR_NOT_BELOW_5_PERCENT
4,SUS,W+P1,localForce,210-218,J,fz,-1.336199,-1.4775051984269254,-0.1413061984269255,0.1413061984269255,0.10575236055926213,0.10575236055926213,10.575236055926213,10.575236055926213,0.05,RELATIVE_ERROR_NOT_BELOW_5_PERCENT
4,SUS,W+P1,localForce,210-218,J,mx,0.547898,0.3919538712961743,-0.15594412870382568,0.15594412870382568,-0.28462255511760526,0.28462255511760526,-28.462255511760524,28.462255511760524,0.05,RELATIVE_ERROR_NOT_BELOW_5_PERCENT
4,SUS,W+P1,localForce,210-218,J,mz,14.433978,15.56911820824191,1.1351402082419106,1.1351402082419106,0.07864361496476652,0.07864361496476652,7.8643614964766515,7.8643614964766515,0.05,RELATIVE_ERROR_NOT_BELOW_5_PERCENT
4,SUS,W+P1,localForce,218-219,I,fy,9.747059,6.333005795881945,-3.414053204118055,3.414053204118055,-0.3502649572674234,0.3502649572674234,-35.02649572674234,35.02649572674234,0.05,RELATIVE_ERROR_NOT_BELOW_5_PERCENT
4,SUS,W+P1,localForce,218-219,I,fz,-1.336199,-1.4775051984234988,-0.1413061984234989,0.1413061984234989,0.10575236055669769,0.10575236055669769,10.57523605566977,10.57523605566977,0.05,RELATIVE_ERROR_NOT_BELOW_5_PERCENT
4,SUS,W+P1,localForce,218-219,I,mx,-0.547898,-0.3919538712961583,0.15594412870384172,0.15594412870384172,-0.2846225551176345,0.2846225551176345,-28.462255511763452,28.462255511763452,0.05,RELATIVE_ERROR_NOT_BELOW_5_PERCENT
4,SUS,W+P1,localForce,218-219,I,mz,14.433978,15.569118208241886,1.1351402082418858,1.1351402082418858,0.0786436149647648,0.0786436149647648,7.86436149647648,7.86436149647648,0.05,RELATIVE_ERROR_NOT_BELOW_5_PERCENT
4,SUS,W+P1,localForce,218-219,J,fy,-9.747059,-6.333005795894735,3.414053204105265,3.414053204105265,-0.35026495726611123,0.35026495726611123,-35.026495726611124,35.026495726611124,0.05,RELATIVE_ERROR_NOT_BELOW_5_PERCENT
4,SUS,W+P1,localForce,218-219,J,mx,-9.492629,-10.519861395210896,-1.0272323952108948,1.0272323952108948,0.10821368824283502,0.10821368824283502,10.821368824283502,10.821368824283502,0.05,RELATIVE_ERROR_NOT_BELOW_5_PERCENT
4,SUS,W+P1,localForce,218-219,J,mz,-9.806001,-10.77433419826927,-0.9683331982692707,0.9683331982692707,0.09874904135429628,0.09874904135429628,9.874904135429627,9.874904135429627,0.05,RELATIVE_ERROR_NOT_BELOW_5_PERCENT
4,SUS,W+P1,localForce,219-220,I,fy,9.747059,6.333005795895588,-3.4140532041044125,3.4140532041044125,-0.3502649572660238,0.3502649572660238,-35.02649572660238,35.02649572660238,0.05,RELATIVE_ERROR_NOT_BELOW_5_PERCENT
4,SUS,W+P1,localForce,219-220,I,mx,9.492629,10.519861395210839,1.027232395210838,1.027232395210838,0.10821368824282902,0.10821368824282902,10.821368824282903,10.821368824282903,0.05,RELATIVE_ERROR_NOT_BELOW_5_PERCENT
4,SUS,W+P1,localForce,219-220,I,mz,9.806001,10.774334198269171,0.9683331982691712,0.9683331982691712,0.09874904135428614,0.09874904135428614,9.874904135428613,9.874904135428613,0.05,RELATIVE_ERROR_NOT_BELOW_5_PERCENT
4,SUS,W+P1,localForce,219-220,J,fx,1.336199,1.4775051983975767,0.14130619839757674,0.14130619839757674,0.10575236053729778,0.10575236053729778,10.575236053729778,10.575236053729778,0.05,RELATIVE_ERROR_NOT_BELOW_5_PERCENT
4,SUS,W+P1,localForce,219-220,J,fy,-9.747059,-6.333005795895281,3.414053204104719,3.414053204104719,-0.3502649572660552,0.3502649572660552,-35.026495726605525,35.026495726605525,0.05,RELATIVE_ERROR_NOT_BELOW_5_PERCENT
4,SUS,W+P1,localForce,219-220,J,mx,-13.319881,-14.84525567743607,-1.5253746774360692,1.5253746774360692,0.11451864152810894,0.11451864152810894,11.451864152810893,11.451864152810893,0.05,RELATIVE_ERROR_NOT_BELOW_5_PERCENT
4,SUS,W+P1,localForce,219-220,J,mz,0.566199,0.33190865950961673,-0.23429034049038328,0.23429034049038328,-0.41379504465812067,0.41379504465812067,-41.37950446581207,41.37950446581207,0.05,RELATIVE_ERROR_NOT_BELOW_5_PERCENT
4,SUS,W+P1,localForce,220-230,I,fx,-1.336199,-1.477505198398812,-0.14130619839881198,0.14130619839881198,0.10575236053822222,0.10575236053822222,10.575236053822222,10.575236053822222,0.05,RELATIVE_ERROR_NOT_BELOW_5_PERCENT
4,SUS,W+P1,localForce,220-230,I,fy,-9.747059,-6.333005795895306,3.414053204104694,3.414053204104694,-0.35026495726605267,0.35026495726605267,-35.02649572660527,35.02649572660527,0.05,RELATIVE_ERROR_NOT_BELOW_5_PERCENT
4,SUS,W+P1,localForce,220-230,I,mx,13.319881,14.84525567743606,1.5253746774360586,1.5253746774360586,0.11451864152810813,0.11451864152810813,11.451864152810813,11.451864152810813,0.05,RELATIVE_ERROR_NOT_BELOW_5_PERCENT
4,SUS,W+P1,localForce,220-230,I,mz,0.566199,0.33190865950966575,-0.23429034049033426,0.23429034049033426,-0.41379504465803413,0.41379504465803413,-41.379504465803414,41.379504465803414,0.05,RELATIVE_ERROR_NOT_BELOW_5_PERCENT
4,SUS,W+P1,localForce,220-230,J,fx,1.336199,1.4775051983988243,0.1413061983988244,0.1413061983988244,0.10575236053823152,0.10575236053823152,10.575236053823152,10.575236053823152,0.05,RELATIVE_ERROR_NOT_BELOW_5_PERCENT
4,SUS,W+P1,localForce,220-230,J,fy,9.747059,6.333005795895306,-3.414053204104694,3.414053204104694,-0.35026495726605267,0.35026495726605267,-35.02649572660527,35.02649572660527,0.05,RELATIVE_ERROR_NOT_BELOW_5_PERCENT
4,SUS,W+P1,localForce,220-230,J,mx,-13.319881,-14.84525567743606,-1.5253746774360586,1.5253746774360586,0.11451864152810813,0.11451864152810813,11.451864152810813,11.451864152810813,0.05,RELATIVE_ERROR_NOT_BELOW_5_PERCENT
4,SUS,W+P1,localForce,220-230,J,mz,-1.481446,-0.9265730843268243,0.5548729156731758,0.5548729156731758,-0.3745481885085084,0.3745481885085084,-37.45481885085084,37.45481885085084,0.05,RELATIVE_ERROR_NOT_BELOW_5_PERCENT
4,SUS,W+P1,localForce,230-240,I,fx,-1.336199,-1.4775051983985548,-0.14130619839855485,0.14130619839855485,0.10575236053802978,0.10575236053802978,10.575236053802978,10.575236053802978,0.05,RELATIVE_ERROR_NOT_BELOW_5_PERCENT
4,SUS,W+P1,localForce,230-240,I,fy,-9.747059,-6.3330057958953105,3.4140532041046896,3.4140532041046896,-0.3502649572660522,0.3502649572660522,-35.02649572660522,35.02649572660522,0.05,RELATIVE_ERROR_NOT_BELOW_5_PERCENT
4,SUS,W+P1,localForce,230-240,I,mx,13.319881,14.84525567743606,1.5253746774360586,1.5253746774360586,0.11451864152810813,0.11451864152810813,11.451864152810813,11.451864152810813,0.05,RELATIVE_ERROR_NOT_BELOW_5_PERCENT
4,SUS,W+P1,localForce,230-240,I,mz,1.481446,0.9265730843268063,-0.5548729156731937,0.5548729156731937,-0.37454818850852056,0.37454818850852056,-37.45481885085206,37.45481885085206,0.05,RELATIVE_ERROR_NOT_BELOW_5_PERCENT
4,SUS,W+P1,localForce,230-240,J,fx,1.336199,1.4775051983985548,0.14130619839855485,0.14130619839855485,0.10575236053802978,0.10575236053802978,10.575236053802978,10.575236053802978,0.05,RELATIVE_ERROR_NOT_BELOW_5_PERCENT
4,SUS,W+P1,localForce,230-240,J,fy,9.747059,6.3330057958953105,-3.4140532041046896,3.4140532041046896,-0.3502649572660522,0.3502649572660522,-35.02649572660522,35.02649572660522,0.05,RELATIVE_ERROR_NOT_BELOW_5_PERCENT
4,SUS,W+P1,localForce,230-240,J,mx,-13.319881,-14.84525567743606,-1.5253746774360586,1.5253746774360586,0.11451864152810813,0.11451864152810813,11.451864152810813,11.451864152810813,0.05,RELATIVE_ERROR_NOT_BELOW_5_PERCENT
4,SUS,W+P1,localForce,230-240,J,mz,-5.845247,-3.7618670051087517,2.083379994891248,2.083379994891248,-0.35642291846542123,0.35642291846542123,-35.64229184654212,35.64229184654212,0.05,RELATIVE_ERROR_NOT_BELOW_5_PERCENT
4,SUS,W+P1,localForce,248-249,I,fy,1.398436,1.980075587205647,0.581639587205647,0.581639587205647,0.4159214917276493,0.4159214917276493,41.592149172764934,41.592149172764934,0.05,RELATIVE_ERROR_NOT_BELOW_5_PERCENT
4,SUS,W+P1,localForce,248-249,J,fy,-1.398436,-1.9800755826108798,-0.5816395826108798,0.5816395826108798,0.41592148844200216,0.41592148844200216,41.59214884420022,41.59214884420022,0.05,RELATIVE_ERROR_NOT_BELOW_5_PERCENT
4,SUS,W+P1,localForce,249-250,I,fy,1.398436,1.98007558619247,0.5816395861924699,0.5816395861924699,0.415921491003142,0.415921491003142,41.5921491003142,41.5921491003142,0.05,RELATIVE_ERROR_NOT_BELOW_5_PERCENT
4,SUS,W+P1,localForce,249-250,J,fy,-1.398436,-1.9800755801443302,-0.5816395801443301,0.5816395801443301,0.4159214866782106,0.4159214866782106,41.592148667821064,41.592148667821064,0.05,RELATIVE_ERROR_NOT_BELOW_5_PERCENT
4,SUS,W+P1,localForce,250-260,I,fy,1.398436,1.9800755802915404,0.5816395802915404,0.5816395802915404,0.4159214867834784,0.4159214867834784,41.59214867834784,41.59214867834784,0.05,RELATIVE_ERROR_NOT_BELOW_5_PERCENT
4,SUS,W+P1,localForce,250-260,J,fy,-1.398436,-1.9800755802915404,-0.5816395802915404,0.5816395802915404,0.4159214867834784,0.4159214867834784,41.59214867834784,41.59214867834784,0.05,RELATIVE_ERROR_NOT_BELOW_5_PERCENT
4,SUS,W+P1,localForce,250-260,J,my,0.050578,0.3417164147648668,0.2911384147648668,0.2911384147648668,5.756226319049128,5.756226319049128,575.6226319049129,575.6226319049129,0.05,RELATIVE_ERROR_NOT_BELOW_5_PERCENT
4,SUS,W+P1,localForce,260-270,I,fy,1.398436,1.9800755804135406,0.5816395804135406,0.5816395804135406,0.41592148687071884,0.41592148687071884,41.592148687071884,41.592148687071884,0.05,RELATIVE_ERROR_NOT_BELOW_5_PERCENT
4,SUS,W+P1,localForce,260-270,I,my,-0.050578,-0.34171641478705794,-0.29113841478705793,0.29113841478705793,5.756226319487879,5.756226319487879,575.6226319487879,575.6226319487879,0.05,RELATIVE_ERROR_NOT_BELOW_5_PERCENT
4,SUS,W+P1,localForce,260-270,J,fy,-1.398436,-1.9800755804135406,-0.5816395804135406,0.5816395804135406,0.41592148687071884,0.41592148687071884,41.592148687071884,41.592148687071884,0.05,RELATIVE_ERROR_NOT_BELOW_5_PERCENT
4,SUS,W+P1,localForce,260-270,J,mz,-8.102334,-7.448606164346529,0.6537278356534717,0.6537278356534717,-0.08068389129027162,0.08068389129027162,-8.068389129027162,8.068389129027162,0.05,RELATIVE_ERROR_NOT_BELOW_5_PERCENT
4,SUS,W+P1,localForce,270-151,I,fy,1.398436,1.9800755802907588,0.5816395802907588,0.5816395802907588,0.41592148678291946,0.41592148678291946,41.59214867829195,41.59214867829195,0.05,RELATIVE_ERROR_NOT_BELOW_5_PERCENT
4,SUS,W+P1,localForce,270-151,I,mz,8.102334,7.448383767653298,-0.6539502323467028,0.6539502323467028,-0.08071133976292544,0.08071133976292544,-8.071133976292543,8.071133976292543,0.05,RELATIVE_ERROR_NOT_BELOW_5_PERCENT
4,SUS,W+P1,localForce,270-151,J,fy,-1.39848,-1.9800755802907588,-0.5815955802907589,0.5815955802907589,0.41587693802611325,0.41587693802611325,41.58769380261133,41.58769380261133,0.05,RELATIVE_ERROR_NOT_BELOW_5_PERCENT
4,SUS,W+P1,localForce,270-151,J,mz,-8.057933,-7.385515574940315,0.6724174250596855,0.6724174250596855,-0.08344787987932953,0.08344787987932953,-8.344787987932953,8.344787987932953,0.05,RELATIVE_ERROR_NOT_BELOW_5_PERCENT
4,SUS,W+P1,localForce,280-290,I,fy,0,1.3037606549914926e-8,1.3037606549914926e-8,1.3037606549914926e-8,,,,,0.05,EXACT_ZERO_REFERENCE_MISMATCH
4,SUS,W+P1,localForce,280-290,I,fz,0,5.468905328598339e-10,5.468905328598339e-10,5.468905328598339e-10,,,,,0.05,EXACT_ZERO_REFERENCE_MISMATCH
4,SUS,W+P1,localForce,280-290,I,mx,0,4.099831585335778e-11,4.099831585335778e-11,4.099831585335778e-11,,,,,0.05,EXACT_ZERO_REFERENCE_MISMATCH
4,SUS,W+P1,localForce,280-290,I,my,0,-4.0114134236546306e-11,-4.0114134236546306e-11,4.0114134236546306e-11,,,,,0.05,EXACT_ZERO_REFERENCE_MISMATCH
4,SUS,W+P1,localForce,280-290,I,mz,0,1.0627587698763818e-9,1.0627587698763818e-9,1.0627587698763818e-9,,,,,0.05,EXACT_ZERO_REFERENCE_MISMATCH
4,SUS,W+P1,localForce,280-290,J,fy,0,-1.3037606549914926e-8,-1.3037606549914926e-8,1.3037606549914926e-8,,,,,0.05,EXACT_ZERO_REFERENCE_MISMATCH
4,SUS,W+P1,localForce,280-290,J,fz,0,-5.468905328598339e-10,-5.468905328598339e-10,5.468905328598339e-10,,,,,0.05,EXACT_ZERO_REFERENCE_MISMATCH
4,SUS,W+P1,localForce,280-290,J,mx,0,-4.099831585335778e-11,-4.099831585335778e-11,4.099831585335778e-11,,,,,0.05,EXACT_ZERO_REFERENCE_MISMATCH
4,SUS,W+P1,localForce,280-290,J,my,0,1.290301199219357e-11,1.290301199219357e-11,1.290301199219357e-11,,,,,0.05,EXACT_ZERO_REFERENCE_MISMATCH
4,SUS,W+P1,localForce,280-290,J,mz,0,-4.084199645149056e-10,-4.084199645149056e-10,4.084199645149056e-10,,,,,0.05,EXACT_ZERO_REFERENCE_MISMATCH
4,SUS,W+P1,localForce,290-300,I,fy,0,-1.0943040251731873e-8,-1.0943040251731873e-8,1.0943040251731873e-8,,,,,0.05,EXACT_ZERO_REFERENCE_MISMATCH
4,SUS,W+P1,localForce,290-300,I,fz,0,6.84849510435015e-10,6.84849510435015e-10,6.84849510435015e-10,,,,,0.05,EXACT_ZERO_REFERENCE_MISMATCH
4,SUS,W+P1,localForce,290-300,I,mx,0,4.3655745685100555e-11,4.3655745685100555e-11,4.3655745685100555e-11,,,,,0.05,EXACT_ZERO_REFERENCE_MISMATCH
4,SUS,W+P1,localForce,290-300,I,my,0,-1.8189894035458565e-11,-1.8189894035458565e-11,1.8189894035458565e-11,,,,,0.05,EXACT_ZERO_REFERENCE_MISMATCH
4,SUS,W+P1,localForce,290-300,I,mz,0,6.402842700481415e-10,6.402842700481415e-10,6.402842700481415e-10,,,,,0.05,EXACT_ZERO_REFERENCE_MISMATCH
4,SUS,W+P1,localForce,290-300,J,fx,0,2.4074555904363137e-8,2.4074555904363137e-8,2.4074555904363137e-8,,,,,0.05,EXACT_ZERO_REFERENCE_MISMATCH
4,SUS,W+P1,localForce,290-300,J,fy,0,1.0943040251731873e-8,1.0943040251731873e-8,1.0943040251731873e-8,,,,,0.05,EXACT_ZERO_REFERENCE_MISMATCH
4,SUS,W+P1,localForce,290-300,J,fz,0,-6.84849510435015e-10,-6.84849510435015e-10,6.84849510435015e-10,,,,,0.05,EXACT_ZERO_REFERENCE_MISMATCH
4,SUS,W+P1,localForce,290-300,J,mx,0,-4.3655745685100555e-11,-4.3655745685100555e-11,4.3655745685100555e-11,,,,,0.05,EXACT_ZERO_REFERENCE_MISMATCH
4,SUS,W+P1,localForce,290-300,J,my,0,8.185452315956354e-12,8.185452315956354e-12,8.185452315956354e-12,,,,,0.05,EXACT_ZERO_REFERENCE_MISMATCH
4,SUS,W+P1,localForce,290-300,J,mz,0,-8.731149137020111e-10,-8.731149137020111e-10,8.731149137020111e-10,,,,,0.05,EXACT_ZERO_REFERENCE_MISMATCH
4,SUS,W+P1,localForce,300-310,I,fy,0,1.0360963642597198e-8,1.0360963642597198e-8,1.0360963642597198e-8,,,,,0.05,EXACT_ZERO_REFERENCE_MISMATCH
4,SUS,W+P1,localForce,300-310,I,fz,0,3.6197889130562544e-10,3.6197889130562544e-10,3.6197889130562544e-10,,,,,0.05,EXACT_ZERO_REFERENCE_MISMATCH
4,SUS,W+P1,localForce,300-310,I,my,0,-1.0913936421275139e-11,-1.0913936421275139e-11,1.0913936421275139e-11,,,,,0.05,EXACT_ZERO_REFERENCE_MISMATCH
4,SUS,W+P1,localForce,300-310,I,mz,0,6.402842700481415e-10,6.402842700481415e-10,6.402842700481415e-10,,,,,0.05,EXACT_ZERO_REFERENCE_MISMATCH
4,SUS,W+P1,localForce,300-310,J,fy,0,-1.0360963642597198e-8,-1.0360963642597198e-8,1.0360963642597198e-8,,,,,0.05,EXACT_ZERO_REFERENCE_MISMATCH
4,SUS,W+P1,localForce,300-310,J,fz,0,-3.6197889130562544e-10,-3.6197889130562544e-10,3.6197889130562544e-10,,,,,0.05,EXACT_ZERO_REFERENCE_MISMATCH
4,SUS,W+P1,localForce,300-310,J,my,0,-2.7284841053187847e-12,-2.7284841053187847e-12,2.7284841053187847e-12,,,,,0.05,EXACT_ZERO_REFERENCE_MISMATCH
4,SUS,W+P1,localForce,300-310,J,mz,0,-1.4551915228366852e-10,-1.4551915228366852e-10,1.4551915228366852e-10,,,,,0.05,EXACT_ZERO_REFERENCE_MISMATCH
4,SUS,W+P1,localForce,320-330,I,fx,0,-1.076841726899147e-9,-1.076841726899147e-9,1.076841726899147e-9,,,,,0.05,EXACT_ZERO_REFERENCE_MISMATCH
4,SUS,W+P1,localForce,320-330,I,fy,0,-1.5446403267560527e-8,-1.5446403267560527e-8,1.5446403267560527e-8,,,,,0.05,EXACT_ZERO_REFERENCE_MISMATCH
4,SUS,W+P1,localForce,320-330,I,mx,0,-5.827871518704342e-11,-5.827871518704342e-11,5.827871518704342e-11,,,,,0.05,EXACT_ZERO_REFERENCE_MISMATCH
4,SUS,W+P1,localForce,320-330,I,mz,0,-5.947082826196493e-10,-5.947082826196493e-10,5.947082826196493e-10,,,,,0.05,EXACT_ZERO_REFERENCE_MISMATCH
4,SUS,W+P1,localForce,320-330,J,fx,0,1.076841726899147e-9,1.076841726899147e-9,1.076841726899147e-9,,,,,0.05,EXACT_ZERO_REFERENCE_MISMATCH
4,SUS,W+P1,localForce,320-330,J,fy,0,1.5446403267560527e-8,1.5446403267560527e-8,1.5446403267560527e-8,,,,,0.05,EXACT_ZERO_REFERENCE_MISMATCH
4,SUS,W+P1,localForce,320-330,J,mx,0,5.827871518704342e-11,5.827871518704342e-11,5.827871518704342e-11,,,,,0.05,EXACT_ZERO_REFERENCE_MISMATCH
4,SUS,W+P1,localForce,320-330,J,mz,0,-1.751985223563679e-10,-1.751985223563679e-10,1.751985223563679e-10,,,,,0.05,EXACT_ZERO_REFERENCE_MISMATCH
4,SUS,W+P1,localForce,330-340,I,fy,0,-1.664739102125168e-8,-1.664739102125168e-8,1.664739102125168e-8,,,,,0.05,EXACT_ZERO_REFERENCE_MISMATCH
4,SUS,W+P1,localForce,330-340,I,mz,0,1.7462298274040222e-10,1.7462298274040222e-10,1.7462298274040222e-10,,,,,0.05,EXACT_ZERO_REFERENCE_MISMATCH
4,SUS,W+P1,localForce,330-340,J,fy,0,1.664739102125168e-8,1.664739102125168e-8,1.664739102125168e-8,,,,,0.05,EXACT_ZERO_REFERENCE_MISMATCH
4,SUS,W+P1,localForce,330-340,J,fz,0,1.5747751991312953e-9,1.5747751991312953e-9,1.5747751991312953e-9,,,,,0.05,EXACT_ZERO_REFERENCE_MISMATCH
4,SUS,W+P1,localForce,330-340,J,my,0,2.8661398254747894e-10,2.8661398254747894e-10,2.8661398254747894e-10,,,,,0.05,EXACT_ZERO_REFERENCE_MISMATCH
4,SUS,W+P1,localForce,330-340,J,mz,0,1.0186340659856796e-10,1.0186340659856796e-10,1.0186340659856796e-10,,,,,0.05,EXACT_ZERO_REFERENCE_MISMATCH
6,EXP,L6=L3-L4,displacement,20,,RX,-0.000008883725892651138,-0.000006967654557376768,0.0000019160713352743693,0.0000019160713352743693,-0.2156833020770481,0.2156833020770481,-21.56833020770481,21.56833020770481,0.05,RELATIVE_ERROR_NOT_BELOW_5_PERCENT
6,EXP,L6=L3-L4,displacement,20,,RY,-0.000012479104151759457,-0.000013115208634602913,-6.361044828434556e-7,6.361044828434556e-7,0.05097356950528935,0.05097356950528935,5.097356950528935,5.097356950528935,0.05,RELATIVE_ERROR_NOT_BELOW_5_PERCENT
6,EXP,L6=L3-L4,displacement,20,,UX,0.000001095,0.000001155329347749482,6.032934774948199e-8,6.032934774948199e-8,0.05509529474838537,0.05509529474838537,5.509529474838537,5.509529474838537,0.05,RELATIVE_ERROR_NOT_BELOW_5_PERCENT
6,EXP,L6=L3-L4,displacement,20,,UY,-4.7500000000000006e-7,-4.464910453827821e-7,2.850895461721798e-8,2.850895461721798e-8,-0.06001885182572205,0.06001885182572205,-6.001885182572205,6.001885182572205,0.05,RELATIVE_ERROR_NOT_BELOW_5_PERCENT
6,EXP,L6=L3-L4,displacement,30,,RY,-0.00009459684545809266,-0.00012530193025935024,-0.00003070508480125758,0.00003070508480125758,0.32458888721464013,0.32458888721464013,32.458888721464014,32.458888721464014,0.05,RELATIVE_ERROR_NOT_BELOW_5_PERCENT
6,EXP,L6=L3-L4,displacement,30,,RZ,-0.002828044253469012,-0.0031400071608362846,-0.00031196290736727273,0.00031196290736727273,0.11031047586493894,0.11031047586493894,11.031047586493894,11.031047586493894,0.05,RELATIVE_ERROR_NOT_BELOW_5_PERCENT
6,EXP,L6=L3-L4,displacement,30,,UY,-0.0010366659999999999,-0.0009829515946961824,0.00005371440530381748,0.00005371440530381748,-0.051814572199548825,0.051814572199548825,-5.181457219954883,5.181457219954883,0.05,RELATIVE_ERROR_NOT_BELOW_5_PERCENT
6,EXP,L6=L3-L4,displacement,31,,RY,-0.00009217083779782055,-0.0001204696510161618,-0.00002829881321834125,0.00002829881321834125,0.30702566988070057,0.30702566988070057,30.702566988070057,30.702566988070057,0.05,RELATIVE_ERROR_NOT_BELOW_5_PERCENT
6,EXP,L6=L3-L4,displacement,31,,RZ,-0.002832966081959636,-0.003150312550232098,-0.0003173464682724621,0.0003173464682724621,0.1120191555745508,0.1120191555745508,11.20191555745508,11.20191555745508,0.05,RELATIVE_ERROR_NOT_BELOW_5_PERCENT
6,EXP,L6=L3-L4,displacement,31,,UX,0.00092139,0.0009763084401416328,0.00005491844014163282,0.00005491844014163282,0.059603902952748374,0.059603902952748374,5.960390295274838,5.960390295274838,0.05,RELATIVE_ERROR_NOT_BELOW_5_PERCENT
6,EXP,L6=L3-L4,displacement,31,,UY,-0.000782126,-0.0009829389537641421,-0.00020081295376414218,0.00020081295376414218,0.25675268916279753,0.25675268916279753,25.67526891627975,25.67526891627975,0.05,RELATIVE_ERROR_NOT_BELOW_5_PERCENT
6,EXP,L6=L3-L4,displacement,38,,RZ,0.002418624917536182,0.002266238472641638,-0.00015238644489454396,0.00015238644489454396,-0.06300540600143069,0.06300540600143069,-6.300540600143069,6.300540600143069,0.05,RELATIVE_ERROR_NOT_BELOW_5_PERCENT
6,EXP,L6=L3-L4,displacement,38,,UX,-0.00025464800000000006,-0.0002782332173773449,-0.000023585217377344815,0.000023585217377344815,0.09261889894028152,0.09261889894028152,9.261889894028153,9.261889894028153,0.05,RELATIVE_ERROR_NOT_BELOW_5_PERCENT
6,EXP,L6=L3-L4,displacement,38,,UY,0.000128413,0.0006124537117921242,0.0004840407117921242,0.0004840407117921242,3.7694058373538835,3.7694058373538835,376.9405837353884,376.9405837353884,0.05,RELATIVE_ERROR_NOT_BELOW_5_PERCENT
6,EXP,L6=L3-L4,displacement,39,,RZ,0.0022200413552442675,0.002069749103093823,-0.0001502922521504444,0.0001502922521504444,-0.06769795156987425,0.06769795156987425,-6.769795156987425,6.769795156987425,0.05,RELATIVE_ERROR_NOT_BELOW_5_PERCENT
6,EXP,L6=L3-L4,displacement,39,,UX,0.00002055499999999999,0.000004057595243239022,-0.000016497404756760966,0.000016497404756760966,-0.8025981394678169,0.8025981394678169,-80.25981394678169,80.25981394678169,0.05,RELATIVE_ERROR_NOT_BELOW_5_PERCENT
6,EXP,L6=L3-L4,displacement,39,,UY,0.001260675,0.00177362821325215,0.0005129532132521501,0.0005129532132521501,0.4068877492233527,0.4068877492233527,40.68877492233527,40.68877492233527,0.05,RELATIVE_ERROR_NOT_BELOW_5_PERCENT
6,EXP,L6=L3-L4,displacement,40,,RZ,0.002216777589543038,0.002075906460208689,-0.0001408711293343491,0.0001408711293343491,-0.06354770546168684,0.06354770546168684,-6.354770546168684,6.354770546168684,0.05,RELATIVE_ERROR_NOT_BELOW_5_PERCENT
6,EXP,L6=L3-L4,displacement,40,,UY,0.0022659,0.0027980237556038475,0.0005321237556038475,0.0005321237556038475,0.2348399115600192,0.2348399115600192,23.48399115600192,23.48399115600192,0.05,RELATIVE_ERROR_NOT_BELOW_5_PERCENT
6,EXP,L6=L3-L4,displacement,48,,UX,-0.002844301,-0.0026996477905831735,0.00014465320941682656,0.00014465320941682656,-0.050857208648742366,0.050857208648742366,-5.0857208648742365,5.0857208648742365,0.05,RELATIVE_ERROR_NOT_BELOW_5_PERCENT
6,EXP,L6=L3-L4,displacement,48,,UY,0.007331488000000001,0.007940099253146989,0.000608611253146988,0.000608611253146988,0.08301333278414803,0.08301333278414803,8.301333278414804,8.301333278414804,0.05,RELATIVE_ERROR_NOT_BELOW_5_PERCENT
6,EXP,L6=L3-L4,displacement,48,,UZ,-0.00043367199999999996,-0.0003761618509422432,0.00005751014905775679,0.00005751014905775679,-0.13261208714825212,0.13261208714825212,-13.261208714825212,13.261208714825212,0.05,RELATIVE_ERROR_NOT_BELOW_5_PERCENT
6,EXP,L6=L3-L4,displacement,49,,RZ,0.002107415258613073,0.001990463109681156,-0.00011695214893191674,0.00011695214893191674,-0.0554955405461404,0.0554955405461404,-5.54955405461404,5.54955405461404,0.05,RELATIVE_ERROR_NOT_BELOW_5_PERCENT
6,EXP,L6=L3-L4,displacement,49,,UX,-0.002893672,-0.0027332917195572485,0.00016038028044275138,0.00016038028044275138,-0.05542448502897059,0.05542448502897059,-5.542448502897059,5.542448502897059,0.05,RELATIVE_ERROR_NOT_BELOW_5_PERCENT
6,EXP,L6=L3-L4,displacement,49,,UY,0.007911109,0.008521742796170649,0.0006106337961706496,0.0006106337961706496,0.07718687685514757,0.07718687685514757,7.718687685514756,7.718687685514756,0.05,RELATIVE_ERROR_NOT_BELOW_5_PERCENT
6,EXP,L6=L3-L4,displacement,49,,UZ,0.0012009829999999999,0.001282301118684756,0.00008131811868475618,0.00008131811868475618,0.06770963342924603,0.06770963342924603,6.7709633429246034,6.7709633429246034,0.05,RELATIVE_ERROR_NOT_BELOW_5_PERCENT
6,EXP,L6=L3-L4,displacement,50,,RZ,0.0017302496072570987,0.0016143328381518708,-0.00011591676910522783,0.00011591676910522783,-0.06699424673702799,0.06699424673702799,-6.699424673702799,6.699424673702799,0.05,RELATIVE_ERROR_NOT_BELOW_5_PERCENT
6,EXP,L6=L3-L4,displacement,50,,UX,-0.0025023790000000003,-0.0023295144031131795,0.0001728645968868208,0.0001728645968868208,-0.06908010212954184,0.06908010212954184,-6.908010212954184,6.908010212954184,0.05,RELATIVE_ERROR_NOT_BELOW_5_PERCENT
6,EXP,L6=L3-L4,displacement,50,,UY,0.008315452000000001,0.008916553787532097,0.0006011017875320965,0.0006011017875320965,0.07228732575596569,0.07228732575596569,7.2287325755965695,7.2287325755965695,0.05,RELATIVE_ERROR_NOT_BELOW_5_PERCENT
6,EXP,L6=L3-L4,displacement,58,,RX,0.00030478684727576976,0.000320373600826283,0.000015586753550513217,0.000015586753550513217,0.051139849668153145,0.051139849668153145,5.113984966815314,5.113984966815314,0.05,RELATIVE_ERROR_NOT_BELOW_5_PERCENT
6,EXP,L6=L3-L4,displacement,58,,RZ,0.0014708064139481412,0.001356844785780386,-0.00011396162816775532,0.00011396162816775532,-0.0774824117484257,0.0774824117484257,-7.74824117484257,7.74824117484257,0.05,RELATIVE_ERROR_NOT_BELOW_5_PERCENT
6,EXP,L6=L3-L4,displacement,58,,UX,-0.0006432580000000001,-0.0004423228929219293,0.00020093510707807076,0.00020093510707807076,-0.312370941485486,0.312370941485486,-31.2370941485486,31.2370941485486,0.05,RELATIVE_ERROR_NOT_BELOW_5_PERCENT
6,EXP,L6=L3-L4,displacement,58,,UY,0.008978396,0.009531481398357121,0.0005530853983571216,0.0005530853983571216,0.06160180486103772,0.06160180486103772,6.160180486103773,6.160180486103773,0.05,RELATIVE_ERROR_NOT_BELOW_5_PERCENT
6,EXP,L6=L3-L4,displacement,59,,RZ,0.0012507378485641764,0.0011411151713525453,-0.00010962267721163115,0.00010962267721163115,-0.08764640594947688,0.08764640594947688,-8.764640594947688,8.764640594947688,0.05,RELATIVE_ERROR_NOT_BELOW_5_PERCENT
6,EXP,L6=L3-L4,displacement,59,,UX,-0.00010496900000000009,0.0000982761102450492,0.0002032451102450493,0.0002032451102450493,-1.9362393682425205,1.9362393682425205,-193.62393682425204,193.62393682425204,0.05,RELATIVE_ERROR_NOT_BELOW_5_PERCENT
6,EXP,L6=L3-L4,displacement,59,,UY,0.008925504999999999,0.0094635424568396,0.0005380374568396008,0.0005380374568396008,0.06028089803765735,0.06028089803765735,6.0280898037657344,6.0280898037657344,0.05,RELATIVE_ERROR_NOT_BELOW_5_PERCENT
6,EXP,L6=L3-L4,displacement,60,,RZ,0.0011122459724184264,0.0010085004478208222,-0.00010374552459760421,0.00010374552459760421,-0.09327570265057808,0.09327570265057808,-9.327570265057808,9.327570265057808,0.05,RELATIVE_ERROR_NOT_BELOW_5_PERCENT
6,EXP,L6=L3-L4,displacement,60,,UX,0.00021865600000000018,0.0004134583338476481,0.00019480233384764793,0.00019480233384764793,0.890907790536952,0.890907790536952,89.0907790536952,89.0907790536952,0.05,RELATIVE_ERROR_NOT_BELOW_5_PERCENT
6,EXP,L6=L3-L4,displacement,60,,UY,0.008498416,0.009024405534829045,0.0005259895348290449,0.0005259895348290449,0.06189265562300609,0.06189265562300609,6.1892655623006085,6.1892655623006085,0.05,RELATIVE_ERROR_NOT_BELOW_5_PERCENT
6,EXP,L6=L3-L4,displacement,63,,RZ,0.0013311277139110352,0.0012433322889669042,-0.00008779542494413099,0.00008779542494413099,-0.06595567354403284,0.06595567354403284,-6.595567354403284,6.595567354403284,0.05,RELATIVE_ERROR_NOT_BELOW_5_PERCENT
6,EXP,L6=L3-L4,displacement,63,,UX,0.00101994,0.0011476861668477457,0.00012774616684774567,0.00012774616684774567,0.12524870761784582,0.12524870761784582,12.524870761784582,12.524870761784582,0.05,RELATIVE_ERROR_NOT_BELOW_5_PERCENT
6,EXP,L6=L3-L4,displacement,63,,UY,0.005401566,0.0058807864518444705,0.0004792204518444705,0.0004792204518444705,0.08871879966744284,0.08871879966744284,8.871879966744284,8.871879966744284,0.05,RELATIVE_ERROR_NOT_BELOW_5_PERCENT
6,EXP,L6=L3-L4,displacement,64,,RZ,0.0012033870659575706,0.001122655933549945,-0.00008073113240762556,0.00008073113240762556,-0.06708658809074487,0.06708658809074487,-6.708658809074487,6.708658809074487,0.05,RELATIVE_ERROR_NOT_BELOW_5_PERCENT
6,EXP,L6=L3-L4,displacement,64,,UX,0.0014871399999999999,0.0016076631816058045,0.0001205231816058046,0.0001205231816058046,0.08104360154780627,0.08104360154780627,8.104360154780627,8.104360154780627,0.05,RELATIVE_ERROR_NOT_BELOW_5_PERCENT
6,EXP,L6=L3-L4,displacement,64,,UY,0.004547125,0.005012112744200683,0.0004649877442006829,0.0004649877442006829,0.10225972327584636,0.10225972327584636,10.225972327584635,10.225972327584635,0.05,RELATIVE_ERROR_NOT_BELOW_5_PERCENT
6,EXP,L6=L3-L4,displacement,65,,RZ,0.0009149714070655073,0.0008343381917844768,-0.00008063321528103051,0.00008063321528103051,-0.08812648642173097,0.08812648642173097,-8.812648642173098,8.812648642173098,0.05,RELATIVE_ERROR_NOT_BELOW_5_PERCENT
6,EXP,L6=L3-L4,displacement,65,,UX,0.0021726700000000002,0.0022922089604738224,0.0001195389604738222,0.0001195389604738222,0.05501938190052893,0.05501938190052893,5.5019381900528925,5.5019381900528925,0.05,RELATIVE_ERROR_NOT_BELOW_5_PERCENT
6,EXP,L6=L3-L4,displacement,65,,UY,0.003519505,0.003963657803239113,0.000444152803239113,0.000444152803239113,0.12619752017374972,0.12619752017374972,12.61975201737497,12.61975201737497,0.05,RELATIVE_ERROR_NOT_BELOW_5_PERCENT
6,EXP,L6=L3-L4,displacement,70,,RX,-0.002436514542369124,-0.002597934388504834,-0.00016141984613571,0.00016141984613571,0.0662503109785484,0.0662503109785484,6.625031097854841,6.625031097854841,0.05,RELATIVE_ERROR_NOT_BELOW_5_PERCENT
6,EXP,L6=L3-L4,displacement,70,,RY,0.0008650026305809096,0.000921303647502319,0.0000563010169214094,0.0000563010169214094,0.06508768289363391,0.06508768289363391,6.508768289363391,6.508768289363391,0.05,RELATIVE_ERROR_NOT_BELOW_5_PERCENT
6,EXP,L6=L3-L4,displacement,71,,RX,-0.0024352404520151683,-0.0025877518734785743,-0.00015251142146340598,0.00015251142146340598,0.0626268430032042,0.0626268430032042,6.26268430032042,6.26268430032042,0.05,RELATIVE_ERROR_NOT_BELOW_5_PERCENT
6,EXP,L6=L3-L4,displacement,71,,RY,0.0008651073503360293,0.0009222473602961282,0.00005714000996009884,0.00005714000996009884,0.06604961793227652,0.06604961793227652,6.604961793227653,6.604961793227653,0.05,RELATIVE_ERROR_NOT_BELOW_5_PERCENT
6,EXP,L6=L3-L4,displacement,80,,RX,-0.002198521445567177,-0.002353940772755699,-0.0001554193271885219,0.0001554193271885219,0.0706926591513992,0.0706926591513992,7.06926591513992,7.06926591513992,0.05,RELATIVE_ERROR_NOT_BELOW_5_PERCENT
6,EXP,L6=L3-L4,displacement,80,,RY,0.0010560114639191693,0.0011130294421542466,0.00005701797823507728,0.00005701797823507728,0.05399371141622533,0.05399371141622533,5.399371141622533,5.399371141622533,0.05,RELATIVE_ERROR_NOT_BELOW_5_PERCENT
6,EXP,L6=L3-L4,displacement,90,,RX,-0.0021629690887040526,-0.0023172249743507764,-0.00015425588564672377,0.00015425588564672377,0.07131673145599436,0.07131673145599436,7.131673145599436,7.131673145599436,0.05,RELATIVE_ERROR_NOT_BELOW_5_PERCENT
6,EXP,L6=L3-L4,displacement,90,,RY,0.0010780026124942977,0.0011351697210610382,0.00005716710856674056,0.00005716710856674056,0.05303058443844259,0.05303058443844259,5.303058443844259,5.303058443844259,0.05,RELATIVE_ERROR_NOT_BELOW_5_PERCENT
6,EXP,L6=L3-L4,displacement,100,,RX,-0.0018916227498964942,-0.00203503780757766,-0.00014341505768116587,0.00014341505768116587,0.07581588754365175,0.07581588754365175,7.581588754365175,7.581588754365175,0.05,RELATIVE_ERROR_NOT_BELOW_5_PERCENT
6,EXP,L6=L3-L4,displacement,101,,RX,-0.0018916227498964942,-0.0020350378075776688,-0.00014341505768117454,0.00014341505768117454,0.07581588754365633,0.07581588754365633,7.581588754365633,7.581588754365633,0.05,RELATIVE_ERROR_NOT_BELOW_5_PERCENT
6,EXP,L6=L3-L4,displacement,110,,RX,-0.0016233830971574856,-0.0017553343079753615,-0.0001319512108178759,0.0001319512108178759,0.08128162172497674,0.08128162172497674,8.128162172497674,8.128162172497674,0.05,RELATIVE_ERROR_NOT_BELOW_5_PERCENT
6,EXP,L6=L3-L4,displacement,120,,RX,-0.0015842877219128125,-0.0017141850922915858,-0.00012989737037877335,0.00012989737037877335,0.08199102257886585,0.08199102257886585,8.199102257886585,8.199102257886585,0.05,RELATIVE_ERROR_NOT_BELOW_5_PERCENT
6,EXP,L6=L3-L4,displacement,129,,RX,-0.0007060031357242262,-0.000777239118676668,-0.00007123598295244178,0.00007123598295244178,0.10090037755904169,0.10090037755904169,10.090037755904168,10.090037755904168,0.05,RELATIVE_ERROR_NOT_BELOW_5_PERCENT
6,EXP,L6=L3-L4,displacement,129,,RY,0.0012177336724089637,0.0012853406598541148,0.00006760698744515104,0.00006760698744515104,0.055518697541974436,0.055518697541974436,5.551869754197444,5.551869754197444,0.05,RELATIVE_ERROR_NOT_BELOW_5_PERCENT
6,EXP,L6=L3-L4,displacement,129,,UZ,0.000097381,0.00010481388600283695,0.0000074328860028369535,0.0000074328860028369535,0.07632788739935875,0.07632788739935875,7.632788739935875,7.632788739935875,0.05,RELATIVE_ERROR_NOT_BELOW_5_PERCENT
6,EXP,L6=L3-L4,displacement,130,,RX,-0.0003084869452899977,-0.00032867053989525934,-0.000020183594605261627,0.000020183594605261627,0.06542771068087741,0.06542771068087741,6.542771068087741,6.542771068087741,0.05,RELATIVE_ERROR_NOT_BELOW_5_PERCENT
6,EXP,L6=L3-L4,displacement,130,,RY,0.0011986397703921457,0.00127032149952382,0.00007168172913167418,0.00007168172913167418,0.05980256195589344,0.05980256195589344,5.980256195589344,5.980256195589344,0.05,RELATIVE_ERROR_NOT_BELOW_5_PERCENT
6,EXP,L6=L3-L4,displacement,140,,RY,0.0009296147194897398,0.0010102183528073844,0.00008060363331764469,0.00008060363331764469,0.0867064942365452,0.0867064942365452,8.67064942365452,8.67064942365452,0.05,RELATIVE_ERROR_NOT_BELOW_5_PERCENT
6,EXP,L6=L3-L4,displacement,140,,UX,0.0005207769999999998,0.0004713015266431964,-0.000049475473356803404,0.000049475473356803404,-0.09500318438948613,0.09500318438948613,-9.500318438948613,9.500318438948613,0.05,RELATIVE_ERROR_NOT_BELOW_5_PERCENT
6,EXP,L6=L3-L4,displacement,141,,RY,0.0009296147194897398,0.0010102183528075278,0.00008060363331778802,0.00008060363331778802,0.08670649423669938,0.08670649423669938,8.670649423669937,8.670649423669937,0.05,RELATIVE_ERROR_NOT_BELOW_5_PERCENT
6,EXP,L6=L3-L4,displacement,141,,UX,0.0005739039999999998,0.0005290355029805975,-0.0000448684970194023,0.0000448684970194023,-0.07818118887375296,0.07818118887375296,-7.818118887375296,7.818118887375296,0.05,RELATIVE_ERROR_NOT_BELOW_5_PERCENT
6,EXP,L6=L3-L4,displacement,141,,UZ,-0.000006267000000000009,-0.0002626367739889802,-0.00025636977398898016,0.00025636977398898016,40.90789436556244,40.90789436556244,4090.7894365562443,4090.7894365562443,0.05,RELATIVE_ERROR_NOT_BELOW_5_PERCENT
6,EXP,L6=L3-L4,displacement,150,,RX,-0.00028461084112271534,-0.0002537324203886274,0.00003087842073408795,0.00003087842073408795,-0.1084934804741824,0.1084934804741824,-10.84934804741824,10.84934804741824,0.05,RELATIVE_ERROR_NOT_BELOW_5_PERCENT
6,EXP,L6=L3-L4,displacement,150,,RY,0.0005936562917733513,0.0006854293103743545,0.00009177301860100319,0.00009177301860100319,0.15458948194899397,0.15458948194899397,15.458948194899397,15.458948194899397,0.05,RELATIVE_ERROR_NOT_BELOW_5_PERCENT
6,EXP,L6=L3-L4,displacement,151,,RX,-0.0002860943709869105,-0.0002656337734955372,0.000020460597491373303,0.000020460597491373303,-0.07151695232867558,0.07151695232867558,-7.151695232867558,7.151695232867558,0.05,RELATIVE_ERROR_NOT_BELOW_5_PERCENT
6,EXP,L6=L3-L4,displacement,151,,RY,0.0005940402642087899,0.000689191539162215,0.00009515127495342507,0.00009515127495342507,0.1601764740310294,0.1601764740310294,16.017647403102938,16.017647403102938,0.05,RELATIVE_ERROR_NOT_BELOW_5_PERCENT
6,EXP,L6=L3-L4,displacement,151,,UZ,-0.000150127,-0.0003943162047438321,-0.0002441892047438321,0.0002441892047438321,1.6265508852094033,1.6265508852094033,162.65508852094032,162.65508852094032,0.05,RELATIVE_ERROR_NOT_BELOW_5_PERCENT
6,EXP,L6=L3-L4,displacement,158,,RX,0.000015184364492350668,0.000041880361223018035,0.000026695996730667367,0.000026695996730667367,1.758124071910671,1.758124071910671,175.8124071910671,175.8124071910671,0.05,RELATIVE_ERROR_NOT_BELOW_5_PERCENT
6,EXP,L6=L3-L4,displacement,158,,RY,-0.000017523105690023063,0.000043783645713262926,0.00006130675140328599,0.00006130675140328599,-3.4986236165996267,3.4986236165996267,-349.8623616599627,349.8623616599627,0.05,RELATIVE_ERROR_NOT_BELOW_5_PERCENT
6,EXP,L6=L3-L4,displacement,158,,UZ,-0.000452212,-0.0004236722693180537,0.000028539730681946323,0.000028539730681946323,-0.06311139616362751,0.06311139616362751,-6.311139616362752,6.311139616362752,0.05,RELATIVE_ERROR_NOT_BELOW_5_PERCENT
6,EXP,L6=L3-L4,displacement,159,,RX,0.00006967354373961365,0.00009508228999801624,0.00002540874625840259,0.00002540874625840259,0.3646828465243713,0.3646828465243713,36.46828465243713,36.46828465243713,0.05,RELATIVE_ERROR_NOT_BELOW_5_PERCENT
6,EXP,L6=L3-L4,displacement,159,,RY,-0.00016547466638158238,-0.00011068139181532288,0.0000547932745662595,0.0000547932745662595,-0.33112787452253833,0.33112787452253833,-33.11278745225383,33.11278745225383,0.05,RELATIVE_ERROR_NOT_BELOW_5_PERCENT
6,EXP,L6=L3-L4,displacement,159,,UZ,-0.000442293,-0.0004135849466598622,0.00002870805334013782,0.00002870805334013782,-0.06490732012520618,0.06490732012520618,-6.490732012520619,6.490732012520619,0.05,RELATIVE_ERROR_NOT_BELOW_5_PERCENT
6,EXP,L6=L3-L4,displacement,160,,RX,0.00010224138758182782,0.00012814367403146763,0.000025902286449639803,0.000025902286449639803,0.2533444338175592,0.2533444338175592,25.33444338175592,25.33444338175592,0.05,RELATIVE_ERROR_NOT_BELOW_5_PERCENT
6,EXP,L6=L3-L4,displacement,160,,RY,-0.0004115660909127828,-0.0003708634778509478,0.00004070261306183501,0.00004070261306183501,-0.09889690613617759,0.09889690613617759,-9.88969061361776,9.88969061361776,0.05,RELATIVE_ERROR_NOT_BELOW_5_PERCENT
6,EXP,L6=L3-L4,displacement,160,,UY,-0.00003665199999999968,-0.00002663373558203482,0.000010018264417964864,0.000010018264417964864,-0.27333472710806916,0.27333472710806916,-27.333472710806916,27.333472710806916,0.05,RELATIVE_ERROR_NOT_BELOW_5_PERCENT
6,EXP,L6=L3-L4,displacement,160,,UZ,-0.000405779,-0.00038110575918031336,0.000024673240819686633,0.000024673240819686633,-0.060804627197776705,0.060804627197776705,-6.08046271977767,6.08046271977767,0.05,RELATIVE_ERROR_NOT_BELOW_5_PERCENT
6,EXP,L6=L3-L4,displacement,168,,RX,-0.00008958775050486894,-0.0000765150116642578,0.000013072738840611142,0.000013072738840611142,-0.14592105245348985,0.14592105245348985,-14.592105245348986,14.592105245348986,0.05,RELATIVE_ERROR_NOT_BELOW_5_PERCENT
6,EXP,L6=L3-L4,displacement,168,,UZ,-0.000043052,-0.000040433309135298744,0.000002618690864701257,0.000002618690864701257,-0.060826230249494954,0.060826230249494954,-6.082623024949496,6.082623024949496,0.05,RELATIVE_ERROR_NOT_BELOW_5_PERCENT
6,EXP,L6=L3-L4,displacement,169,,RX,-0.000056199601914217425,-0.00004845043908925863,0.000007749162824958794,0.000007749162824958794,-0.13788643622043886,0.13788643622043886,-13.788643622043887,13.788643622043887,0.05,RELATIVE_ERROR_NOT_BELOW_5_PERCENT
6,EXP,L6=L3-L4,displacement,169,,UZ,-0.000007932999999999998,-0.000007264661305041337,6.683386949586617e-7,6.683386949586617e-7,-0.08424791314240034,0.08424791314240034,-8.424791314240034,8.424791314240034,0.05,RELATIVE_ERROR_NOT_BELOW_5_PERCENT
6,EXP,L6=L3-L4,displacement,170,,RX,0,-2.491977623870113e-7,-2.491977623870113e-7,2.491977623870113e-7,,,,,0.05,EXACT_ZERO_REFERENCE_MISMATCH
6,EXP,L6=L3-L4,displacement,170,,RY,-0.000003787364476827695,-0.0000027140192966953584,0.0000010733451801323366,0.0000010733451801323366,-0.28340160729166813,0.28340160729166813,-28.340160729166815,28.340160729166815,0.05,RELATIVE_ERROR_NOT_BELOW_5_PERCENT
6,EXP,L6=L3-L4,displacement,170,,RZ,0.000003420845333908884,0.000002141561548123343,-0.000001279283785785541,0.000001279283785785541,-0.37396715165831446,0.37396715165831446,-37.396715165831445,37.396715165831445,0.05,RELATIVE_ERROR_NOT_BELOW_5_PERCENT
6,EXP,L6=L3-L4,displacement,170,,UX,-2.7000000000000007e-8,-3.560391787236574e-8,-8.603917872365733e-9,8.603917872365733e-9,0.3186636249024345,0.3186636249024345,31.86636249024345,31.86636249024345,0.05,RELATIVE_ERROR_NOT_BELOW_5_PERCENT
6,EXP,L6=L3-L4,displacement,170,,UZ,0,-9.271087459806236e-8,-9.271087459806236e-8,9.271087459806236e-8,,,,,0.05,EXACT_ZERO_REFERENCE_MISMATCH
6,EXP,L6=L3-L4,displacement,180,,RX,0,-2.491977623870113e-7,-2.491977623870113e-7,2.491977623870113e-7,,,,,0.05,EXACT_ZERO_REFERENCE_MISMATCH
6,EXP,L6=L3-L4,displacement,180,,RY,-0.000002460914245312005,-0.0000027140192966953584,-2.531050513833535e-7,2.531050513833535e-7,0.10285000863622691,0.10285000863622691,10.285000863622692,10.285000863622692,0.05,RELATIVE_ERROR_NOT_BELOW_5_PERCENT
6,EXP,L6=L3-L4,displacement,180,,UX,-3.899999999999997e-8,-3.560391787236574e-8,3.3960821276342323e-9,3.3960821276342323e-9,-0.08707902891369833,0.08707902891369833,-8.707902891369832,8.707902891369832,0.05,RELATIVE_ERROR_NOT_BELOW_5_PERCENT
6,EXP,L6=L3-L4,displacement,180,,UZ,0,-9.271087459806236e-8,-9.271087459806236e-8,9.271087459806236e-8,,,,,0.05,EXACT_ZERO_REFERENCE_MISMATCH
6,EXP,L6=L3-L4,displacement,198,,RZ,-0.004422350165288272,-0.004111333096653566,0.0003110170686347058,0.0003110170686347058,-0.0703284581750057,0.0703284581750057,-7.03284581750057,7.03284581750057,0.05,RELATIVE_ERROR_NOT_BELOW_5_PERCENT
6,EXP,L6=L3-L4,displacement,198,,UY,-0.000020199999999999996,-0.00020946731005969867,-0.00018926731005969866,0.00018926731005969866,9.369668814836569,9.369668814836569,936.9668814836568,936.9668814836568,0.05,RELATIVE_ERROR_NOT_BELOW_5_PERCENT
6,EXP,L6=L3-L4,displacement,199,,UY,0.000506094,0.0003151151629463086,-0.0001909788370536914,0.0001909788370536914,-0.37735842956781035,0.37735842956781035,-37.735842956781035,37.735842956781035,0.05,RELATIVE_ERROR_NOT_BELOW_5_PERCENT
6,EXP,L6=L3-L4,displacement,200,,RX,-0.0014586065624767014,-0.0013776806644463751,0.00008092589803032624,0.00008092589803032624,-0.055481649481210864,0.055481649481210864,-5.548164948121086,5.548164948121086,0.05,RELATIVE_ERROR_NOT_BELOW_5_PERCENT
6,EXP,L6=L3-L4,displacement,200,,UY,0.001069867,0.0008736338605747589,-0.00019623313942524108,0.00019623313942524108,-0.18341825612458473,0.18341825612458473,-18.34182561245847,18.34182561245847,0.05,RELATIVE_ERROR_NOT_BELOW_5_PERCENT
6,EXP,L6=L3-L4,displacement,220,,UY,0.000004368,0.0000037148649672353497,-6.531350327646507e-7,6.531350327646507e-7,-0.1495272510908083,0.1495272510908083,-14.95272510908083,14.95272510908083,0.05,RELATIVE_ERROR_NOT_BELOW_5_PERCENT
6,EXP,L6=L3-L4,displacement,230,,RX,-0.000004625122517784974,-0.0000024418886427405067,0.000002183233875044467,0.000002183233875044467,-0.47203806313222674,0.47203806313222674,-47.20380631322267,47.20380631322267,0.05,RELATIVE_ERROR_NOT_BELOW_5_PERCENT
6,EXP,L6=L3-L4,displacement,230,,UY,-2.1999999999999993e-7,-5.758142126059849e-7,-3.55814212605985e-7,3.55814212605985e-7,1.617337330027205,1.617337330027205,161.7337330027205,161.7337330027205,0.05,RELATIVE_ERROR_NOT_BELOW_5_PERCENT
6,EXP,L6=L3-L4,displacement,248,,RX,-0.000025481807079117214,-0.0002468596507637042,-0.000221377843684587,0.000221377843684587,8.68768227454363,8.68768227454363,868.7682274543629,868.7682274543629,0.05,RELATIVE_ERROR_NOT_BELOW_5_PERCENT
6,EXP,L6=L3-L4,displacement,248,,RY,0.0015764511935713584,0.0017238226615570091,0.00014737146798565076,0.00014737146798565076,0.09348305141739864,0.09348305141739864,9.348305141739864,9.348305141739864,0.05,RELATIVE_ERROR_NOT_BELOW_5_PERCENT
6,EXP,L6=L3-L4,displacement,248,,UX,0.001053684,0.0011166576516768968,0.00006297365167689671,0.00006297365167689671,0.05976521583026478,0.05976521583026478,5.976521583026478,5.976521583026478,0.05,RELATIVE_ERROR_NOT_BELOW_5_PERCENT
6,EXP,L6=L3-L4,displacement,248,,UY,-0.0008749560000000001,-0.0009236386432861492,-0.000048682643286149154,0.000048682643286149154,0.055640104515140364,0.055640104515140364,5.5640104515140365,5.5640104515140365,0.05,RELATIVE_ERROR_NOT_BELOW_5_PERCENT
6,EXP,L6=L3-L4,displacement,249,,RX,-0.0009208531666447281,-0.0010867042831533443,-0.00016585111650861619,0.00016585111650861619,0.18010593058274488,0.18010593058274488,18.010593058274488,18.010593058274488,0.05,RELATIVE_ERROR_NOT_BELOW_5_PERCENT
6,EXP,L6=L3-L4,displacement,249,,RY,0.0016319701170772981,0.00178580722607032,0.00015383710899302184,0.00015383710899302184,0.09426466047584826,0.09426466047584826,9.426466047584826,9.426466047584826,0.05,RELATIVE_ERROR_NOT_BELOW_5_PERCENT
6,EXP,L6=L3-L4,displacement,249,,UX,0.0007837039999999998,0.000840067279705573,0.000056363279705573294,0.000056363279705573294,0.07191909152635856,0.07191909152635856,7.191909152635856,7.191909152635856,0.05,RELATIVE_ERROR_NOT_BELOW_5_PERCENT
6,EXP,L6=L3-L4,displacement,249,,UY,-0.0006484629999999995,-0.0006976466831305618,-0.00004918368313056227,0.00004918368313056227,0.07584655274173285,0.07584655274173285,7.5846552741732856,7.5846552741732856,0.05,RELATIVE_ERROR_NOT_BELOW_5_PERCENT
6,EXP,L6=L3-L4,displacement,250,,RX,-0.0018569954175369269,-0.001964023875033733,-0.00010702845749680618,0.00010702845749680618,0.05763528358016418,0.05763528358016418,5.763528358016418,5.763528358016418,0.05,RELATIVE_ERROR_NOT_BELOW_5_PERCENT
6,EXP,L6=L3-L4,displacement,250,,RY,0.0017179101294454984,0.0018809272951931897,0.0001630171657476913,0.0001630171657476913,0.09489272049423765,0.09489272049423765,9.489272049423764,9.489272049423764,0.05,RELATIVE_ERROR_NOT_BELOW_5_PERCENT
6,EXP,L6=L3-L4,displacement,250,,UX,0.00059585,0.0006422858054966883,0.00004643580549668828,0.00004643580549668828,0.07793203909824332,0.07793203909824332,7.793203909824332,7.793203909824332,0.05,RELATIVE_ERROR_NOT_BELOW_5_PERCENT
6,EXP,L6=L3-L4,displacement,250,,UY,-0.0006259129999999998,-0.0006808170265740765,-0.00005490402657407675,0.00005490402657407675,0.08771830362059387,0.08771830362059387,8.771830362059386,8.771830362059386,0.05,RELATIVE_ERROR_NOT_BELOW_5_PERCENT
6,EXP,L6=L3-L4,displacement,260,,RY,0.0008681093166494596,0.0008155656115397811,-0.00005254370510967849,0.00005254370510967849,-0.060526599705755156,0.060526599705755156,-6.052659970575515,6.052659970575515,0.05,RELATIVE_ERROR_NOT_BELOW_5_PERCENT
6,EXP,L6=L3-L4,displacement,260,,UX,-0.0013024290000000001,-0.0013815516102405057,-0.00007912261024050553,0.00007912261024050553,0.0607500372308245,0.0607500372308245,6.07500372308245,6.07500372308245,0.05,RELATIVE_ERROR_NOT_BELOW_5_PERCENT
6,EXP,L6=L3-L4,displacement,260,,UZ,0.002027657,0.0018163699771352217,-0.00021128702286477832,0.00021128702286477832,-0.10420254651786684,0.10420254651786684,-10.420254651786683,10.420254651786683,0.05,RELATIVE_ERROR_NOT_BELOW_5_PERCENT
6,EXP,L6=L3-L4,displacement,270,,RY,0.000847968217081445,0.0007911187297137582,-0.00005684948736768677,0.00005684948736768677,-0.06704200254503942,0.06704200254503942,-6.704200254503942,6.704200254503942,0.05,RELATIVE_ERROR_NOT_BELOW_5_PERCENT
6,EXP,L6=L3-L4,displacement,270,,UZ,-0.000008887000000000007,-0.000250934464292411,-0.000242047464292411,0.000242047464292411,27.236127409970837,27.236127409970837,2723.6127409970836,2723.6127409970836,0.05,RELATIVE_ERROR_NOT_BELOW_5_PERCENT
6,EXP,L6=L3-L4,displacement,280,,RX,-0.0018916227498964942,-0.0020350378075827975,-0.00014341505768630325,0.00014341505768630325,0.0758158875463676,0.0758158875463676,7.58158875463676,7.58158875463676,0.05,RELATIVE_ERROR_NOT_BELOW_5_PERCENT
6,EXP,L6=L3-L4,displacement,290,,RX,-0.0018916227498964942,-0.002035037807587417,-0.00014341505769092282,0.00014341505769092282,0.07581588754880972,0.07581588754880972,7.581588754880972,7.581588754880972,0.05,RELATIVE_ERROR_NOT_BELOW_5_PERCENT
6,EXP,L6=L3-L4,displacement,300,,RX,-0.0018916227498964942,-0.002035037807587416,-0.00014341505769092195,0.00014341505769092195,0.07581588754880926,0.07581588754880926,7.581588754880926,7.581588754880926,0.05,RELATIVE_ERROR_NOT_BELOW_5_PERCENT
6,EXP,L6=L3-L4,displacement,310,,RX,-0.0018916227498964942,-0.0020350378075874157,-0.00014341505769092152,0.00014341505769092152,0.07581588754880904,0.07581588754880904,7.581588754880904,7.581588754880904,0.05,RELATIVE_ERROR_NOT_BELOW_5_PERCENT
6,EXP,L6=L3-L4,displacement,320,,RY,0.0009296147194897398,0.0010102183528222883,0.00008060363333254857,0.00008060363333254857,0.08670649425257751,0.08670649425257751,8.670649425257752,8.670649425257752,0.05,RELATIVE_ERROR_NOT_BELOW_5_PERCENT
6,EXP,L6=L3-L4,displacement,320,,UX,0.0005908229999999999,0.0005474210845320625,-0.00004340191546793734,0.00004340191546793734,-0.07346009797847637,0.07346009797847637,-7.346009797847637,7.346009797847637,0.05,RELATIVE_ERROR_NOT_BELOW_5_PERCENT
6,EXP,L6=L3-L4,displacement,320,,UZ,0.00007478899999999999,-0.000180356330397481,-0.000255145330397481,0.000255145330397481,-3.4115355252441004,3.4115355252441004,-341.15355252441003,341.15355252441003,0.05,RELATIVE_ERROR_NOT_BELOW_5_PERCENT
6,EXP,L6=L3-L4,displacement,330,,RY,0.0009296147194897398,0.0010102183528336152,0.00008060363334387545,0.00008060363334387545,0.08670649426476199,0.08670649426476199,8.6706494264762,8.6706494264762,0.05,RELATIVE_ERROR_NOT_BELOW_5_PERCENT
6,EXP,L6=L3-L4,displacement,330,,UX,0.0006373029999999998,0.0005979320021736929,-0.000039370997826306876,0.000039370997826306876,-0.06177751842735228,0.06177751842735228,-6.177751842735228,6.177751842735228,0.05,RELATIVE_ERROR_NOT_BELOW_5_PERCENT
6,EXP,L6=L3-L4,displacement,330,,UZ,0.000297477,0.0000456936696025204,-0.00025178333039747956,0.00025178333039747956,-0.8463959579983648,0.8463959579983648,-84.63959579983647,84.63959579983647,0.05,RELATIVE_ERROR_NOT_BELOW_5_PERCENT
6,EXP,L6=L3-L4,displacement,340,,RY,0.0009296147194897398,0.0010102183528336152,0.00008060363334387545,0.00008060363334387545,0.08670649426476199,0.08670649426476199,8.6706494264762,8.6706494264762,0.05,RELATIVE_ERROR_NOT_BELOW_5_PERCENT
6,EXP,L6=L3-L4,displacement,340,,UX,0.0006592410000000002,0.0006217727603051908,-0.000037468239694809385,0.000037468239694809385,-0.05683542087765987,0.05683542087765987,-5.6835420877659875,5.6835420877659875,0.05,RELATIVE_ERROR_NOT_BELOW_5_PERCENT
6,EXP,L6=L3-L4,displacement,340,,UZ,0.000402582,0.00015238750189151893,-0.0002501944981084811,0.0002501944981084811,-0.6214746265567787,0.6214746265567787,-62.14746265567786,62.14746265567786,0.05,RELATIVE_ERROR_NOT_BELOW_5_PERCENT
6,EXP,L6=L3-L4,restraint,10:Rigid ANC,,RX,1641.852264,1544.9830564369443,-96.86920756305585,96.86920756305585,-0.058999953702933074,0.058999953702933074,-5.899995370293308,5.899995370293308,0.05,RELATIVE_ERROR_NOT_BELOW_5_PERCENT
6,EXP,L6=L3-L4,restraint,10:Rigid ANC,,RZ,1343.452438,1491.6845787767597,148.2321407767597,148.2321407767597,0.11033672393898303,0.11033672393898303,11.033672393898303,11.033672393898303,0.05,RELATIVE_ERROR_NOT_BELOW_5_PERCENT
6,EXP,L6=L3-L4,restraint,10:Rigid ANC,,UY,862.3297120000001,788.0282537487456,-74.30145825125453,74.30145825125453,-0.08616363000983378,0.08616363000983378,-8.616363000983378,8.616363000983378,0.05,RELATIVE_ERROR_NOT_BELOW_5_PERCENT
6,EXP,L6=L3-L4,restraint,190:Rigid ANC,,RX,109.117132,101.75020995432213,-7.3669220456778675,7.3669220456778675,-0.06751388998821806,0.06751388998821806,-6.751388998821806,6.751388998821806,0.05,RELATIVE_ERROR_NOT_BELOW_5_PERCENT
6,EXP,L6=L3-L4,restraint,240:Rigid ANC,,RX,-117.21008299999997,-165.37897977805554,-48.16889677805557,48.16889677805557,0.41096205672045794,0.41096205672045794,41.09620567204579,41.09620567204579,0.05,RELATIVE_ERROR_NOT_BELOW_5_PERCENT
6,EXP,L6=L3-L4,restraint,240:Rigid ANC,,UY,950.732239,1033.0742295624432,82.34199056244313,82.34199056244313,0.08660902321883199,0.08660902321883199,8.6609023218832,8.6609023218832,0.05,RELATIVE_ERROR_NOT_BELOW_5_PERCENT
6,EXP,L6=L3-L4,globalForce,10-20,I,fy,862.3297120000001,788.0282537487456,-74.30145825125453,74.30145825125453,-0.08616363000983378,0.08616363000983378,-8.616363000983378,8.616363000983378,0.05,RELATIVE_ERROR_NOT_BELOW_5_PERCENT
6,EXP,L6=L3-L4,globalForce,10-20,I,mx,1641.852264,1544.9830564369443,-96.86920756305585,96.86920756305585,-0.058999953702933074,0.058999953702933074,-5.899995370293308,5.899995370293308,0.05,RELATIVE_ERROR_NOT_BELOW_5_PERCENT
6,EXP,L6=L3-L4,globalForce,10-20,I,mz,1343.452438,1491.6845787767597,148.2321407767597,148.2321407767597,0.11033672393898303,0.11033672393898303,11.033672393898303,11.033672393898303,0.05,RELATIVE_ERROR_NOT_BELOW_5_PERCENT
6,EXP,L6=L3-L4,globalForce,10-20,J,fy,-862.3295899999998,-788.0282537487458,74.30133625125404,74.30133625125404,-0.08616350072279678,0.08616350072279678,-8.616350072279678,8.616350072279678,0.05,RELATIVE_ERROR_NOT_BELOW_5_PERCENT
6,EXP,L6=L3-L4,globalForce,10-20,J,mx,-1548.720093,-1459.8760113363055,88.8440816636944,88.8440816636944,-0.0573661322438169,0.0573661322438169,-5.736613224381689,5.736613224381689,0.05,RELATIVE_ERROR_NOT_BELOW_5_PERCENT
6,EXP,L6=L3-L4,globalForce,10-20,J,mz,-1343.452438,-1491.6845787767597,-148.2321407767597,148.2321407767597,0.11033672393898303,0.11033672393898303,11.033672393898303,11.033672393898303,0.05,RELATIVE_ERROR_NOT_BELOW_5_PERCENT
6,EXP,L6=L3-L4,globalForce,20-30,I,fy,862.3295899999998,788.0282537487452,-74.30133625125461,74.30133625125461,-0.08616350072279745,0.08616350072279745,-8.616350072279745,8.616350072279745,0.05,RELATIVE_ERROR_NOT_BELOW_5_PERCENT
6,EXP,L6=L3-L4,globalForce,20-30,I,mx,1548.720093,1459.8760113363044,-88.84408166369553,88.84408166369553,-0.05736613224381763,0.05736613224381763,-5.736613224381763,5.736613224381763,0.05,RELATIVE_ERROR_NOT_BELOW_5_PERCENT
6,EXP,L6=L3-L4,globalForce,20-30,I,mz,1343.452438,1491.68457877676,148.23214077675993,148.23214077675993,0.1103367239389832,0.1103367239389832,11.03367239389832,11.03367239389832,0.05,RELATIVE_ERROR_NOT_BELOW_5_PERCENT
6,EXP,L6=L3-L4,globalForce,20-30,J,fy,-862.329621,-788.0282537487452,74.30136725125476,74.30136725125476,-0.08616353357442509,0.08616353357442509,-8.61635335744251,8.61635335744251,0.05,RELATIVE_ERROR_NOT_BELOW_5_PERCENT
6,EXP,L6=L3-L4,globalForce,20-30,J,mz,-1343.452438,-1491.68457877676,-148.23214077675993,148.23214077675993,0.1103367239389832,0.1103367239389832,11.03367239389832,11.03367239389832,0.05,RELATIVE_ERROR_NOT_BELOW_5_PERCENT
6,EXP,L6=L3-L4,globalForce,30-31,I,fy,-950.7321929999999,-1033.0742297396062,-82.34203673960621,82.34203673960621,0.08660907597940803,0.08660907597940803,8.660907597940803,8.660907597940803,0.05,RELATIVE_ERROR_NOT_BELOW_5_PERCENT
6,EXP,L6=L3-L4,globalForce,30-31,I,mz,2189.080635,2363.0504452471505,173.9698102471507,173.9698102471507,0.07947163181914983,0.07947163181914983,7.947163181914983,7.947163181914983,0.05,RELATIVE_ERROR_NOT_BELOW_5_PERCENT
6,EXP,L6=L3-L4,globalForce,30-31,J,fy,950.7321929999999,1033.0742297396062,82.34203673960621,82.34203673960621,0.08660907597940803,0.08660907597940803,8.660907597940803,8.660907597940803,0.05,RELATIVE_ERROR_NOT_BELOW_5_PERCENT
6,EXP,L6=L3-L4,globalForce,30-31,J,mz,-1830.173325,-1992.6998999202333,-162.52657492023332,162.52657492023332,0.08880392512563438,0.08880392512563438,8.880392512563438,8.880392512563438,0.05,RELATIVE_ERROR_NOT_BELOW_5_PERCENT
6,EXP,L6=L3-L4,globalForce,31-198,I,fy,-950.7321929999999,-1033.0742297519835,-82.34203675198353,82.34203675198353,0.08660907599242675,0.08660907599242675,8.660907599242675,8.660907599242675,0.05,RELATIVE_ERROR_NOT_BELOW_5_PERCENT
6,EXP,L6=L3-L4,globalForce,31-198,I,mz,1830.173325,1992.699899919649,162.52657491964897,162.52657491964897,0.0888039251253151,0.0888039251253151,8.88039251253151,8.88039251253151,0.05,RELATIVE_ERROR_NOT_BELOW_5_PERCENT
6,EXP,L6=L3-L4,globalForce,31-198,J,fy,950.732162,1033.0742297517925,82.34206775179246,82.34206775179246,0.08660911142268947,0.08660911142268947,8.660911142268947,8.660911142268947,0.05,RELATIVE_ERROR_NOT_BELOW_5_PERCENT
6,EXP,L6=L3-L4,globalForce,31-198,J,mx,5.597851,0.21864926655518957,-5.379201733444811,5.379201733444811,-0.9609404990316481,0.9609404990316481,-96.09404990316482,96.09404990316482,0.05,RELATIVE_ERROR_NOT_BELOW_5_PERCENT
6,EXP,L6=L3-L4,globalForce,31-198,J,mz,-756.586007,-884.8824385541262,-128.29643155412623,128.29643155412623,0.16957283159761932,0.16957283159761932,16.957283159761932,16.957283159761932,0.05,RELATIVE_ERROR_NOT_BELOW_5_PERCENT
6,EXP,L6=L3-L4,globalForce,59-60,J,mz,-114.12292400000001,-105.89266210169535,8.230261898304661,8.230261898304661,-0.07211751688297664,0.07211751688297664,-7.211751688297665,7.211751688297665,0.05,RELATIVE_ERROR_NOT_BELOW_5_PERCENT
6,EXP,L6=L3-L4,globalForce,60-63,I,mz,114.12292400000001,105.89266210169922,-8.230261898300796,8.230261898300796,-0.07211751688294278,0.07211751688294278,-7.211751688294278,7.211751688294278,0.05,RELATIVE_ERROR_NOT_BELOW_5_PERCENT
6,EXP,L6=L3-L4,globalForce,60-63,J,mx,18.73649599999999,-3.2583460279156213,-21.99484202791561,21.99484202791561,-1.173903702587486,1.173903702587486,-117.39037025874862,117.39037025874862,0.05,RELATIVE_ERROR_NOT_BELOW_5_PERCENT
6,EXP,L6=L3-L4,globalForce,63-64,I,mx,-18.73649599999999,3.258346027931111,21.9948420279311,21.9948420279311,-1.1739037025883128,1.1739037025883128,-117.39037025883128,117.39037025883128,0.05,RELATIVE_ERROR_NOT_BELOW_5_PERCENT
6,EXP,L6=L3-L4,globalForce,70-71,I,fx,100.92861,120.71925789024681,19.790647890246802,19.790647890246802,0.1960856083349092,0.1960856083349092,19.60856083349092,19.60856083349092,0.05,RELATIVE_ERROR_NOT_BELOW_5_PERCENT
6,EXP,L6=L3-L4,globalForce,70-71,I,my,-31.981242,-36.03933500454559,-4.05809300454559,4.05809300454559,0.12688978759941813,0.12688978759941813,12.688978759941813,12.688978759941813,0.05,RELATIVE_ERROR_NOT_BELOW_5_PERCENT
6,EXP,L6=L3-L4,globalForce,70-71,I,mz,-106.390356,-126.72184290754376,-20.331486907543763,20.331486907543763,0.19110272464492706,0.19110272464492706,19.110272464492706,19.110272464492706,0.05,RELATIVE_ERROR_NOT_BELOW_5_PERCENT
6,EXP,L6=L3-L4,globalForce,70-71,J,fx,-100.92861,-120.71925789024681,-19.790647890246802,19.790647890246802,0.1960856083349092,0.1960856083349092,19.60856083349092,19.60856083349092,0.05,RELATIVE_ERROR_NOT_BELOW_5_PERCENT
6,EXP,L6=L3-L4,globalForce,70-71,J,my,31.981242,36.03933500454559,4.05809300454559,4.05809300454559,0.12688978759941813,0.12688978759941813,12.688978759941813,12.688978759941813,0.05,RELATIVE_ERROR_NOT_BELOW_5_PERCENT
6,EXP,L6=L3-L4,globalForce,70-71,J,mz,100.62222299999999,119.82273762079421,19.200514620794223,19.200514620794223,0.19081783375819697,0.19081783375819697,19.081783375819697,19.081783375819697,0.05,RELATIVE_ERROR_NOT_BELOW_5_PERCENT
6,EXP,L6=L3-L4,globalForce,70-80,I,fy,-116.86319699999999,-93.66988951403619,23.1933074859638,23.1933074859638,-0.19846545432060875,0.19846545432060875,-19.846545432060875,19.846545432060875,0.05,RELATIVE_ERROR_NOT_BELOW_5_PERCENT
6,EXP,L6=L3-L4,globalForce,70-80,J,fy,116.86341099999999,93.66988951403619,-23.1935214859638,23.1935214859638,-0.19846692208876054,0.19846692208876054,-19.846692208876053,19.846692208876053,0.05,RELATIVE_ERROR_NOT_BELOW_5_PERCENT
6,EXP,L6=L3-L4,globalForce,71-248,I,fx,100.92861,120.71925788760404,19.790647887604038,19.790647887604038,0.1960856083087247,0.1960856083087247,19.60856083087247,19.60856083087247,0.05,RELATIVE_ERROR_NOT_BELOW_5_PERCENT
6,EXP,L6=L3-L4,globalForce,71-248,I,my,-31.981242,-36.03933500454359,-4.058093004543586,4.058093004543586,0.12688978759935546,0.12688978759935546,12.688978759935546,12.688978759935546,0.05,RELATIVE_ERROR_NOT_BELOW_5_PERCENT
6,EXP,L6=L3-L4,globalForce,71-248,I,mz,-100.62222299999999,-119.82273762014586,-19.200514620145867,19.200514620145867,0.1908178337517535,0.1908178337517535,19.081783375175352,19.081783375175352,0.05,RELATIVE_ERROR_NOT_BELOW_5_PERCENT
6,EXP,L6=L3-L4,globalForce,71-248,J,fx,-100.928651,-120.71925788760404,-19.790606887604042,19.790606887604042,0.19608512242578216,0.19608512242578216,19.608512242578215,19.608512242578215,0.05,RELATIVE_ERROR_NOT_BELOW_5_PERCENT
6,EXP,L6=L3-L4,globalForce,71-248,J,mx,-223.931516,-209.99042363986396,13.941092360136025,13.941092360136025,-0.06225605314142573,0.06225605314142573,-6.225605314142573,6.225605314142573,0.05,RELATIVE_ERROR_NOT_BELOW_5_PERCENT
6,EXP,L6=L3-L4,globalForce,71-248,J,my,31.981242,36.03933500454359,4.058093004543586,4.058093004543586,0.12688978759935546,0.12688978759935546,12.688978759935546,12.688978759935546,0.05,RELATIVE_ERROR_NOT_BELOW_5_PERCENT
6,EXP,L6=L3-L4,globalForce,80-90,I,fy,-116.86341099999999,-93.66988951391977,23.193521486080215,23.193521486080215,-0.19846692208975672,0.19846692208975672,-19.84669220897567,19.84669220897567,0.05,RELATIVE_ERROR_NOT_BELOW_5_PERCENT
6,EXP,L6=L3-L4,globalForce,80-90,J,fy,116.86341800000002,93.6698895139198,-23.193528486080226,23.193528486080226,-0.19846697010077372,0.19846697010077372,-19.84669701007737,19.84669701007737,0.05,RELATIVE_ERROR_NOT_BELOW_5_PERCENT
6,EXP,L6=L3-L4,globalForce,90-100,I,fy,-116.86341800000002,-93.66988951573498,23.193528484265045,23.193528484265045,-0.19846697008524122,0.19846697008524122,-19.84669700852412,19.84669700852412,0.05,RELATIVE_ERROR_NOT_BELOW_5_PERCENT
6,EXP,L6=L3-L4,globalForce,90-100,J,fy,116.86328100000003,93.66988951573504,-23.193391484264993,23.193391484264993,-0.1984660304400061,0.1984660304400061,-19.84660304400061,19.84660304400061,0.05,RELATIVE_ERROR_NOT_BELOW_5_PERCENT
6,EXP,L6=L3-L4,globalForce,100-101,I,fx,0,1.4016404747962952e-7,1.4016404747962952e-7,1.4016404747962952e-7,,,,,0.05,EXACT_ZERO_REFERENCE_MISMATCH
6,EXP,L6=L3-L4,globalForce,100-101,I,fy,-0.00003799999999998249,-3.129243850708008e-7,0.00003768707561491169,0.00003768707561491169,-0.9917651477612909,0.9917651477612909,-99.17651477612908,99.17651477612908,0.05,RELATIVE_ERROR_NOT_BELOW_5_PERCENT
6,EXP,L6=L3-L4,globalForce,100-101,I,fz,0,3.4055119613185525e-8,3.4055119613185525e-8,3.4055119613185525e-8,,,,,0.05,EXACT_ZERO_REFERENCE_MISMATCH
6,EXP,L6=L3-L4,globalForce,100-101,I,mx,0,2.5920599000528455e-11,2.5920599000528455e-11,2.5920599000528455e-11,,,,,0.05,EXACT_ZERO_REFERENCE_MISMATCH
6,EXP,L6=L3-L4,globalForce,100-101,I,my,0,4.274625098332763e-11,4.274625098332763e-11,4.274625098332763e-11,,,,,0.05,EXACT_ZERO_REFERENCE_MISMATCH
6,EXP,L6=L3-L4,globalForce,100-101,I,mz,0,8.396455086767673e-9,8.396455086767673e-9,8.396455086767673e-9,,,,,0.05,EXACT_ZERO_REFERENCE_MISMATCH
6,EXP,L6=L3-L4,globalForce,100-101,J,fx,0,-1.4016404747962952e-7,-1.4016404747962952e-7,1.4016404747962952e-7,,,,,0.05,EXACT_ZERO_REFERENCE_MISMATCH
6,EXP,L6=L3-L4,globalForce,100-101,J,fy,0.00003799999999998249,3.129243850708008e-7,-0.00003768707561491169,0.00003768707561491169,-0.9917651477612909,0.9917651477612909,-99.17651477612908,99.17651477612908,0.05,RELATIVE_ERROR_NOT_BELOW_5_PERCENT
6,EXP,L6=L3-L4,globalForce,100-101,J,fz,0,-3.4055119613185525e-8,-3.4055119613185525e-8,3.4055119613185525e-8,,,,,0.05,EXACT_ZERO_REFERENCE_MISMATCH
6,EXP,L6=L3-L4,globalForce,100-101,J,mx,0,-1.8098944565281272e-10,-1.8098944565281272e-10,1.8098944565281272e-10,,,,,0.05,EXACT_ZERO_REFERENCE_MISMATCH
6,EXP,L6=L3-L4,globalForce,100-101,J,my,0,-4.274625098332763e-11,-4.274625098332763e-11,4.274625098332763e-11,,,,,0.05,EXACT_ZERO_REFERENCE_MISMATCH
6,EXP,L6=L3-L4,globalForce,100-101,J,mz,0,1.8917489796876907e-9,1.8917489796876907e-9,1.8917489796876907e-9,,,,,0.05,EXACT_ZERO_REFERENCE_MISMATCH
6,EXP,L6=L3-L4,globalForce,100-110,I,fy,-116.86325099999999,-93.66988912082346,23.193361879176535,23.193361879176535,-0.19846582805724391,0.19846582805724391,-19.846582805724392,19.846582805724392,0.05,RELATIVE_ERROR_NOT_BELOW_5_PERCENT
6,EXP,L6=L3-L4,globalForce,100-110,J,fy,116.86305200000001,93.6698891208234,-23.19316287917661,23.19316287917661,-0.19846446316648148,0.19846446316648148,-19.846446316648148,19.846446316648148,0.05,RELATIVE_ERROR_NOT_BELOW_5_PERCENT
6,EXP,L6=L3-L4,globalForce,101-280,I,fx,0,1.6127160051837564e-8,1.6127160051837564e-8,1.6127160051837564e-8,,,,,0.05,EXACT_ZERO_REFERENCE_MISMATCH
6,EXP,L6=L3-L4,globalForce,101-280,I,fy,-0.00003799999999998249,-2.8492667958346374e-7,0.00003771507332039903,0.00003771507332039903,-0.9925019294846422,0.9925019294846422,-99.25019294846422,99.25019294846422,0.05,RELATIVE_ERROR_NOT_BELOW_5_PERCENT
6,EXP,L6=L3-L4,globalForce,101-280,I,fz,0,-1.1174805081282102e-8,-1.1174805081282102e-8,1.1174805081282102e-8,,,,,0.05,EXACT_ZERO_REFERENCE_MISMATCH
6,EXP,L6=L3-L4,globalForce,101-280,I,mx,0,9.959224556155277e-10,9.959224556155277e-10,9.959224556155277e-10,,,,,0.05,EXACT_ZERO_REFERENCE_MISMATCH
6,EXP,L6=L3-L4,globalForce,101-280,I,my,0,4.1701753161760273e-11,4.1701753161760273e-11,4.1701753161760273e-11,,,,,0.05,EXACT_ZERO_REFERENCE_MISMATCH
6,EXP,L6=L3-L4,globalForce,101-280,I,mz,0,1.6945875813689781e-9,1.6945875813689781e-9,1.6945875813689781e-9,,,,,0.05,EXACT_ZERO_REFERENCE_MISMATCH
6,EXP,L6=L3-L4,globalForce,101-280,J,fx,0,-1.6127160051837564e-8,-1.6127160051837564e-8,1.6127160051837564e-8,,,,,0.05,EXACT_ZERO_REFERENCE_MISMATCH
6,EXP,L6=L3-L4,globalForce,101-280,J,fy,0,2.849263207593822e-7,2.849263207593822e-7,2.849263207593822e-7,,,,,0.05,EXACT_ZERO_REFERENCE_MISMATCH
6,EXP,L6=L3-L4,globalForce,101-280,J,fz,0,1.1174805081282102e-8,1.1174805081282102e-8,1.1174805081282102e-8,,,,,0.05,EXACT_ZERO_REFERENCE_MISMATCH
6,EXP,L6=L3-L4,globalForce,101-280,J,mx,0,-7.438170079865358e-10,-7.438170079865358e-10,7.438170079865358e-10,,,,,0.05,EXACT_ZERO_REFERENCE_MISMATCH
6,EXP,L6=L3-L4,globalForce,101-280,J,my,0,-4.1701753161760273e-11,-4.1701753161760273e-11,4.1701753161760273e-11,,,,,0.05,EXACT_ZERO_REFERENCE_MISMATCH
6,EXP,L6=L3-L4,globalForce,101-280,J,mz,0,-1.35281652546837e-9,-1.35281652546837e-9,1.35281652546837e-9,,,,,0.05,EXACT_ZERO_REFERENCE_MISMATCH
6,EXP,L6=L3-L4,globalForce,110-120,I,fy,-116.86305200000001,-93.66988912058878,23.193162879411233,23.193162879411233,-0.19846446316848915,0.19846446316848915,-19.846446316848915,19.846446316848915,0.05,RELATIVE_ERROR_NOT_BELOW_5_PERCENT
6,EXP,L6=L3-L4,globalForce,110-120,J,fy,116.86303700000008,93.66988912058878,-23.1931478794113,23.1931478794113,-0.1984643602870879,0.1984643602870879,-19.846436028708787,19.846436028708787,0.05,RELATIVE_ERROR_NOT_BELOW_5_PERCENT
6,EXP,L6=L3-L4,globalForce,110-120,J,mx,1192.4962460000002,1266.0916782810145,73.59543228101438,73.59543228101438,0.06171544147654648,0.06171544147654648,6.1715441476546475,6.1715441476546475,0.05,RELATIVE_ERROR_NOT_BELOW_5_PERCENT
6,EXP,L6=L3-L4,globalForce,110-120,J,my,-182.77619199999998,-173.24784665693733,9.528345343062654,9.528345343062654,-0.05213121708467728,0.05213121708467728,-5.213121708467728,5.213121708467728,0.05,RELATIVE_ERROR_NOT_BELOW_5_PERCENT
6,EXP,L6=L3-L4,globalForce,120-129,I,fy,-116.86303700000008,-93.66988913712567,23.19314786287441,23.19314786287441,-0.19846436014558133,0.19846436014558133,-19.846436014558133,19.846436014558133,0.05,RELATIVE_ERROR_NOT_BELOW_5_PERCENT
6,EXP,L6=L3-L4,globalForce,120-129,I,mx,-1192.4962460000002,-1266.0916782811018,-73.5954322811017,73.5954322811017,0.0617154414766197,0.0617154414766197,6.17154414766197,6.17154414766197,0.05,RELATIVE_ERROR_NOT_BELOW_5_PERCENT
6,EXP,L6=L3-L4,globalForce,120-129,I,my,182.77619199999998,173.24784665664845,-9.528345343351532,9.528345343351532,-0.05213121708625778,0.05213121708625778,-5.213121708625778,5.213121708625778,0.05,RELATIVE_ERROR_NOT_BELOW_5_PERCENT
6,EXP,L6=L3-L4,globalForce,120-129,J,fy,116.86328100000014,93.66988923355666,-23.193391766443483,23.193391766443483,-0.19846603285460943,0.19846603285460943,-19.846603285460944,19.846603285460944,0.05,RELATIVE_ERROR_NOT_BELOW_5_PERCENT
6,EXP,L6=L3-L4,globalForce,120-129,J,mx,857.929664,927.5512111218802,69.62154712188021,69.62154712188021,0.08115064677595786,0.08115064677595786,8.115064677595786,8.115064677595786,0.05,RELATIVE_ERROR_NOT_BELOW_5_PERCENT
6,EXP,L6=L3-L4,globalForce,129-130,I,fy,-116.86328100000014,-93.66988916981927,23.19339183018087,23.19339183018087,-0.19846603340001076,0.19846603340001076,-19.846603340001074,19.846603340001074,0.05,RELATIVE_ERROR_NOT_BELOW_5_PERCENT
6,EXP,L6=L3-L4,globalForce,129-130,I,mx,-857.929664,-927.5512111218684,-69.62154712186839,69.62154712186839,0.08115064677594408,0.08115064677594408,8.115064677594408,8.115064677594408,0.05,RELATIVE_ERROR_NOT_BELOW_5_PERCENT
6,EXP,L6=L3-L4,globalForce,129-130,J,fy,116.86303700000008,93.66988967583325,-23.19314732416683,23.19314732416683,-0.19846435553584676,0.19846435553584676,-19.846435553584676,19.846435553584676,0.05,RELATIVE_ERROR_NOT_BELOW_5_PERCENT
6,EXP,L6=L3-L4,globalForce,129-130,J,mx,75.40493800000002,130.43053336364193,55.02559536364191,55.02559536364191,0.7297346410342769,0.7297346410342769,72.97346410342769,72.97346410342769,0.05,RELATIVE_ERROR_NOT_BELOW_5_PERCENT
6,EXP,L6=L3-L4,globalForce,130-140,I,fy,-116.86303700000008,-93.6698896475225,23.19314735247758,23.19314735247758,-0.1984643557781026,0.1984643557781026,-19.846435577810258,19.846435577810258,0.05,RELATIVE_ERROR_NOT_BELOW_5_PERCENT
6,EXP,L6=L3-L4,globalForce,130-140,I,fz,-126.677803,-173.37033405945385,-46.692531059453856,46.692531059453856,0.36859283910578916,0.36859283910578916,36.85928391057892,36.85928391057892,0.05,RELATIVE_ERROR_NOT_BELOW_5_PERCENT
6,EXP,L6=L3-L4,globalForce,130-140,I,mx,-75.40493800000002,-130.43053336364636,-55.025595363646346,55.025595363646346,0.7297346410343356,0.7297346410343356,72.97346410343356,72.97346410343356,0.05,RELATIVE_ERROR_NOT_BELOW_5_PERCENT
6,EXP,L6=L3-L4,globalForce,130-140,J,fy,116.86303700000008,93.66988964750476,-23.193147352495316,23.193147352495316,-0.19846435577825433,0.19846435577825433,-19.84643557782543,19.84643557782543,0.05,RELATIVE_ERROR_NOT_BELOW_5_PERCENT
6,EXP,L6=L3-L4,globalForce,130-140,J,fz,126.677803,173.37033405945385,46.692531059453856,46.692531059453856,0.36859283910578916,0.36859283910578916,36.85928391057892,36.85928391057892,0.05,RELATIVE_ERROR_NOT_BELOW_5_PERCENT
6,EXP,L6=L3-L4,globalForce,130-140,J,mx,22.022499,57.3722227532615,35.3497237532615,35.3497237532615,1.6051640530559905,1.6051640530559905,160.51640530559905,160.51640530559905,0.05,RELATIVE_ERROR_NOT_BELOW_5_PERCENT
6,EXP,L6=L3-L4,globalForce,140-141,I,fx,0,-2.782326191663742e-8,-2.782326191663742e-8,2.782326191663742e-8,,,,,0.05,EXACT_ZERO_REFERENCE_MISMATCH
6,EXP,L6=L3-L4,globalForce,140-141,I,fy,-0.00009700000000023579,-2.5218469090759754e-8,0.00009697478153114503,0.00009697478153114503,-0.9997400157825701,0.9997400157825701,-99.97400157825702,99.97400157825702,0.05,RELATIVE_ERROR_NOT_BELOW_5_PERCENT
6,EXP,L6=L3-L4,globalForce,140-141,I,fz,0,1.862645149230957e-9,1.862645149230957e-9,1.862645149230957e-9,,,,,0.05,EXACT_ZERO_REFERENCE_MISMATCH
6,EXP,L6=L3-L4,globalForce,140-141,I,mx,0.000006000000000061512,2.6936959329759702e-9,-0.000005997306304128536,0.000005997306304128536,-0.9995510506778419,0.9995510506778419,-99.95510506778419,99.95510506778419,0.05,RELATIVE_ERROR_NOT_BELOW_5_PERCENT
6,EXP,L6=L3-L4,globalForce,140-141,I,my,0,-3.043169272132218e-9,-3.043169272132218e-9,3.043169272132218e-9,,,,,0.05,EXACT_ZERO_REFERENCE_MISMATCH
6,EXP,L6=L3-L4,globalForce,140-141,I,mz,0,-1.673470251262188e-10,-1.673470251262188e-10,1.673470251262188e-10,,,,,0.05,EXACT_ZERO_REFERENCE_MISMATCH
6,EXP,L6=L3-L4,globalForce,140-141,J,fx,0,2.782326191663742e-8,2.782326191663742e-8,2.782326191663742e-8,,,,,0.05,EXACT_ZERO_REFERENCE_MISMATCH
6,EXP,L6=L3-L4,globalForce,140-141,J,fy,0.00009700000000023579,2.5218469090759754e-8,-0.00009697478153114503,0.00009697478153114503,-0.9997400157825701,0.9997400157825701,-99.97400157825702,99.97400157825702,0.05,RELATIVE_ERROR_NOT_BELOW_5_PERCENT
6,EXP,L6=L3-L4,globalForce,140-141,J,fz,0,-1.862645149230957e-9,-1.862645149230957e-9,1.862645149230957e-9,,,,,0.05,EXACT_ZERO_REFERENCE_MISMATCH
6,EXP,L6=L3-L4,globalForce,140-141,J,mx,0,-2.528850018279627e-9,-2.528850018279627e-9,2.528850018279627e-9,,,,,0.05,EXACT_ZERO_REFERENCE_MISMATCH
6,EXP,L6=L3-L4,globalForce,140-141,J,my,0,-3.2741809263825417e-11,-3.2741809263825417e-11,3.2741809263825417e-11,,,,,0.05,EXACT_ZERO_REFERENCE_MISMATCH
6,EXP,L6=L3-L4,globalForce,140-141,J,mz,0,1.673470251262188e-10,1.673470251262188e-10,1.673470251262188e-10,,,,,0.05,EXACT_ZERO_REFERENCE_MISMATCH
6,EXP,L6=L3-L4,globalForce,140-150,I,fy,-116.86291499999993,-93.66988970490411,23.193025295095822,23.193025295095822,-0.1984635185173657,0.1984635185173657,-19.84635185173657,19.84635185173657,0.05,RELATIVE_ERROR_NOT_BELOW_5_PERCENT
6,EXP,L6=L3-L4,globalForce,140-150,I,fz,-126.677811,-173.37033406130115,-46.692523061301145,46.692523061301145,0.3685927526905335,0.3685927526905335,36.85927526905335,36.85927526905335,0.05,RELATIVE_ERROR_NOT_BELOW_5_PERCENT
6,EXP,L6=L3-L4,globalForce,140-150,I,mx,-22.022504999999995,-57.37222275654999,-35.34971775654999,35.34971775654999,1.6051633434320938,1.6051633434320938,160.51633434320937,160.51633434320937,0.05,RELATIVE_ERROR_NOT_BELOW_5_PERCENT
6,EXP,L6=L3-L4,globalForce,140-150,J,fy,116.86303699999985,93.66988970467582,-23.193147295324025,23.193147295324025,-0.19846435528903852,0.19846435528903852,-19.846435528903854,19.846435528903854,0.05,RELATIVE_ERROR_NOT_BELOW_5_PERCENT
6,EXP,L6=L3-L4,globalForce,140-150,J,fz,126.677811,173.37033406130115,46.692523061301145,46.692523061301145,0.3685927526905335,0.3685927526905335,36.85927526905335,36.85927526905335,0.05,RELATIVE_ERROR_NOT_BELOW_5_PERCENT
6,EXP,L6=L3-L4,globalForce,140-150,J,mx,-44.635788,-33.85519622899878,10.78059177100122,10.78059177100122,-0.2415235006269234,0.2415235006269234,-24.152350062692342,24.152350062692342,0.05,RELATIVE_ERROR_NOT_BELOW_5_PERCENT
6,EXP,L6=L3-L4,globalForce,141-320,I,fx,0,-2.6372390493634157e-8,-2.6372390493634157e-8,2.6372390493634157e-8,,,,,0.05,EXACT_ZERO_REFERENCE_MISMATCH
6,EXP,L6=L3-L4,globalForce,141-320,I,fy,-0.00009700000000023579,-1.517366854386637e-8,0.00009698482633169192,0.00009698482633169192,-0.9998435704273833,0.9998435704273833,-99.98435704273832,99.98435704273832,0.05,RELATIVE_ERROR_NOT_BELOW_5_PERCENT
6,EXP,L6=L3-L4,globalForce,141-320,I,fz,0,2.3865140974521637e-9,2.3865140974521637e-9,2.3865140974521637e-9,,,,,0.05,EXACT_ZERO_REFERENCE_MISMATCH
6,EXP,L6=L3-L4,globalForce,141-320,I,mx,0,4.6419756927207345e-10,4.6419756927207345e-10,4.6419756927207345e-10,,,,,0.05,EXACT_ZERO_REFERENCE_MISMATCH
6,EXP,L6=L3-L4,globalForce,141-320,I,my,0,-1.6030448080073256e-9,-1.6030448080073256e-9,1.6030448080073256e-9,,,,,0.05,EXACT_ZERO_REFERENCE_MISMATCH
6,EXP,L6=L3-L4,globalForce,141-320,I,mz,0,-1.7504930838185828e-10,-1.7504930838185828e-10,1.7504930838185828e-10,,,,,0.05,EXACT_ZERO_REFERENCE_MISMATCH
6,EXP,L6=L3-L4,globalForce,141-320,J,fx,0,2.6372390493634157e-8,2.6372390493634157e-8,2.6372390493634157e-8,,,,,0.05,EXACT_ZERO_REFERENCE_MISMATCH
6,EXP,L6=L3-L4,globalForce,141-320,J,fy,0,1.517366854386637e-8,1.517366854386637e-8,1.517366854386637e-8,,,,,0.05,EXACT_ZERO_REFERENCE_MISMATCH
6,EXP,L6=L3-L4,globalForce,141-320,J,fz,0,-2.3865140974521637e-9,-2.3865140974521637e-9,2.3865140974521637e-9,,,,,0.05,EXACT_ZERO_REFERENCE_MISMATCH
6,EXP,L6=L3-L4,globalForce,141-320,J,mx,0,-1.7342927094432525e-10,-1.7342927094432525e-10,1.7342927094432525e-10,,,,,0.05,EXACT_ZERO_REFERENCE_MISMATCH
6,EXP,L6=L3-L4,globalForce,141-320,J,my,0,1.1268568300693005e-9,1.1268568300693005e-9,1.1268568300693005e-9,,,,,0.05,EXACT_ZERO_REFERENCE_MISMATCH
6,EXP,L6=L3-L4,globalForce,141-320,J,mz,0,1.7504930838185828e-10,1.7504930838185828e-10,1.7504930838185828e-10,,,,,0.05,EXACT_ZERO_REFERENCE_MISMATCH
6,EXP,L6=L3-L4,globalForce,150-158,J,mx,12.781443,5.72588365669003,-7.0555593433099695,7.0555593433099695,-0.5520158673249937,0.5520158673249937,-55.20158673249937,55.20158673249937,0.05,RELATIVE_ERROR_NOT_BELOW_5_PERCENT
6,EXP,L6=L3-L4,globalForce,151-150,I,fx,100.928615,120.71925782458857,19.790642824588573,19.790642824588573,0.19608554843032944,0.19608554843032944,19.608554843032945,19.608554843032945,0.05,RELATIVE_ERROR_NOT_BELOW_5_PERCENT
6,EXP,L6=L3-L4,globalForce,151-150,I,my,150.46389299999998,182.17892704886256,31.715034048862577,31.715034048862577,0.21078169264743524,0.21078169264743524,21.078169264743522,21.078169264743522,0.05,RELATIVE_ERROR_NOT_BELOW_5_PERCENT
6,EXP,L6=L3-L4,globalForce,151-150,I,mz,4.632019,6.069397576126654,1.4373785761266547,1.4373785761266547,0.31031361834367577,0.31031361834367577,31.031361834367576,31.031361834367576,0.05,RELATIVE_ERROR_NOT_BELOW_5_PERCENT
6,EXP,L6=L3-L4,globalForce,151-150,J,fx,-100.928615,-120.71925782458857,-19.790642824588573,19.790642824588573,0.19608554843032944,0.19608554843032944,19.608554843032945,19.608554843032945,0.05,RELATIVE_ERROR_NOT_BELOW_5_PERCENT
6,EXP,L6=L3-L4,globalForce,151-150,J,my,-156.232007,-189.07803233324273,-32.84602533324272,32.84602533324272,0.2102387722206162,0.2102387722206162,21.02387722206162,21.02387722206162,0.05,RELATIVE_ERROR_NOT_BELOW_5_PERCENT
6,EXP,L6=L3-L4,globalForce,151-150,J,mz,-4.632019,-6.069340769349832,-1.4373217693498326,1.4373217693498326,0.31030135440934775,0.31030135440934775,31.030135440934774,31.030135440934774,0.05,RELATIVE_ERROR_NOT_BELOW_5_PERCENT
6,EXP,L6=L3-L4,globalForce,158-159,I,mx,-12.781443,-5.72588365669003,7.0555593433099695,7.0555593433099695,-0.5520158673249937,0.5520158673249937,-55.20158673249937,55.20158673249937,0.05,RELATIVE_ERROR_NOT_BELOW_5_PERCENT
6,EXP,L6=L3-L4,globalForce,158-159,J,mx,-82.009781,-90.10087001334672,-8.091089013346718,8.091089013346718,0.09866004901716195,0.09866004901716195,9.866004901716195,9.866004901716195,0.05,RELATIVE_ERROR_NOT_BELOW_5_PERCENT
6,EXP,L6=L3-L4,globalForce,158-159,J,my,-418.60056999999995,-441.0019123354033,-22.401342335403342,22.401342335403342,0.05351483954119638,0.05351483954119638,5.351483954119638,5.351483954119638,0.05,RELATIVE_ERROR_NOT_BELOW_5_PERCENT
6,EXP,L6=L3-L4,globalForce,159-160,I,mx,82.009781,90.10087001334637,8.091089013346362,8.091089013346362,0.09866004901715762,0.09866004901715762,9.866004901715762,9.866004901715762,0.05,RELATIVE_ERROR_NOT_BELOW_5_PERCENT
6,EXP,L6=L3-L4,globalForce,159-160,I,my,418.60056999999995,441.00191233540374,22.401342335403797,22.401342335403797,0.05351483954119747,0.05351483954119747,5.351483954119747,5.351483954119747,0.05,RELATIVE_ERROR_NOT_BELOW_5_PERCENT
6,EXP,L6=L3-L4,globalForce,159-160,J,mx,-121.272651,-129.79361102167735,-8.520960021677354,8.520960021677354,0.0702628329752382,0.0702628329752382,7.026283297523821,7.026283297523821,0.05,RELATIVE_ERROR_NOT_BELOW_5_PERCENT
6,EXP,L6=L3-L4,globalForce,159-160,J,my,-323.811623,-345.1751309466047,-21.363507946604727,21.363507946604727,0.06597511154380252,0.06597511154380252,6.597511154380252,6.597511154380252,0.05,RELATIVE_ERROR_NOT_BELOW_5_PERCENT
6,EXP,L6=L3-L4,globalForce,160-168,I,mx,121.272651,129.79361102167726,8.520960021677269,8.520960021677269,0.0702628329752375,0.0702628329752375,7.02628329752375,7.02628329752375,0.05,RELATIVE_ERROR_NOT_BELOW_5_PERCENT
6,EXP,L6=L3-L4,globalForce,160-168,I,my,323.811623,345.17513094659967,21.36350794659967,21.36350794659967,0.0659751115437869,0.0659751115437869,6.597511154378689,6.597511154378689,0.05,RELATIVE_ERROR_NOT_BELOW_5_PERCENT
6,EXP,L6=L3-L4,globalForce,160-168,J,mx,-121.272651,-129.79361102167726,-8.520960021677269,8.520960021677269,0.0702628329752375,0.0702628329752375,7.02628329752375,7.02628329752375,0.05,RELATIVE_ERROR_NOT_BELOW_5_PERCENT
6,EXP,L6=L3-L4,globalForce,168-169,I,mx,121.272651,129.79361102167724,8.52096002167724,8.52096002167724,0.07026283297523726,0.07026283297523726,7.026283297523726,7.026283297523726,0.05,RELATIVE_ERROR_NOT_BELOW_5_PERCENT
6,EXP,L6=L3-L4,globalForce,168-169,J,mx,-82.00967800000001,-90.10317737723086,-8.093499377230856,8.093499377230856,0.09868956414181818,0.09868956414181818,9.868956414181817,9.868956414181817,0.05,RELATIVE_ERROR_NOT_BELOW_5_PERCENT
6,EXP,L6=L3-L4,globalForce,169-170,I,mx,82.00967800000001,90.10317737723071,8.0934993772307,8.0934993772307,0.09868956414181627,0.09868956414181627,9.868956414181627,9.868956414181627,0.05,RELATIVE_ERROR_NOT_BELOW_5_PERCENT
6,EXP,L6=L3-L4,globalForce,169-170,J,mx,12.779267999999998,5.718005823675714,-7.061262176324284,7.061262176324284,-0.5525560756941857,0.5525560756941857,-55.25560756941857,55.25560756941857,0.05,RELATIVE_ERROR_NOT_BELOW_5_PERCENT
6,EXP,L6=L3-L4,globalForce,170-180,I,mx,-12.779267999999998,-5.718005823675714,7.061262176324284,7.061262176324284,-0.5525560756941857,0.5525560756941857,-55.25560756941857,55.25560756941857,0.05,RELATIVE_ERROR_NOT_BELOW_5_PERCENT
6,EXP,L6=L3-L4,globalForce,170-180,J,mx,14.119784,5.718005823675714,-8.401778176324285,8.401778176324285,-0.5950358855577597,0.5950358855577597,-59.50358855577596,59.50358855577596,0.05,RELATIVE_ERROR_NOT_BELOW_5_PERCENT
6,EXP,L6=L3-L4,globalForce,180-190,I,mx,-14.119784,-5.718005823675714,8.401778176324285,8.401778176324285,-0.5950358855577597,0.5950358855577597,-59.50358855577596,59.50358855577596,0.05,RELATIVE_ERROR_NOT_BELOW_5_PERCENT
6,EXP,L6=L3-L4,globalForce,180-190,J,mx,109.117132,101.75020995432213,-7.3669220456778675,7.3669220456778675,-0.06751388998821806,0.06751388998821806,-6.751388998821806,6.751388998821806,0.05,RELATIVE_ERROR_NOT_BELOW_5_PERCENT
6,EXP,L6=L3-L4,globalForce,198-199,I,fy,-950.732162,-1033.07422975001,-82.34206775001007,82.34206775001007,0.08660911142081472,0.08660911142081472,8.660911142081472,8.660911142081472,0.05,RELATIVE_ERROR_NOT_BELOW_5_PERCENT
6,EXP,L6=L3-L4,globalForce,198-199,I,mx,-5.597851,-0.21864926655404737,5.379201733445953,5.379201733445953,-0.9609404990318522,0.9609404990318522,-96.09404990318522,96.09404990318522,0.05,RELATIVE_ERROR_NOT_BELOW_5_PERCENT
6,EXP,L6=L3-L4,globalForce,198-199,I,mz,756.586007,884.8824385541261,128.29643155412612,128.29643155412612,0.16957283159761916,0.16957283159761916,16.957283159761914,16.957283159761914,0.05,RELATIVE_ERROR_NOT_BELOW_5_PERCENT
6,EXP,L6=L3-L4,globalForce,198-199,J,fy,950.732254,1033.0742297690108,82.34197576901079,82.34197576901079,0.0866090062923339,0.0866090062923339,8.660900629233389,8.660900629233389,0.05,RELATIVE_ERROR_NOT_BELOW_5_PERCENT
6,EXP,L6=L3-L4,globalForce,198-199,J,mx,-42.85992,-49.32427605135172,-6.464356051351714,6.464356051351714,0.1508252010585114,0.1508252010585114,15.082520105851142,15.082520105851142,0.05,RELATIVE_ERROR_NOT_BELOW_5_PERCENT
6,EXP,L6=L3-L4,globalForce,198-199,J,mz,-217.185837,-326.542732169627,-109.35689516962702,109.35689516962702,0.5035176173556245,0.5035176173556245,50.35176173556245,50.35176173556245,0.05,RELATIVE_ERROR_NOT_BELOW_5_PERCENT
6,EXP,L6=L3-L4,globalForce,199-200,I,fy,-950.732254,-1033.0742297698253,-82.34197576982524,82.34197576982524,0.08660900629319056,0.08660900629319056,8.660900629319055,8.660900629319055,0.05,RELATIVE_ERROR_NOT_BELOW_5_PERCENT
6,EXP,L6=L3-L4,globalForce,199-200,I,mx,42.85992,49.32427605140957,6.464356051409567,6.464356051409567,0.1508252010598612,0.1508252010598612,15.08252010598612,15.08252010598612,0.05,RELATIVE_ERROR_NOT_BELOW_5_PERCENT
6,EXP,L6=L3-L4,globalForce,199-200,I,mz,217.185837,326.5427321696412,109.35689516964123,109.35689516964123,0.5035176173556899,0.5035176173556899,50.35176173556899,50.35176173556899,0.05,RELATIVE_ERROR_NOT_BELOW_5_PERCENT
6,EXP,L6=L3-L4,globalForce,199-200,J,fy,950.732239,1033.0742297630618,82.34199076306174,82.34199076306174,0.08660902342984683,0.08660902342984683,8.660902342984683,8.660902342984683,0.05,RELATIVE_ERROR_NOT_BELOW_5_PERCENT
6,EXP,L6=L3-L4,globalForce,199-200,J,mx,-62.931798,-69.84562763787817,-6.913829637878166,6.913829637878166,0.10986226133056243,0.10986226133056243,10.986226133056242,10.986226133056242,0.05,RELATIVE_ERROR_NOT_BELOW_5_PERCENT
6,EXP,L6=L3-L4,globalForce,199-200,J,mz,69.898174,-26.10096863123266,-95.99914263123266,95.99914263123266,-1.3734141700358675,1.3734141700358675,-137.34141700358674,137.34141700358674,0.05,RELATIVE_ERROR_NOT_BELOW_5_PERCENT
6,EXP,L6=L3-L4,globalForce,200-208,I,fy,-950.732239,-1033.0742297614809,-82.34199076148082,82.34199076148082,0.08660902342818398,0.08660902342818398,8.660902342818398,8.660902342818398,0.05,RELATIVE_ERROR_NOT_BELOW_5_PERCENT
6,EXP,L6=L3-L4,globalForce,200-208,I,mx,62.931798,69.84562763788304,6.91382963788304,6.91382963788304,0.10986226133063988,0.10986226133063988,10.986226133063989,10.986226133063989,0.05,RELATIVE_ERROR_NOT_BELOW_5_PERCENT
6,EXP,L6=L3-L4,globalForce,200-208,I,mz,-69.898174,26.100968631228106,95.9991426312281,95.9991426312281,-1.3734141700358025,1.3734141700358025,-137.34141700358023,137.34141700358023,0.05,RELATIVE_ERROR_NOT_BELOW_5_PERCENT
6,EXP,L6=L3-L4,globalForce,200-208,J,fy,950.732254,1033.0742297614809,82.34197576148085,82.34197576148085,0.08660900628441376,0.08660900628441376,8.660900628441375,8.660900628441375,0.05,RELATIVE_ERROR_NOT_BELOW_5_PERCENT
6,EXP,L6=L3-L4,globalForce,200-208,J,mx,-62.931798,-69.84562763788304,-6.91382963788304,6.91382963788304,0.10986226133063988,0.10986226133063988,10.986226133063989,10.986226133063989,0.05,RELATIVE_ERROR_NOT_BELOW_5_PERCENT
6,EXP,L6=L3-L4,globalForce,208-209,I,fy,-950.732254,-1033.0742297735385,-82.34197577353848,82.34197577353848,0.08660900629709621,0.08660900629709621,8.660900629709621,8.660900629709621,0.05,RELATIVE_ERROR_NOT_BELOW_5_PERCENT
6,EXP,L6=L3-L4,globalForce,208-209,I,mx,62.931798,69.84562763788166,6.913829637881662,6.913829637881662,0.10986226133061798,0.10986226133061798,10.986226133061798,10.986226133061798,0.05,RELATIVE_ERROR_NOT_BELOW_5_PERCENT
6,EXP,L6=L3-L4,globalForce,208-209,J,fy,950.73217,1033.0742297066502,82.34205970665016,82.34205970665016,0.08660910223186216,0.08660910223186216,8.660910223186216,8.660910223186216,0.05,RELATIVE_ERROR_NOT_BELOW_5_PERCENT
6,EXP,L6=L3-L4,globalForce,208-209,J,mx,-42.859992000000005,-49.32427605198862,-6.4642840519886136,6.4642840519886136,0.15082326781555658,0.15082326781555658,15.082326781555658,15.082326781555658,0.05,RELATIVE_ERROR_NOT_BELOW_5_PERCENT
6,EXP,L6=L3-L4,globalForce,209-210,I,fy,-950.73217,-1033.0742296849294,-82.34205968492938,82.34205968492938,0.0866091022090158,0.0866091022090158,8.66091022090158,8.66091022090158,0.05,RELATIVE_ERROR_NOT_BELOW_5_PERCENT
6,EXP,L6=L3-L4,globalForce,209-210,I,mx,42.859992000000005,49.32427605198295,6.464284051982943,6.464284051982943,0.1508232678154243,0.1508232678154243,15.08232678154243,15.08232678154243,0.05,RELATIVE_ERROR_NOT_BELOW_5_PERCENT
6,EXP,L6=L3-L4,globalForce,209-210,J,fy,950.7322009999999,1033.074229597169,82.34202859716913,82.34202859716913,0.08660906668624464,0.08660906668624464,8.660906668624465,8.660906668624465,0.05,RELATIVE_ERROR_NOT_BELOW_5_PERCENT
6,EXP,L6=L3-L4,globalForce,209-210,J,mx,5.5978069999999995,0.21864926477226732,-5.379157735227732,5.379157735227732,-0.960940192333843,0.960940192333843,-96.0940192333843,96.0940192333843,0.05,RELATIVE_ERROR_NOT_BELOW_5_PERCENT
6,EXP,L6=L3-L4,globalForce,210-218,I,fy,-950.7322009999999,-1033.0742295838834,-82.34202858388346,82.34202858388346,0.08660906667227049,0.08660906667227049,8.66090666722705,8.66090666722705,0.05,RELATIVE_ERROR_NOT_BELOW_5_PERCENT
6,EXP,L6=L3-L4,globalForce,210-218,I,mx,-5.5978069999999995,-0.2186492647658067,5.379157735234193,5.379157735234193,-0.9609401923349972,0.9609401923349972,-96.09401923349972,96.09401923349972,0.05,RELATIVE_ERROR_NOT_BELOW_5_PERCENT
6,EXP,L6=L3-L4,globalForce,210-218,J,fy,950.7322239999999,1033.0742295837647,82.34200558376483,82.34200558376483,0.08660904038502942,0.08660904038502942,8.660904038502942,8.660904038502942,0.05,RELATIVE_ERROR_NOT_BELOW_5_PERCENT
6,EXP,L6=L3-L4,globalForce,218-219,I,fy,-950.7322239999999,-1033.0742295921918,-82.34200559219198,82.34200559219198,0.08660904039389328,0.08660904039389328,8.660904039389328,8.660904039389328,0.05,RELATIVE_ERROR_NOT_BELOW_5_PERCENT
6,EXP,L6=L3-L4,globalForce,218-219,J,fy,950.7321319999999,1033.0742295423463,82.34209754234644,82.34209754234644,0.08660914548993748,0.08660914548993748,8.660914548993748,8.660914548993748,0.05,RELATIVE_ERROR_NOT_BELOW_5_PERCENT
6,EXP,L6=L3-L4,globalForce,219-220,I,fy,-950.7321319999999,-1033.0742295612326,-82.34209756123278,82.34209756123278,0.08660914550980253,0.08660914550980253,8.660914550980253,8.660914550980253,0.05,RELATIVE_ERROR_NOT_BELOW_5_PERCENT
6,EXP,L6=L3-L4,globalForce,219-220,J,fy,950.7321780000001,1033.074229563022,82.34205156302198,82.34205156302198,0.0866090929374455,0.0866090929374455,8.660909293744549,8.660909293744549,0.05,RELATIVE_ERROR_NOT_BELOW_5_PERCENT
6,EXP,L6=L3-L4,globalForce,219-220,J,my,34.975934,43.052803972097884,8.076869972097882,8.076869972097882,0.23092649854891312,0.23092649854891312,23.092649854891313,23.092649854891313,0.05,RELATIVE_ERROR_NOT_BELOW_5_PERCENT
6,EXP,L6=L3-L4,globalForce,220-230,I,fy,-950.7321780000001,-1033.0742295624434,-82.34205156244332,82.34205156244332,0.08660909293683684,0.08660909293683684,8.660909293683684,8.660909293683684,0.05,RELATIVE_ERROR_NOT_BELOW_5_PERCENT
6,EXP,L6=L3-L4,globalForce,220-230,I,my,-34.975934,-43.05280397209802,-8.076869972098017,8.076869972098017,0.23092649854891698,0.23092649854891698,23.092649854891697,23.092649854891697,0.05,RELATIVE_ERROR_NOT_BELOW_5_PERCENT
6,EXP,L6=L3-L4,globalForce,220-230,J,fy,950.73227,1033.0742295624434,82.34195956244344,82.34195956244344,0.08660898778837436,0.08660898778837436,8.660898778837437,8.660898778837437,0.05,RELATIVE_ERROR_NOT_BELOW_5_PERCENT
6,EXP,L6=L3-L4,globalForce,230-240,I,fy,-950.73227,-1033.0742295624432,-82.34195956244321,82.34195956244321,0.08660898778837413,0.08660898778837413,8.660898778837414,8.660898778837414,0.05,RELATIVE_ERROR_NOT_BELOW_5_PERCENT
6,EXP,L6=L3-L4,globalForce,230-240,J,fy,950.732239,1033.0742295624432,82.34199056244313,82.34199056244313,0.08660902321883199,0.08660902321883199,8.6609023218832,8.6609023218832,0.05,RELATIVE_ERROR_NOT_BELOW_5_PERCENT
6,EXP,L6=L3-L4,globalForce,230-240,J,mx,-117.21008299999997,-165.37897977805554,-48.16889677805557,48.16889677805557,0.41096205672045794,0.41096205672045794,41.09620567204579,41.09620567204579,0.05,RELATIVE_ERROR_NOT_BELOW_5_PERCENT
6,EXP,L6=L3-L4,globalForce,248-249,I,fx,100.928651,120.71925788555382,19.790606885553814,19.790606885553814,0.19608512240546852,0.19608512240546852,19.60851224054685,19.60851224054685,0.05,RELATIVE_ERROR_NOT_BELOW_5_PERCENT
6,EXP,L6=L3-L4,globalForce,248-249,I,mx,223.931516,209.9904236398626,-13.94109236013739,13.94109236013739,-0.06225605314143182,0.06225605314143182,-6.225605314143182,6.225605314143182,0.05,RELATIVE_ERROR_NOT_BELOW_5_PERCENT
6,EXP,L6=L3-L4,globalForce,248-249,I,my,-31.981242,-36.039335004545904,-4.058093004545903,4.058093004545903,0.1268897875994279,0.1268897875994279,12.68897875994279,12.68897875994279,0.05,RELATIVE_ERROR_NOT_BELOW_5_PERCENT
6,EXP,L6=L3-L4,globalForce,248-249,J,fx,-100.928651,-120.71925788867884,-19.790606888678838,19.790606888678838,0.19608512243643123,0.19608512243643123,19.608512243643123,19.608512243643123,0.05,RELATIVE_ERROR_NOT_BELOW_5_PERCENT
6,EXP,L6=L3-L4,globalForce,248-249,J,mx,-253.8059,-238.20695587755787,15.598944122442134,15.598944122442134,-0.06146013202388965,0.06146013202388965,-6.146013202388965,6.146013202388965,0.05,RELATIVE_ERROR_NOT_BELOW_5_PERCENT
6,EXP,L6=L3-L4,globalForce,248-249,J,my,29.728653,33.34506678711779,3.6164137871177857,3.6164137871177857,0.12164741494065626,0.12164741494065626,12.164741494065625,12.164741494065625,0.05,RELATIVE_ERROR_NOT_BELOW_5_PERCENT
6,EXP,L6=L3-L4,globalForce,248-249,J,mz,-2.3794310000000003,-3.3751609185586346,-0.9957299185586344,0.9957299185586344,0.41847396228704853,0.41847396228704853,41.84739622870485,41.84739622870485,0.05,RELATIVE_ERROR_NOT_BELOW_5_PERCENT
6,EXP,L6=L3-L4,globalForce,249-250,I,fx,100.928651,120.71925788250701,19.790606882507007,19.790606882507007,0.19608512237528078,0.19608512237528078,19.60851223752808,19.60851223752808,0.05,RELATIVE_ERROR_NOT_BELOW_5_PERCENT
6,EXP,L6=L3-L4,globalForce,249-250,I,mx,253.8059,238.20695587755444,-15.598944122445573,15.598944122445573,-0.0614601320239032,0.0614601320239032,-6.14601320239032,6.14601320239032,0.05,RELATIVE_ERROR_NOT_BELOW_5_PERCENT
6,EXP,L6=L3-L4,globalForce,249-250,I,my,-29.728653,-33.345066787120956,-3.6164137871209547,3.6164137871209547,0.12164741494076285,0.12164741494076285,12.164741494076285,12.164741494076285,0.05,RELATIVE_ERROR_NOT_BELOW_5_PERCENT
6,EXP,L6=L3-L4,globalForce,249-250,I,mz,2.3794310000000003,3.375160918566415,0.9957299185664148,0.9957299185664148,0.4184739622903184,0.4184739622903184,41.847396229031844,41.847396229031844,0.05,RELATIVE_ERROR_NOT_BELOW_5_PERCENT
6,EXP,L6=L3-L4,globalForce,249-250,J,fx,-100.928651,-120.71925788070075,-19.79060688070075,19.79060688070075,0.19608512235738443,0.19608512235738443,19.60851223573844,19.60851223573844,0.05,RELATIVE_ERROR_NOT_BELOW_5_PERCENT
6,EXP,L6=L3-L4,globalForce,249-250,J,mx,-244.791393,-229.18942680309692,15.601966196903078,15.601966196903078,-0.06373576295185786,0.06373576295185786,-6.373576295185786,6.373576295185786,0.05,RELATIVE_ERROR_NOT_BELOW_5_PERCENT
6,EXP,L6=L3-L4,globalForce,249-250,J,my,24.290424,26.84052791618649,2.5501039161864867,2.5501039161864867,0.10498391943205629,0.10498391943205629,10.498391943205629,10.498391943205629,0.05,RELATIVE_ERROR_NOT_BELOW_5_PERCENT
6,EXP,L6=L3-L4,globalForce,249-250,J,mz,-4.632019,-6.069429135893795,-1.4374101358937956,1.4374101358937956,0.3103204317369587,0.3103204317369587,31.03204317369587,31.03204317369587,0.05,RELATIVE_ERROR_NOT_BELOW_5_PERCENT
6,EXP,L6=L3-L4,globalForce,250-260,I,fx,100.928651,120.71925787919702,19.790606879197014,19.790606879197014,0.19608512234248543,0.19608512234248543,19.608512234248543,19.608512234248543,0.05,RELATIVE_ERROR_NOT_BELOW_5_PERCENT
6,EXP,L6=L3-L4,globalForce,250-260,I,mx,244.791393,229.18942680307964,-15.601966196920358,15.601966196920358,-0.06373576295192845,0.06373576295192845,-6.373576295192845,6.373576295192845,0.05,RELATIVE_ERROR_NOT_BELOW_5_PERCENT
6,EXP,L6=L3-L4,globalForce,250-260,I,my,-24.290424,-26.840527916190936,-2.5501039161909347,2.5501039161909347,0.1049839194322394,0.1049839194322394,10.498391943223941,10.498391943223941,0.05,RELATIVE_ERROR_NOT_BELOW_5_PERCENT
6,EXP,L6=L3-L4,globalForce,250-260,I,mz,4.632019,6.069429135891017,1.4374101358910174,1.4374101358910174,0.3103204317363589,0.3103204317363589,31.03204317363589,31.03204317363589,0.05,RELATIVE_ERROR_NOT_BELOW_5_PERCENT
6,EXP,L6=L3-L4,globalForce,250-260,J,fx,-100.928651,-120.71925787919702,-19.790606879197014,19.790606879197014,0.19608512234248543,0.19608512234248543,19.608512234248543,19.608512234248543,0.05,RELATIVE_ERROR_NOT_BELOW_5_PERCENT
6,EXP,L6=L3-L4,globalForce,250-260,J,my,-101.104392,-123.14126711928122,-22.03687511928122,22.03687511928122,0.21796160071148263,0.21796160071148263,21.796160071148265,21.796160071148265,0.05,RELATIVE_ERROR_NOT_BELOW_5_PERCENT
6,EXP,L6=L3-L4,globalForce,250-260,J,mz,-4.632019,-6.069429135891042,-1.4374101358910423,1.4374101358910423,0.3103204317363643,0.3103204317363643,31.03204317363643,31.03204317363643,0.05,RELATIVE_ERROR_NOT_BELOW_5_PERCENT
6,EXP,L6=L3-L4,globalForce,260-270,I,fx,100.928651,120.71925787907821,19.79060687907821,19.79060687907821,0.19608512234130832,0.19608512234130832,19.60851223413083,19.60851223413083,0.05,RELATIVE_ERROR_NOT_BELOW_5_PERCENT
6,EXP,L6=L3-L4,globalForce,260-270,I,my,101.104392,123.1412671192752,22.036875119275194,22.036875119275194,0.21796160071142304,0.21796160071142304,21.796160071142303,21.796160071142303,0.05,RELATIVE_ERROR_NOT_BELOW_5_PERCENT
6,EXP,L6=L3-L4,globalForce,260-270,I,mz,4.632019,6.069429135890459,1.4374101358904596,1.4374101358904596,0.3103204317362385,0.3103204317362385,31.03204317362385,31.03204317362385,0.05,RELATIVE_ERROR_NOT_BELOW_5_PERCENT
6,EXP,L6=L3-L4,globalForce,260-270,J,fx,-100.928651,-120.71925787907821,-19.79060687907821,19.79060687907821,0.19608512234130832,0.19608512234130832,19.60851223413083,19.60851223413083,0.05,RELATIVE_ERROR_NOT_BELOW_5_PERCENT
6,EXP,L6=L3-L4,globalForce,260-270,J,my,-147.259316,-178.34604226443753,-31.086726264437516,31.086726264437516,0.21110193303109945,0.21110193303109945,21.110193303109945,21.110193303109945,0.05,RELATIVE_ERROR_NOT_BELOW_5_PERCENT
6,EXP,L6=L3-L4,globalForce,260-270,J,mz,-4.632019,-6.069429135890459,-1.4374101358904596,1.4374101358904596,0.3103204317362385,0.3103204317362385,31.03204317362385,31.03204317362385,0.05,RELATIVE_ERROR_NOT_BELOW_5_PERCENT
6,EXP,L6=L3-L4,globalForce,270-151,I,fx,100.928651,120.71925787925102,19.790606879251015,19.790606879251015,0.19608512234302047,0.19608512234302047,19.608512234302047,19.608512234302047,0.05,RELATIVE_ERROR_NOT_BELOW_5_PERCENT
6,EXP,L6=L3-L4,globalForce,270-151,I,my,147.259316,178.34604226444213,31.08672626444212,31.08672626444212,0.21110193303113073,0.21110193303113073,21.11019330311307,21.11019330311307,0.05,RELATIVE_ERROR_NOT_BELOW_5_PERCENT
6,EXP,L6=L3-L4,globalForce,270-151,I,mz,4.632019,6.069429135883627,1.4374101358836278,1.4374101358836278,0.3103204317347636,0.3103204317347636,31.03204317347636,31.03204317347636,0.05,RELATIVE_ERROR_NOT_BELOW_5_PERCENT
6,EXP,L6=L3-L4,globalForce,270-151,J,fx,-100.928615,-120.71925787925102,-19.790642879251024,19.790642879251024,0.19608554897192462,0.19608554897192462,19.608554897192462,19.608554897192462,0.05,RELATIVE_ERROR_NOT_BELOW_5_PERCENT
6,EXP,L6=L3-L4,globalForce,270-151,J,my,-150.46389299999998,-182.178927050393,-31.71503405039303,31.71503405039303,0.2107816926576068,0.2107816926576068,21.07816926576068,21.07816926576068,0.05,RELATIVE_ERROR_NOT_BELOW_5_PERCENT
6,EXP,L6=L3-L4,globalForce,270-151,J,mz,-4.632019,-6.069397576163706,-1.437378576163706,1.437378576163706,0.3103136183516747,0.3103136183516747,31.03136183516747,31.03136183516747,0.05,RELATIVE_ERROR_NOT_BELOW_5_PERCENT
6,EXP,L6=L3-L4,globalForce,280-290,I,fx,0,1.6699232219252735e-8,1.6699232219252735e-8,1.6699232219252735e-8,,,,,0.05,EXACT_ZERO_REFERENCE_MISMATCH
6,EXP,L6=L3-L4,globalForce,280-290,I,fy,0,-2.833973127280842e-7,-2.833973127280842e-7,2.833973127280842e-7,,,,,0.05,EXACT_ZERO_REFERENCE_MISMATCH
6,EXP,L6=L3-L4,globalForce,280-290,I,fz,0,-1.1628173979261192e-8,-1.1628173979261192e-8,1.1628173979261192e-8,,,,,0.05,EXACT_ZERO_REFERENCE_MISMATCH
6,EXP,L6=L3-L4,globalForce,280-290,I,mx,0,7.502305443551904e-10,7.502305443551904e-10,7.502305443551904e-10,,,,,0.05,EXACT_ZERO_REFERENCE_MISMATCH
6,EXP,L6=L3-L4,globalForce,280-290,I,my,0,4.169109502072388e-11,4.169109502072388e-11,4.169109502072388e-11,,,,,0.05,EXACT_ZERO_REFERENCE_MISMATCH
6,EXP,L6=L3-L4,globalForce,280-290,I,mz,0,1.336573518528894e-9,1.336573518528894e-9,1.336573518528894e-9,,,,,0.05,EXACT_ZERO_REFERENCE_MISMATCH
6,EXP,L6=L3-L4,globalForce,280-290,J,fx,0,-1.6699232219252735e-8,-1.6699232219252735e-8,1.6699232219252735e-8,,,,,0.05,EXACT_ZERO_REFERENCE_MISMATCH
6,EXP,L6=L3-L4,globalForce,280-290,J,fy,-9.999999996956888e-7,2.834288896913506e-7,0.0000012834288893870394,0.0000012834288893870394,-1.2834288897776012,1.2834288897776012,-128.3428889777601,128.3428889777601,0.05,RELATIVE_ERROR_NOT_BELOW_5_PERCENT
6,EXP,L6=L3-L4,globalForce,280-290,J,fz,0,1.1628173979261192e-8,1.1628173979261192e-8,1.1628173979261192e-8,,,,,0.05,EXACT_ZERO_REFERENCE_MISMATCH
6,EXP,L6=L3-L4,globalForce,280-290,J,mx,0,-1.620601430829538e-10,-1.620601430829538e-10,1.620601430829538e-10,,,,,0.05,EXACT_ZERO_REFERENCE_MISMATCH
6,EXP,L6=L3-L4,globalForce,280-290,J,my,0,-4.169109502072388e-11,-4.169109502072388e-11,4.169109502072388e-11,,,,,0.05,EXACT_ZERO_REFERENCE_MISMATCH
6,EXP,L6=L3-L4,globalForce,280-290,J,mz,0,-5.30860688741086e-10,-5.30860688741086e-10,5.30860688741086e-10,,,,,0.05,EXACT_ZERO_REFERENCE_MISMATCH
6,EXP,L6=L3-L4,globalForce,290-300,I,fx,0,2.9569491744041443e-8,2.9569491744041443e-8,2.9569491744041443e-8,,,,,0.05,EXACT_ZERO_REFERENCE_MISMATCH
6,EXP,L6=L3-L4,globalForce,290-300,I,fy,0,-3.1120157117925373e-7,-3.1120157117925373e-7,3.1120157117925373e-7,,,,,0.05,EXACT_ZERO_REFERENCE_MISMATCH
6,EXP,L6=L3-L4,globalForce,290-300,I,fz,0,-8.019014785531908e-9,-8.019014785531908e-9,8.019014785531908e-9,,,,,0.05,EXACT_ZERO_REFERENCE_MISMATCH
6,EXP,L6=L3-L4,globalForce,290-300,I,mx,0,-2.1464074961841106e-10,-2.1464074961841106e-10,2.1464074961841106e-10,,,,,0.05,EXACT_ZERO_REFERENCE_MISMATCH
6,EXP,L6=L3-L4,globalForce,290-300,I,my,0,5.093170329928398e-11,5.093170329928398e-11,5.093170329928398e-11,,,,,0.05,EXACT_ZERO_REFERENCE_MISMATCH
6,EXP,L6=L3-L4,globalForce,290-300,I,mz,0,5.820766091346741e-11,5.820766091346741e-11,5.820766091346741e-11,,,,,0.05,EXACT_ZERO_REFERENCE_MISMATCH
6,EXP,L6=L3-L4,globalForce,290-300,J,fx,0,-2.9569491744041443e-8,-2.9569491744041443e-8,2.9569491744041443e-8,,,,,0.05,EXACT_ZERO_REFERENCE_MISMATCH
6,EXP,L6=L3-L4,globalForce,290-300,J,fy,0,3.1464719918439243e-7,3.1464719918439243e-7,3.1464719918439243e-7,,,,,0.05,EXACT_ZERO_REFERENCE_MISMATCH
6,EXP,L6=L3-L4,globalForce,290-300,J,fz,0,8.019014785531908e-9,8.019014785531908e-9,8.019014785531908e-9,,,,,0.05,EXACT_ZERO_REFERENCE_MISMATCH
6,EXP,L6=L3-L4,globalForce,290-300,J,mx,0,1.6643753042444587e-10,1.6643753042444587e-10,1.6643753042444587e-10,,,,,0.05,EXACT_ZERO_REFERENCE_MISMATCH
6,EXP,L6=L3-L4,globalForce,290-300,J,my,0,-5.093170329928398e-11,-5.093170329928398e-11,5.093170329928398e-11,,,,,0.05,EXACT_ZERO_REFERENCE_MISMATCH
6,EXP,L6=L3-L4,globalForce,290-300,J,mz,0,1.7462298274040222e-10,1.7462298274040222e-10,1.7462298274040222e-10,,,,,0.05,EXACT_ZERO_REFERENCE_MISMATCH
6,EXP,L6=L3-L4,globalForce,300-310,I,fx,0,-1.4086253941059113e-8,-1.4086253941059113e-8,1.4086253941059113e-8,,,,,0.05,EXACT_ZERO_REFERENCE_MISMATCH
6,EXP,L6=L3-L4,globalForce,300-310,I,fy,0,1.043081283569336e-7,1.043081283569336e-7,1.043081283569336e-7,,,,,0.05,EXACT_ZERO_REFERENCE_MISMATCH
6,EXP,L6=L3-L4,globalForce,300-310,I,fz,0,1.0348230716772377e-8,1.0348230716772377e-8,1.0348230716772377e-8,,,,,0.05,EXACT_ZERO_REFERENCE_MISMATCH
6,EXP,L6=L3-L4,globalForce,300-310,I,mx,0,6.912159733474255e-11,6.912159733474255e-11,6.912159733474255e-11,,,,,0.05,EXACT_ZERO_REFERENCE_MISMATCH
6,EXP,L6=L3-L4,globalForce,300-310,I,mz,0,-2.9103830456733704e-10,-2.9103830456733704e-10,2.9103830456733704e-10,,,,,0.05,EXACT_ZERO_REFERENCE_MISMATCH
6,EXP,L6=L3-L4,globalForce,300-310,J,fx,0,1.4086253941059113e-8,1.4086253941059113e-8,1.4086253941059113e-8,,,,,0.05,EXACT_ZERO_REFERENCE_MISMATCH
6,EXP,L6=L3-L4,globalForce,300-310,J,fy,0,-1.043081283569336e-7,-1.043081283569336e-7,1.043081283569336e-7,,,,,0.05,EXACT_ZERO_REFERENCE_MISMATCH
6,EXP,L6=L3-L4,globalForce,300-310,J,fz,0,-1.0348230716772377e-8,-1.0348230716772377e-8,1.0348230716772377e-8,,,,,0.05,EXACT_ZERO_REFERENCE_MISMATCH
6,EXP,L6=L3-L4,globalForce,300-310,J,mx,0,1.77351466845721e-10,1.77351466845721e-10,1.77351466845721e-10,,,,,0.05,EXACT_ZERO_REFERENCE_MISMATCH
6,EXP,L6=L3-L4,globalForce,300-310,J,mz,0,-7.8580342233181e-10,-7.8580342233181e-10,7.8580342233181e-10,,,,,0.05,EXACT_ZERO_REFERENCE_MISMATCH
6,EXP,L6=L3-L4,globalForce,320-330,I,fx,0,-2.649653652042616e-8,-2.649653652042616e-8,2.649653652042616e-8,,,,,0.05,EXACT_ZERO_REFERENCE_MISMATCH
6,EXP,L6=L3-L4,globalForce,320-330,I,fy,0,-1.6134464431161177e-8,-1.6134464431161177e-8,1.6134464431161177e-8,,,,,0.05,EXACT_ZERO_REFERENCE_MISMATCH
6,EXP,L6=L3-L4,globalForce,320-330,I,fz,0,2.35741026699543e-9,2.35741026699543e-9,2.35741026699543e-9,,,,,0.05,EXACT_ZERO_REFERENCE_MISMATCH
6,EXP,L6=L3-L4,globalForce,320-330,I,mx,0,1.8067902729512753e-10,1.8067902729512753e-10,1.8067902729512753e-10,,,,,0.05,EXACT_ZERO_REFERENCE_MISMATCH
6,EXP,L6=L3-L4,globalForce,320-330,I,my,0,-1.121085446698089e-9,-1.121085446698089e-9,1.121085446698089e-9,,,,,0.05,EXACT_ZERO_REFERENCE_MISMATCH
6,EXP,L6=L3-L4,globalForce,320-330,I,mz,0,-1.7506351923657348e-10,-1.7506351923657348e-10,1.7506351923657348e-10,,,,,0.05,EXACT_ZERO_REFERENCE_MISMATCH
6,EXP,L6=L3-L4,globalForce,320-330,J,fx,0,2.649653652042616e-8,2.649653652042616e-8,2.649653652042616e-8,,,,,0.05,EXACT_ZERO_REFERENCE_MISMATCH
6,EXP,L6=L3-L4,globalForce,320-330,J,fy,0,1.6134464431161177e-8,1.6134464431161177e-8,1.6134464431161177e-8,,,,,0.05,EXACT_ZERO_REFERENCE_MISMATCH
6,EXP,L6=L3-L4,globalForce,320-330,J,fz,0,-2.35741026699543e-9,-2.35741026699543e-9,2.35741026699543e-9,,,,,0.05,EXACT_ZERO_REFERENCE_MISMATCH
6,EXP,L6=L3-L4,globalForce,320-330,J,mx,0,6.193170420942806e-10,6.193170420942806e-10,6.193170420942806e-10,,,,,0.05,EXACT_ZERO_REFERENCE_MISMATCH
6,EXP,L6=L3-L4,globalForce,320-330,J,my,0,-1.9657875327538932e-10,-1.9657875327538932e-10,1.9657875327538932e-10,,,,,0.05,EXACT_ZERO_REFERENCE_MISMATCH
6,EXP,L6=L3-L4,globalForce,320-330,J,mz,0,1.7506351923657348e-10,1.7506351923657348e-10,1.7506351923657348e-10,,,,,0.05,EXACT_ZERO_REFERENCE_MISMATCH
6,EXP,L6=L3-L4,globalForce,330-340,I,fx,0,-5.055335350334644e-8,-5.055335350334644e-8,5.055335350334644e-8,,,,,0.05,EXACT_ZERO_REFERENCE_MISMATCH
6,EXP,L6=L3-L4,globalForce,330-340,I,fy,0,-1.0611984180286527e-8,-1.0611984180286527e-8,1.0611984180286527e-8,,,,,0.05,EXACT_ZERO_REFERENCE_MISMATCH
6,EXP,L6=L3-L4,globalForce,330-340,I,mx,0,-3.346940502524376e-10,-3.346940502524376e-10,3.346940502524376e-10,,,,,0.05,EXACT_ZERO_REFERENCE_MISMATCH
6,EXP,L6=L3-L4,globalForce,330-340,I,my,0,1.4551915228366852e-10,1.4551915228366852e-10,1.4551915228366852e-10,,,,,0.05,EXACT_ZERO_REFERENCE_MISMATCH
6,EXP,L6=L3-L4,globalForce,330-340,J,fx,0,5.055335350334644e-8,5.055335350334644e-8,5.055335350334644e-8,,,,,0.05,EXACT_ZERO_REFERENCE_MISMATCH
6,EXP,L6=L3-L4,globalForce,330-340,J,fy,0,1.0611984180286527e-8,1.0611984180286527e-8,1.0611984180286527e-8,,,,,0.05,EXACT_ZERO_REFERENCE_MISMATCH
6,EXP,L6=L3-L4,globalForce,330-340,J,mx,0,4.1109160520136356e-10,4.1109160520136356e-10,4.1109160520136356e-10,,,,,0.05,EXACT_ZERO_REFERENCE_MISMATCH
6,EXP,L6=L3-L4,globalForce,330-340,J,my,0,1.0186340659856796e-10,1.0186340659856796e-10,1.0186340659856796e-10,,,,,0.05,EXACT_ZERO_REFERENCE_MISMATCH
6,EXP,L6=L3-L4,localForce,10-20,I,fz,-862.3297120000001,-788.0282537487456,74.30145825125453,74.30145825125453,-0.08616363000983378,0.08616363000983378,-8.616363000983378,8.616363000983378,0.05,RELATIVE_ERROR_NOT_BELOW_5_PERCENT
6,EXP,L6=L3-L4,localForce,10-20,I,mx,-1343.452438,-1491.6845787767597,-148.2321407767597,148.2321407767597,0.11033672393898303,0.11033672393898303,11.033672393898303,11.033672393898303,0.05,RELATIVE_ERROR_NOT_BELOW_5_PERCENT
6,EXP,L6=L3-L4,localForce,10-20,I,my,1641.852264,1544.9830564369443,-96.86920756305585,96.86920756305585,-0.058999953702933074,0.058999953702933074,-5.899995370293308,5.899995370293308,0.05,RELATIVE_ERROR_NOT_BELOW_5_PERCENT
6,EXP,L6=L3-L4,localForce,10-20,J,fz,862.3295899999998,788.0282537487458,-74.30133625125404,74.30133625125404,-0.08616350072279678,0.08616350072279678,-8.616350072279678,8.616350072279678,0.05,RELATIVE_ERROR_NOT_BELOW_5_PERCENT
6,EXP,L6=L3-L4,localForce,10-20,J,mx,1343.452438,1491.6845787767597,148.2321407767597,148.2321407767597,0.11033672393898303,0.11033672393898303,11.033672393898303,11.033672393898303,0.05,RELATIVE_ERROR_NOT_BELOW_5_PERCENT
6,EXP,L6=L3-L4,localForce,10-20,J,my,-1548.720093,-1459.8760113363055,88.8440816636944,88.8440816636944,-0.0573661322438169,0.0573661322438169,-5.736613224381689,5.736613224381689,0.05,RELATIVE_ERROR_NOT_BELOW_5_PERCENT
6,EXP,L6=L3-L4,localForce,20-30,I,fz,-862.3295899999998,-788.0282537487452,74.30133625125461,74.30133625125461,-0.08616350072279745,0.08616350072279745,-8.616350072279745,8.616350072279745,0.05,RELATIVE_ERROR_NOT_BELOW_5_PERCENT
6,EXP,L6=L3-L4,localForce,20-30,I,mx,-1343.452438,-1491.68457877676,-148.23214077675993,148.23214077675993,0.1103367239389832,0.1103367239389832,11.03367239389832,11.03367239389832,0.05,RELATIVE_ERROR_NOT_BELOW_5_PERCENT
6,EXP,L6=L3-L4,localForce,20-30,I,my,1548.720093,1459.8760113363044,-88.84408166369553,88.84408166369553,-0.05736613224381763,0.05736613224381763,-5.736613224381763,5.736613224381763,0.05,RELATIVE_ERROR_NOT_BELOW_5_PERCENT
6,EXP,L6=L3-L4,localForce,20-30,J,fz,-862.329621,-788.0282537487452,74.30136725125476,74.30136725125476,-0.08616353357442509,0.08616353357442509,-8.61635335744251,8.61635335744251,0.05,RELATIVE_ERROR_NOT_BELOW_5_PERCENT
6,EXP,L6=L3-L4,localForce,20-30,J,mx,1343.452438,1491.68457877676,148.23214077675993,148.23214077675993,0.1103367239389832,0.1103367239389832,11.03367239389832,11.03367239389832,0.05,RELATIVE_ERROR_NOT_BELOW_5_PERCENT
6,EXP,L6=L3-L4,localForce,30-31,I,fx,-950.7321929999999,-1033.0742297396062,-82.34203673960621,82.34203673960621,0.08660907597940803,0.08660907597940803,8.660907597940803,8.660907597940803,0.05,RELATIVE_ERROR_NOT_BELOW_5_PERCENT
6,EXP,L6=L3-L4,localForce,30-31,I,mz,2189.080635,2363.0504452471505,173.9698102471507,173.9698102471507,0.07947163181914983,0.07947163181914983,7.947163181914983,7.947163181914983,0.05,RELATIVE_ERROR_NOT_BELOW_5_PERCENT
6,EXP,L6=L3-L4,localForce,30-31,J,fx,950.7321929999999,1033.0742297396062,82.34203673960621,82.34203673960621,0.08660907597940803,0.08660907597940803,8.660907597940803,8.660907597940803,0.05,RELATIVE_ERROR_NOT_BELOW_5_PERCENT
6,EXP,L6=L3-L4,localForce,30-31,J,mz,-1830.173325,-1992.6998999202333,-162.52657492023332,162.52657492023332,0.08880392512563438,0.08880392512563438,8.880392512563438,8.880392512563438,0.05,RELATIVE_ERROR_NOT_BELOW_5_PERCENT
6,EXP,L6=L3-L4,localForce,31-198,I,fx,-950.7321929999999,-1033.0742297519835,-82.34203675198353,82.34203675198353,0.08660907599242675,0.08660907599242675,8.660907599242675,8.660907599242675,0.05,RELATIVE_ERROR_NOT_BELOW_5_PERCENT
6,EXP,L6=L3-L4,localForce,31-198,I,mz,1830.173325,1992.699899919649,162.52657491964897,162.52657491964897,0.0888039251253151,0.0888039251253151,8.88039251253151,8.88039251253151,0.05,RELATIVE_ERROR_NOT_BELOW_5_PERCENT
6,EXP,L6=L3-L4,localForce,31-198,J,fx,950.732162,1033.0742297517925,82.34206775179246,82.34206775179246,0.08660911142268947,0.08660911142268947,8.660911142268947,8.660911142268947,0.05,RELATIVE_ERROR_NOT_BELOW_5_PERCENT
6,EXP,L6=L3-L4,localForce,31-198,J,my,5.597851,0.21864926655518957,-5.379201733444811,5.379201733444811,-0.9609404990316481,0.9609404990316481,-96.09404990316482,96.09404990316482,0.05,RELATIVE_ERROR_NOT_BELOW_5_PERCENT
6,EXP,L6=L3-L4,localForce,31-198,J,mz,756.586007,884.8824385541262,128.29643155412623,128.29643155412623,0.16957283159761932,0.16957283159761932,16.957283159761932,16.957283159761932,0.05,RELATIVE_ERROR_NOT_BELOW_5_PERCENT
6,EXP,L6=L3-L4,localForce,59-60,J,my,-114.12292400000001,-105.89266210169535,8.230261898304661,8.230261898304661,-0.07211751688297664,0.07211751688297664,-7.211751688297665,7.211751688297665,0.05,RELATIVE_ERROR_NOT_BELOW_5_PERCENT
6,EXP,L6=L3-L4,localForce,60-63,I,mz,114.12292400000001,105.89266210169922,-8.230261898300796,8.230261898300796,-0.07211751688294278,0.07211751688294278,-7.211751688294278,7.211751688294278,0.05,RELATIVE_ERROR_NOT_BELOW_5_PERCENT
6,EXP,L6=L3-L4,localForce,60-63,J,my,18.73649599999999,-3.2583460279156213,-21.99484202791561,21.99484202791561,-1.173903702587486,1.173903702587486,-117.39037025874862,117.39037025874862,0.05,RELATIVE_ERROR_NOT_BELOW_5_PERCENT
6,EXP,L6=L3-L4,localForce,63-64,I,my,18.73649599999999,-3.258346027931111,-21.9948420279311,21.9948420279311,-1.1739037025883128,1.1739037025883128,-117.39037025883128,117.39037025883128,0.05,RELATIVE_ERROR_NOT_BELOW_5_PERCENT
6,EXP,L6=L3-L4,localForce,70-71,I,fy,-100.92861,-120.71925789024681,-19.790647890246802,19.790647890246802,0.1960856083349092,0.1960856083349092,19.60856083349092,19.60856083349092,0.05,RELATIVE_ERROR_NOT_BELOW_5_PERCENT
6,EXP,L6=L3-L4,localForce,70-71,I,mx,-31.981242,-36.03933500454559,-4.05809300454559,4.05809300454559,0.12688978759941813,0.12688978759941813,12.688978759941813,12.688978759941813,0.05,RELATIVE_ERROR_NOT_BELOW_5_PERCENT
6,EXP,L6=L3-L4,localForce,70-71,I,mz,-106.390356,-126.72184290754376,-20.331486907543763,20.331486907543763,0.19110272464492706,0.19110272464492706,19.110272464492706,19.110272464492706,0.05,RELATIVE_ERROR_NOT_BELOW_5_PERCENT
6,EXP,L6=L3-L4,localForce,70-71,J,fy,100.92861,120.71925789024681,19.790647890246802,19.790647890246802,0.1960856083349092,0.1960856083349092,19.60856083349092,19.60856083349092,0.05,RELATIVE_ERROR_NOT_BELOW_5_PERCENT
6,EXP,L6=L3-L4,localForce,70-71,J,mx,31.981242,36.03933500454559,4.05809300454559,4.05809300454559,0.12688978759941813,0.12688978759941813,12.688978759941813,12.688978759941813,0.05,RELATIVE_ERROR_NOT_BELOW_5_PERCENT
6,EXP,L6=L3-L4,localForce,70-71,J,mz,100.62222299999999,119.82273762079421,19.200514620794223,19.200514620794223,0.19081783375819697,0.19081783375819697,19.081783375819697,19.081783375819697,0.05,RELATIVE_ERROR_NOT_BELOW_5_PERCENT
6,EXP,L6=L3-L4,localForce,70-80,I,fz,-116.86319699999999,-93.66988951403619,23.1933074859638,23.1933074859638,-0.19846545432060875,0.19846545432060875,-19.846545432060875,19.846545432060875,0.05,RELATIVE_ERROR_NOT_BELOW_5_PERCENT
6,EXP,L6=L3-L4,localForce,70-80,J,fz,-116.86341099999999,-93.66988951403619,23.1935214859638,23.1935214859638,-0.19846692208876054,0.19846692208876054,-19.846692208876053,19.846692208876053,0.05,RELATIVE_ERROR_NOT_BELOW_5_PERCENT
6,EXP,L6=L3-L4,localForce,71-248,I,fy,-100.92861,-120.71925788760404,-19.790647887604038,19.790647887604038,0.1960856083087247,0.1960856083087247,19.60856083087247,19.60856083087247,0.05,RELATIVE_ERROR_NOT_BELOW_5_PERCENT
6,EXP,L6=L3-L4,localForce,71-248,I,mx,-31.981242,-36.03933500454359,-4.058093004543586,4.058093004543586,0.12688978759935546,0.12688978759935546,12.688978759935546,12.688978759935546,0.05,RELATIVE_ERROR_NOT_BELOW_5_PERCENT
6,EXP,L6=L3-L4,localForce,71-248,I,mz,-100.62222299999999,-119.82273762014586,-19.200514620145867,19.200514620145867,0.1908178337517535,0.1908178337517535,19.081783375175352,19.081783375175352,0.05,RELATIVE_ERROR_NOT_BELOW_5_PERCENT
6,EXP,L6=L3-L4,localForce,71-248,J,fy,-100.928651,-120.71925788760404,-19.790606887604042,19.790606887604042,0.19608512242578216,0.19608512242578216,19.608512242578215,19.608512242578215,0.05,RELATIVE_ERROR_NOT_BELOW_5_PERCENT
6,EXP,L6=L3-L4,localForce,71-248,J,mx,31.981242,36.03933500454359,4.058093004543586,4.058093004543586,0.12688978759935546,0.12688978759935546,12.688978759935546,12.688978759935546,0.05,RELATIVE_ERROR_NOT_BELOW_5_PERCENT
6,EXP,L6=L3-L4,localForce,71-248,J,my,-223.931516,-209.99042363986396,13.941092360136025,13.941092360136025,-0.06225605314142573,0.06225605314142573,-6.225605314142573,6.225605314142573,0.05,RELATIVE_ERROR_NOT_BELOW_5_PERCENT
6,EXP,L6=L3-L4,localForce,80-90,I,fz,116.86341099999999,93.66988951391977,-23.193521486080215,23.193521486080215,-0.19846692208975672,0.19846692208975672,-19.84669220897567,19.84669220897567,0.05,RELATIVE_ERROR_NOT_BELOW_5_PERCENT
6,EXP,L6=L3-L4,localForce,80-90,J,fz,-116.86341800000002,-93.6698895139198,23.193528486080226,23.193528486080226,-0.19846697010077372,0.19846697010077372,-19.84669701007737,19.84669701007737,0.05,RELATIVE_ERROR_NOT_BELOW_5_PERCENT
6,EXP,L6=L3-L4,localForce,90-100,I,fz,116.86341800000002,93.66988951573498,-23.193528484265045,23.193528484265045,-0.19846697008524122,0.19846697008524122,-19.84669700852412,19.84669700852412,0.05,RELATIVE_ERROR_NOT_BELOW_5_PERCENT
6,EXP,L6=L3-L4,localForce,90-100,J,fz,-116.86328100000003,-93.66988951573504,23.193391484264993,23.193391484264993,-0.1984660304400061,0.1984660304400061,-19.84660304400061,19.84660304400061,0.05,RELATIVE_ERROR_NOT_BELOW_5_PERCENT
6,EXP,L6=L3-L4,localForce,100-101,I,fx,0.00003799999999998249,3.129243850708008e-7,-0.00003768707561491169,0.00003768707561491169,-0.9917651477612909,0.9917651477612909,-99.17651477612908,99.17651477612908,0.05,RELATIVE_ERROR_NOT_BELOW_5_PERCENT
6,EXP,L6=L3-L4,localForce,100-101,I,fy,0,1.4016404747962952e-7,1.4016404747962952e-7,1.4016404747962952e-7,,,,,0.05,EXACT_ZERO_REFERENCE_MISMATCH
6,EXP,L6=L3-L4,localForce,100-101,I,fz,0,3.4055119613185525e-8,3.4055119613185525e-8,3.4055119613185525e-8,,,,,0.05,EXACT_ZERO_REFERENCE_MISMATCH
6,EXP,L6=L3-L4,localForce,100-101,I,mx,0,-4.274625098332763e-11,-4.274625098332763e-11,4.274625098332763e-11,,,,,0.05,EXACT_ZERO_REFERENCE_MISMATCH
6,EXP,L6=L3-L4,localForce,100-101,I,my,0,2.5920599000528455e-11,2.5920599000528455e-11,2.5920599000528455e-11,,,,,0.05,EXACT_ZERO_REFERENCE_MISMATCH
6,EXP,L6=L3-L4,localForce,100-101,I,mz,0,8.396455086767673e-9,8.396455086767673e-9,8.396455086767673e-9,,,,,0.05,EXACT_ZERO_REFERENCE_MISMATCH
6,EXP,L6=L3-L4,localForce,100-101,J,fx,-0.00003799999999998249,-3.129243850708008e-7,0.00003768707561491169,0.00003768707561491169,-0.9917651477612909,0.9917651477612909,-99.17651477612908,99.17651477612908,0.05,RELATIVE_ERROR_NOT_BELOW_5_PERCENT
6,EXP,L6=L3-L4,localForce,100-101,J,fy,0,-1.4016404747962952e-7,-1.4016404747962952e-7,1.4016404747962952e-7,,,,,0.05,EXACT_ZERO_REFERENCE_MISMATCH
6,EXP,L6=L3-L4,localForce,100-101,J,fz,0,-3.4055119613185525e-8,-3.4055119613185525e-8,3.4055119613185525e-8,,,,,0.05,EXACT_ZERO_REFERENCE_MISMATCH
6,EXP,L6=L3-L4,localForce,100-101,J,mx,0,4.274625098332763e-11,4.274625098332763e-11,4.274625098332763e-11,,,,,0.05,EXACT_ZERO_REFERENCE_MISMATCH
6,EXP,L6=L3-L4,localForce,100-101,J,my,0,-1.8098944565281272e-10,-1.8098944565281272e-10,1.8098944565281272e-10,,,,,0.05,EXACT_ZERO_REFERENCE_MISMATCH
6,EXP,L6=L3-L4,localForce,100-101,J,mz,0,1.8917489796876907e-9,1.8917489796876907e-9,1.8917489796876907e-9,,,,,0.05,EXACT_ZERO_REFERENCE_MISMATCH
6,EXP,L6=L3-L4,localForce,100-110,I,fz,116.86325099999999,93.66988912082346,-23.193361879176535,23.193361879176535,-0.19846582805724391,0.19846582805724391,-19.846582805724392,19.846582805724392,0.05,RELATIVE_ERROR_NOT_BELOW_5_PERCENT
6,EXP,L6=L3-L4,localForce,100-110,J,fz,-116.86305200000001,-93.6698891208234,23.19316287917661,23.19316287917661,-0.19846446316648148,0.19846446316648148,-19.846446316648148,19.846446316648148,0.05,RELATIVE_ERROR_NOT_BELOW_5_PERCENT
6,EXP,L6=L3-L4,localForce,101-280,I,fx,0.00003799999999998249,2.8492667958346374e-7,-0.00003771507332039903,0.00003771507332039903,-0.9925019294846422,0.9925019294846422,-99.25019294846422,99.25019294846422,0.05,RELATIVE_ERROR_NOT_BELOW_5_PERCENT
6,EXP,L6=L3-L4,localForce,101-280,I,fy,0,1.6127160051837564e-8,1.6127160051837564e-8,1.6127160051837564e-8,,,,,0.05,EXACT_ZERO_REFERENCE_MISMATCH
6,EXP,L6=L3-L4,localForce,101-280,I,fz,0,-1.1174805081282102e-8,-1.1174805081282102e-8,1.1174805081282102e-8,,,,,0.05,EXACT_ZERO_REFERENCE_MISMATCH
6,EXP,L6=L3-L4,localForce,101-280,I,mx,0,-4.170175316176027e-11,-4.170175316176027e-11,4.170175316176027e-11,,,,,0.05,EXACT_ZERO_REFERENCE_MISMATCH
6,EXP,L6=L3-L4,localForce,101-280,I,my,0,9.959224556155277e-10,9.959224556155277e-10,9.959224556155277e-10,,,,,0.05,EXACT_ZERO_REFERENCE_MISMATCH
6,EXP,L6=L3-L4,localForce,101-280,I,mz,0,1.6945875813689781e-9,1.6945875813689781e-9,1.6945875813689781e-9,,,,,0.05,EXACT_ZERO_REFERENCE_MISMATCH
6,EXP,L6=L3-L4,localForce,101-280,J,fx,0,-2.849263207593822e-7,-2.849263207593822e-7,2.849263207593822e-7,,,,,0.05,EXACT_ZERO_REFERENCE_MISMATCH
6,EXP,L6=L3-L4,localForce,101-280,J,fy,0,-1.6127160051837564e-8,-1.6127160051837564e-8,1.6127160051837564e-8,,,,,0.05,EXACT_ZERO_REFERENCE_MISMATCH
6,EXP,L6=L3-L4,localForce,101-280,J,fz,0,1.1174805081282102e-8,1.1174805081282102e-8,1.1174805081282102e-8,,,,,0.05,EXACT_ZERO_REFERENCE_MISMATCH
6,EXP,L6=L3-L4,localForce,101-280,J,mx,0,4.1701753161760273e-11,4.1701753161760273e-11,4.1701753161760273e-11,,,,,0.05,EXACT_ZERO_REFERENCE_MISMATCH
6,EXP,L6=L3-L4,localForce,101-280,J,my,0,-7.438170079865358e-10,-7.438170079865358e-10,7.438170079865358e-10,,,,,0.05,EXACT_ZERO_REFERENCE_MISMATCH
6,EXP,L6=L3-L4,localForce,101-280,J,mz,0,-1.35281652546837e-9,-1.35281652546837e-9,1.35281652546837e-9,,,,,0.05,EXACT_ZERO_REFERENCE_MISMATCH
6,EXP,L6=L3-L4,localForce,110-120,I,fz,116.86305200000001,93.66988912058878,-23.193162879411233,23.193162879411233,-0.19846446316848915,0.19846446316848915,-19.846446316848915,19.846446316848915,0.05,RELATIVE_ERROR_NOT_BELOW_5_PERCENT
6,EXP,L6=L3-L4,localForce,110-120,J,fz,-116.86303700000008,-93.66988912058878,23.1931478794113,23.1931478794113,-0.1984643602870879,0.1984643602870879,-19.846436028708787,19.846436028708787,0.05,RELATIVE_ERROR_NOT_BELOW_5_PERCENT
6,EXP,L6=L3-L4,localForce,110-120,J,my,1192.4962460000002,1266.0916782810145,73.59543228101438,73.59543228101438,0.06171544147654648,0.06171544147654648,6.1715441476546475,6.1715441476546475,0.05,RELATIVE_ERROR_NOT_BELOW_5_PERCENT
6,EXP,L6=L3-L4,localForce,110-120,J,mz,182.77619199999998,173.24784665693733,-9.528345343062654,9.528345343062654,-0.05213121708467728,0.05213121708467728,-5.213121708467728,5.213121708467728,0.05,RELATIVE_ERROR_NOT_BELOW_5_PERCENT
6,EXP,L6=L3-L4,localForce,120-129,I,fz,-116.86303700000008,-93.66988913712567,23.19314786287441,23.19314786287441,-0.19846436014558133,0.19846436014558133,-19.846436014558133,19.846436014558133,0.05,RELATIVE_ERROR_NOT_BELOW_5_PERCENT
6,EXP,L6=L3-L4,localForce,120-129,I,my,1192.4962460000002,1266.0916782811018,73.5954322811017,73.5954322811017,0.0617154414766197,0.0617154414766197,6.17154414766197,6.17154414766197,0.05,RELATIVE_ERROR_NOT_BELOW_5_PERCENT
6,EXP,L6=L3-L4,localForce,120-129,I,mz,182.77619199999998,173.24784665664845,-9.528345343351532,9.528345343351532,-0.05213121708625778,0.05213121708625778,-5.213121708625778,5.213121708625778,0.05,RELATIVE_ERROR_NOT_BELOW_5_PERCENT
6,EXP,L6=L3-L4,localForce,120-129,J,my,-857.929664,-927.5512111218802,-69.62154712188021,69.62154712188021,0.08115064677595786,0.08115064677595786,8.115064677595786,8.115064677595786,0.05,RELATIVE_ERROR_NOT_BELOW_5_PERCENT
6,EXP,L6=L3-L4,localForce,120-129,J,mz,158.97326700000002,167.46533864012582,8.4920716401258,8.4920716401258,0.05341823691731642,0.05341823691731642,5.3418236917316415,5.3418236917316415,0.05,RELATIVE_ERROR_NOT_BELOW_5_PERCENT
6,EXP,L6=L3-L4,localForce,129-130,I,my,857.929664,927.5512111218684,69.62154712186839,69.62154712186839,0.08115064677594408,0.08115064677594408,8.115064677594408,8.115064677594408,0.05,RELATIVE_ERROR_NOT_BELOW_5_PERCENT
6,EXP,L6=L3-L4,localForce,129-130,I,mz,-158.97326700000002,-167.4653386402117,-8.492071640211691,8.492071640211691,0.053418236917856694,0.053418236917856694,5.341823691785669,5.341823691785669,0.05,RELATIVE_ERROR_NOT_BELOW_5_PERCENT
6,EXP,L6=L3-L4,localForce,129-130,J,fx,116.8745120000001,93.66988967583325,-23.20462232416685,23.20462232416685,-0.1985430520913476,0.1985430520913476,-19.854305209134758,19.854305209134758,0.05,RELATIVE_ERROR_NOT_BELOW_5_PERCENT
6,EXP,L6=L3-L4,localForce,129-130,J,my,-75.40493800000002,-130.43053336364193,-55.02559536364191,55.02559536364191,0.7297346410342769,0.7297346410342769,72.97346410342769,72.97346410342769,0.05,RELATIVE_ERROR_NOT_BELOW_5_PERCENT
6,EXP,L6=L3-L4,localForce,130-140,I,fx,-116.86328099999992,-93.6698896475225,23.19339135247742,23.19339135247742,-0.198466029312299,0.198466029312299,-19.8466029312299,19.8466029312299,0.05,RELATIVE_ERROR_NOT_BELOW_5_PERCENT
6,EXP,L6=L3-L4,localForce,130-140,I,fy,-780.4357150000001,777.2906384105663,1557.7263534105664,1557.7263534105664,-1.9959701016637434,1.9959701016637434,-199.59701016637433,199.59701016637433,0.05,RELATIVE_ERROR_NOT_BELOW_5_PERCENT
6,EXP,L6=L3-L4,localForce,130-140,I,fz,-126.67760399999999,173.37033405945385,300.0479380594538,300.0479380594538,-2.3685949890515285,2.3685949890515285,-236.85949890515286,236.85949890515286,0.05,RELATIVE_ERROR_NOT_BELOW_5_PERCENT
6,EXP,L6=L3-L4,localForce,130-140,I,my,75.40493800000002,-130.43053336364636,-205.83547136364638,205.83547136364638,-2.7297346410343355,2.7297346410343355,-272.97346410343357,272.97346410343357,0.05,RELATIVE_ERROR_NOT_BELOW_5_PERCENT
6,EXP,L6=L3-L4,localForce,130-140,I,mz,-407.59704600000003,410.0795997913224,817.6766457913225,817.6766457913225,-2.0060907060433464,2.0060907060433464,-200.60907060433465,200.60907060433465,0.05,RELATIVE_ERROR_NOT_BELOW_5_PERCENT
6,EXP,L6=L3-L4,localForce,130-140,J,fx,116.86328099999992,93.66988964750476,-23.193391352495155,23.193391352495155,-0.19846602931245078,0.19846602931245078,-19.846602931245076,19.846602931245076,0.05,RELATIVE_ERROR_NOT_BELOW_5_PERCENT
6,EXP,L6=L3-L4,localForce,130-140,J,fz,126.67761999999999,173.37033405945385,46.69271405945386,46.69271405945386,0.3685948161913199,0.3685948161913199,36.85948161913199,36.85948161913199,0.05,RELATIVE_ERROR_NOT_BELOW_5_PERCENT
6,EXP,L6=L3-L4,localForce,130-140,J,my,-22.022499,-57.3722227532615,-35.3497237532615,35.3497237532615,1.6051640530559905,1.6051640530559905,160.51640530559905,160.51640530559905,0.05,RELATIVE_ERROR_NOT_BELOW_5_PERCENT
6,EXP,L6=L3-L4,localForce,140-141,I,fx,0,1.862645149230957e-9,1.862645149230957e-9,1.862645149230957e-9,,,,,0.05,EXACT_ZERO_REFERENCE_MISMATCH
6,EXP,L6=L3-L4,localForce,140-141,I,fy,0,2.782326191663742e-8,2.782326191663742e-8,2.782326191663742e-8,,,,,0.05,EXACT_ZERO_REFERENCE_MISMATCH
6,EXP,L6=L3-L4,localForce,140-141,I,fz,0.00009700000000023579,2.5218469090759754e-8,-0.00009697478153114503,0.00009697478153114503,-0.9997400157825701,0.9997400157825701,-99.97400157825702,99.97400157825702,0.05,RELATIVE_ERROR_NOT_BELOW_5_PERCENT
6,EXP,L6=L3-L4,localForce,140-141,I,mx,0,-1.673470251262188e-10,-1.673470251262188e-10,1.673470251262188e-10,,,,,0.05,EXACT_ZERO_REFERENCE_MISMATCH
6,EXP,L6=L3-L4,localForce,140-141,I,my,-0.000006000000000061512,-2.6936959329759702e-9,0.000005997306304128536,0.000005997306304128536,-0.9995510506778419,0.9995510506778419,-99.95510506778419,99.95510506778419,0.05,RELATIVE_ERROR_NOT_BELOW_5_PERCENT
6,EXP,L6=L3-L4,localForce,140-141,I,mz,0,3.043169272132218e-9,3.043169272132218e-9,3.043169272132218e-9,,,,,0.05,EXACT_ZERO_REFERENCE_MISMATCH
6,EXP,L6=L3-L4,localForce,140-141,J,fx,0,-1.862645149230957e-9,-1.862645149230957e-9,1.862645149230957e-9,,,,,0.05,EXACT_ZERO_REFERENCE_MISMATCH
6,EXP,L6=L3-L4,localForce,140-141,J,fy,0,-2.782326191663742e-8,-2.782326191663742e-8,2.782326191663742e-8,,,,,0.05,EXACT_ZERO_REFERENCE_MISMATCH
6,EXP,L6=L3-L4,localForce,140-141,J,fz,-0.00009700000000023579,-2.5218469090759754e-8,0.00009697478153114503,0.00009697478153114503,-0.9997400157825701,0.9997400157825701,-99.97400157825702,99.97400157825702,0.05,RELATIVE_ERROR_NOT_BELOW_5_PERCENT
6,EXP,L6=L3-L4,localForce,140-141,J,mx,0,1.673470251262188e-10,1.673470251262188e-10,1.673470251262188e-10,,,,,0.05,EXACT_ZERO_REFERENCE_MISMATCH
6,EXP,L6=L3-L4,localForce,140-141,J,my,0,2.528850018279627e-9,2.528850018279627e-9,2.528850018279627e-9,,,,,0.05,EXACT_ZERO_REFERENCE_MISMATCH
6,EXP,L6=L3-L4,localForce,140-141,J,mz,0,3.2741809263825417e-11,3.2741809263825417e-11,3.2741809263825417e-11,,,,,0.05,EXACT_ZERO_REFERENCE_MISMATCH
6,EXP,L6=L3-L4,localForce,140-150,I,fx,-116.86291499999993,-93.66988970490411,23.193025295095822,23.193025295095822,-0.1984635185173657,0.1984635185173657,-19.84635185173657,19.84635185173657,0.05,RELATIVE_ERROR_NOT_BELOW_5_PERCENT
6,EXP,L6=L3-L4,localForce,140-150,I,fz,-126.677811,-173.37033406130115,-46.692523061301145,46.692523061301145,0.3685927526905335,0.3685927526905335,36.85927526905335,36.85927526905335,0.05,RELATIVE_ERROR_NOT_BELOW_5_PERCENT
6,EXP,L6=L3-L4,localForce,140-150,I,my,22.022504999999995,57.37222275654999,35.34971775654999,35.34971775654999,1.6051633434320938,1.6051633434320938,160.51633434320937,160.51633434320937,0.05,RELATIVE_ERROR_NOT_BELOW_5_PERCENT
6,EXP,L6=L3-L4,localForce,140-150,J,fx,116.86303699999985,93.66988970467582,-23.193147295324025,23.193147295324025,-0.19846435528903852,0.19846435528903852,-19.846435528903854,19.846435528903854,0.05,RELATIVE_ERROR_NOT_BELOW_5_PERCENT
6,EXP,L6=L3-L4,localForce,140-150,J,fz,-126.677811,-173.37033406130115,-46.692523061301145,46.692523061301145,0.3685927526905335,0.3685927526905335,36.85927526905335,36.85927526905335,0.05,RELATIVE_ERROR_NOT_BELOW_5_PERCENT
6,EXP,L6=L3-L4,localForce,140-150,J,my,-44.635788,-33.85519622899878,10.78059177100122,10.78059177100122,-0.2415235006269234,0.2415235006269234,-24.152350062692342,24.152350062692342,0.05,RELATIVE_ERROR_NOT_BELOW_5_PERCENT
6,EXP,L6=L3-L4,localForce,141-320,I,fx,0,2.3865140974521637e-9,2.3865140974521637e-9,2.3865140974521637e-9,,,,,0.05,EXACT_ZERO_REFERENCE_MISMATCH
6,EXP,L6=L3-L4,localForce,141-320,I,fy,0,2.6372390493634157e-8,2.6372390493634157e-8,2.6372390493634157e-8,,,,,0.05,EXACT_ZERO_REFERENCE_MISMATCH
6,EXP,L6=L3-L4,localForce,141-320,I,fz,0.00009700000000023579,1.517366854386637e-8,-0.00009698482633169192,0.00009698482633169192,-0.9998435704273833,0.9998435704273833,-99.98435704273832,99.98435704273832,0.05,RELATIVE_ERROR_NOT_BELOW_5_PERCENT
6,EXP,L6=L3-L4,localForce,141-320,I,mx,0,-1.7504930838185828e-10,-1.7504930838185828e-10,1.7504930838185828e-10,,,,,0.05,EXACT_ZERO_REFERENCE_MISMATCH
6,EXP,L6=L3-L4,localForce,141-320,I,my,0,-4.6419756927207345e-10,-4.6419756927207345e-10,4.6419756927207345e-10,,,,,0.05,EXACT_ZERO_REFERENCE_MISMATCH
6,EXP,L6=L3-L4,localForce,141-320,I,mz,0,1.6030448080073256e-9,1.6030448080073256e-9,1.6030448080073256e-9,,,,,0.05,EXACT_ZERO_REFERENCE_MISMATCH
6,EXP,L6=L3-L4,localForce,141-320,J,fx,0,-2.3865140974521637e-9,-2.3865140974521637e-9,2.3865140974521637e-9,,,,,0.05,EXACT_ZERO_REFERENCE_MISMATCH
6,EXP,L6=L3-L4,localForce,141-320,J,fy,0,-2.6372390493634157e-8,-2.6372390493634157e-8,2.6372390493634157e-8,,,,,0.05,EXACT_ZERO_REFERENCE_MISMATCH
6,EXP,L6=L3-L4,localForce,141-320,J,fz,0,-1.517366854386637e-8,-1.517366854386637e-8,1.517366854386637e-8,,,,,0.05,EXACT_ZERO_REFERENCE_MISMATCH
6,EXP,L6=L3-L4,localForce,141-320,J,mx,0,1.7504930838185828e-10,1.7504930838185828e-10,1.7504930838185828e-10,,,,,0.05,EXACT_ZERO_REFERENCE_MISMATCH
6,EXP,L6=L3-L4,localForce,141-320,J,my,0,1.7342927094432525e-10,1.7342927094432525e-10,1.7342927094432525e-10,,,,,0.05,EXACT_ZERO_REFERENCE_MISMATCH
6,EXP,L6=L3-L4,localForce,141-320,J,mz,0,-1.1268568300693005e-9,-1.1268568300693005e-9,1.1268568300693005e-9,,,,,0.05,EXACT_ZERO_REFERENCE_MISMATCH
6,EXP,L6=L3-L4,localForce,150-158,J,my,-12.781443,-5.72588365669003,7.0555593433099695,7.0555593433099695,-0.5520158673249937,0.5520158673249937,-55.20158673249937,55.20158673249937,0.05,RELATIVE_ERROR_NOT_BELOW_5_PERCENT
6,EXP,L6=L3-L4,localForce,151-150,I,fy,100.928615,120.71925782458857,19.790642824588573,19.790642824588573,0.19608554843032944,0.19608554843032944,19.608554843032945,19.608554843032945,0.05,RELATIVE_ERROR_NOT_BELOW_5_PERCENT
6,EXP,L6=L3-L4,localForce,151-150,I,mx,-4.632019,-6.070897625162619,-1.4388786251626193,1.4388786251626193,0.31063746179854174,0.31063746179854174,31.063746179854174,31.063746179854174,0.05,RELATIVE_ERROR_NOT_BELOW_5_PERCENT
6,EXP,L6=L3-L4,localForce,151-150,I,mz,-150.46389299999998,-182.17887706766854,-31.714984067668553,31.714984067668553,0.21078136046678358,0.21078136046678358,21.07813604667836,21.07813604667836,0.05,RELATIVE_ERROR_NOT_BELOW_5_PERCENT
6,EXP,L6=L3-L4,localForce,151-150,J,fy,-100.928615,-120.71925782458857,-19.790642824588573,19.790642824588573,0.19608554843032944,0.19608554843032944,19.608554843032945,19.608554843032945,0.05,RELATIVE_ERROR_NOT_BELOW_5_PERCENT
6,EXP,L6=L3-L4,localForce,151-150,J,mx,4.632019,6.070897625162615,1.4388786251626158,1.4388786251626158,0.31063746179854096,0.31063746179854096,31.063746179854096,31.063746179854096,0.05,RELATIVE_ERROR_NOT_BELOW_5_PERCENT
6,EXP,L6=L3-L4,localForce,151-150,J,mz,156.232007,189.07798235228256,32.84597535228255,32.84597535228255,0.21023845230563126,0.21023845230563126,21.023845230563126,21.023845230563126,0.05,RELATIVE_ERROR_NOT_BELOW_5_PERCENT
6,EXP,L6=L3-L4,localForce,158-159,I,mz,-12.778008,-5.72588365669003,7.05212434330997,7.05212434330997,-0.5518954396733803,0.5518954396733803,-55.189543967338025,55.189543967338025,0.05,RELATIVE_ERROR_NOT_BELOW_5_PERCENT
6,EXP,L6=L3-L4,localForce,158-159,J,mx,-354.080582,-375.64307828886245,-21.562496288862462,21.562496288862462,0.06089714428017536,0.06089714428017536,6.089714428017536,6.089714428017536,0.05,RELATIVE_ERROR_NOT_BELOW_5_PERCENT
6,EXP,L6=L3-L4,localForce,159-160,I,mx,354.080582,375.64307828886257,21.562496288862576,21.562496288862576,0.06089714428017568,0.06089714428017568,6.089714428017568,6.089714428017568,0.05,RELATIVE_ERROR_NOT_BELOW_5_PERCENT
6,EXP,L6=L3-L4,localForce,159-160,J,mx,-121.272651,-129.79361102167732,-8.520960021677325,8.520960021677325,0.07026283297523797,0.07026283297523797,7.026283297523797,7.026283297523797,0.05,RELATIVE_ERROR_NOT_BELOW_5_PERCENT
6,EXP,L6=L3-L4,localForce,159-160,J,mz,323.94660899999997,345.31191224427675,21.365303244276788,21.365303244276788,0.06595316218999776,0.06595316218999776,6.595316218999776,6.595316218999776,0.05,RELATIVE_ERROR_NOT_BELOW_5_PERCENT
6,EXP,L6=L3-L4,localForce,160-168,I,mx,121.272651,129.79361102167726,8.520960021677269,8.520960021677269,0.0702628329752375,0.0702628329752375,7.02628329752375,7.02628329752375,0.05,RELATIVE_ERROR_NOT_BELOW_5_PERCENT
6,EXP,L6=L3-L4,localForce,160-168,I,mz,-323.811623,-345.17513094659967,-21.36350794659967,21.36350794659967,0.0659751115437869,0.0659751115437869,6.597511154378689,6.597511154378689,0.05,RELATIVE_ERROR_NOT_BELOW_5_PERCENT
6,EXP,L6=L3-L4,localForce,160-168,J,mx,-121.272651,-129.79361102167726,-8.520960021677269,8.520960021677269,0.0702628329752375,0.0702628329752375,7.02628329752375,7.02628329752375,0.05,RELATIVE_ERROR_NOT_BELOW_5_PERCENT
6,EXP,L6=L3-L4,localForce,168-169,I,mx,121.272651,129.79361102167724,8.52096002167724,8.52096002167724,0.07026283297523726,0.07026283297523726,7.026283297523726,7.026283297523726,0.05,RELATIVE_ERROR_NOT_BELOW_5_PERCENT
6,EXP,L6=L3-L4,localForce,168-169,J,mz,-243.562141,-228.51054182226508,15.051599177734914,15.051599177734914,-0.06179777824228813,0.06179777824228813,-6.179777824228813,6.179777824228813,0.05,RELATIVE_ERROR_NOT_BELOW_5_PERCENT
6,EXP,L6=L3-L4,localForce,169-170,I,mz,243.562141,228.51054182226486,-15.051599177735142,15.051599177735142,-0.06179777824228907,0.06179777824228907,-6.179777824228907,6.179777824228907,0.05,RELATIVE_ERROR_NOT_BELOW_5_PERCENT
6,EXP,L6=L3-L4,localForce,169-170,J,mz,-12.779267999999998,-5.718005823675714,7.061262176324284,7.061262176324284,-0.5525560756941857,0.5525560756941857,-55.25560756941857,55.25560756941857,0.05,RELATIVE_ERROR_NOT_BELOW_5_PERCENT
6,EXP,L6=L3-L4,localForce,170-180,I,my,-12.779267999999998,-5.718005823675714,7.061262176324284,7.061262176324284,-0.5525560756941857,0.5525560756941857,-55.25560756941857,55.25560756941857,0.05,RELATIVE_ERROR_NOT_BELOW_5_PERCENT
6,EXP,L6=L3-L4,localForce,170-180,J,my,14.119784,5.718005823675714,-8.401778176324285,8.401778176324285,-0.5950358855577597,0.5950358855577597,-59.50358855577596,59.50358855577596,0.05,RELATIVE_ERROR_NOT_BELOW_5_PERCENT
6,EXP,L6=L3-L4,localForce,180-190,I,my,-14.119784,-5.718005823675714,8.401778176324285,8.401778176324285,-0.5950358855577597,0.5950358855577597,-59.50358855577596,59.50358855577596,0.05,RELATIVE_ERROR_NOT_BELOW_5_PERCENT
6,EXP,L6=L3-L4,localForce,180-190,J,my,109.117132,101.75020995432213,-7.3669220456778675,7.3669220456778675,-0.06751388998821806,0.06751388998821806,-6.751388998821806,6.751388998821806,0.05,RELATIVE_ERROR_NOT_BELOW_5_PERCENT
6,EXP,L6=L3-L4,localForce,198-199,I,fx,-950.732162,-1033.07422975001,-82.34206775001007,82.34206775001007,0.08660911142081472,0.08660911142081472,8.660911142081472,8.660911142081472,0.05,RELATIVE_ERROR_NOT_BELOW_5_PERCENT
6,EXP,L6=L3-L4,localForce,198-199,I,my,-756.586007,-884.8824385541261,-128.29643155412612,128.29643155412612,0.16957283159761916,0.16957283159761916,16.957283159761914,16.957283159761914,0.05,RELATIVE_ERROR_NOT_BELOW_5_PERCENT
6,EXP,L6=L3-L4,localForce,198-199,I,mz,5.597851,0.21864926655404737,-5.379201733445953,5.379201733445953,-0.9609404990318522,0.9609404990318522,-96.09404990318522,96.09404990318522,0.05,RELATIVE_ERROR_NOT_BELOW_5_PERCENT
6,EXP,L6=L3-L4,localForce,198-199,J,my,217.185837,326.542732169627,109.35689516962702,109.35689516962702,0.5035176173556245,0.5035176173556245,50.35176173556245,50.35176173556245,0.05,RELATIVE_ERROR_NOT_BELOW_5_PERCENT
6,EXP,L6=L3-L4,localForce,199-200,I,my,-217.185837,-326.5427321696412,-109.35689516964123,109.35689516964123,0.5035176173556899,0.5035176173556899,50.35176173556899,50.35176173556899,0.05,RELATIVE_ERROR_NOT_BELOW_5_PERCENT
6,EXP,L6=L3-L4,localForce,199-200,J,fz,-950.732239,-1033.0742297630625,-82.34199076306243,82.34199076306243,0.08660902342984755,0.08660902342984755,8.660902342984755,8.660902342984755,0.05,RELATIVE_ERROR_NOT_BELOW_5_PERCENT
6,EXP,L6=L3-L4,localForce,199-200,J,mx,62.931798,69.84562763787825,6.913829637878251,6.913829637878251,0.10986226133056379,0.10986226133056379,10.986226133056379,10.986226133056379,0.05,RELATIVE_ERROR_NOT_BELOW_5_PERCENT
6,EXP,L6=L3-L4,localForce,199-200,J,my,-69.898174,26.10096863123266,95.99914263123266,95.99914263123266,-1.3734141700358675,1.3734141700358675,-137.34141700358674,137.34141700358674,0.05,RELATIVE_ERROR_NOT_BELOW_5_PERCENT
6,EXP,L6=L3-L4,localForce,200-208,I,fz,950.732239,1033.0742297614809,82.34199076148082,82.34199076148082,0.08660902342818398,0.08660902342818398,8.660902342818398,8.660902342818398,0.05,RELATIVE_ERROR_NOT_BELOW_5_PERCENT
6,EXP,L6=L3-L4,localForce,200-208,I,mx,-62.931798,-69.84562763788304,-6.91382963788304,6.91382963788304,0.10986226133063988,0.10986226133063988,10.986226133063989,10.986226133063989,0.05,RELATIVE_ERROR_NOT_BELOW_5_PERCENT
6,EXP,L6=L3-L4,localForce,200-208,I,my,69.898174,-26.100968631228106,-95.9991426312281,95.9991426312281,-1.3734141700358025,1.3734141700358025,-137.34141700358023,137.34141700358023,0.05,RELATIVE_ERROR_NOT_BELOW_5_PERCENT
6,EXP,L6=L3-L4,localForce,200-208,J,fz,-950.732254,-1033.0742297614809,-82.34197576148085,82.34197576148085,0.08660900628441376,0.08660900628441376,8.660900628441375,8.660900628441375,0.05,RELATIVE_ERROR_NOT_BELOW_5_PERCENT
6,EXP,L6=L3-L4,localForce,200-208,J,mx,62.931798,69.84562763788304,6.91382963788304,6.91382963788304,0.10986226133063988,0.10986226133063988,10.986226133063989,10.986226133063989,0.05,RELATIVE_ERROR_NOT_BELOW_5_PERCENT
6,EXP,L6=L3-L4,localForce,208-209,I,fz,950.732254,1033.0742297735385,82.34197577353848,82.34197577353848,0.08660900629709621,0.08660900629709621,8.660900629709621,8.660900629709621,0.05,RELATIVE_ERROR_NOT_BELOW_5_PERCENT
6,EXP,L6=L3-L4,localForce,208-209,I,mx,-62.931798,-69.84562763788166,-6.913829637881662,6.913829637881662,0.10986226133061798,0.10986226133061798,10.986226133061798,10.986226133061798,0.05,RELATIVE_ERROR_NOT_BELOW_5_PERCENT
6,EXP,L6=L3-L4,localForce,209-210,J,fx,-950.7322009999999,-1033.074229597169,-82.34202859716913,82.34202859716913,0.08660906668624464,0.08660906668624464,8.660906668624465,8.660906668624465,0.05,RELATIVE_ERROR_NOT_BELOW_5_PERCENT
6,EXP,L6=L3-L4,localForce,209-210,J,mz,5.5978069999999995,0.21864926477226732,-5.379157735227732,5.379157735227732,-0.960940192333843,0.960940192333843,-96.0940192333843,96.0940192333843,0.05,RELATIVE_ERROR_NOT_BELOW_5_PERCENT
6,EXP,L6=L3-L4,localForce,210-218,I,fx,950.7322009999999,1033.0742295838834,82.34202858388346,82.34202858388346,0.08660906667227049,0.08660906667227049,8.66090666722705,8.66090666722705,0.05,RELATIVE_ERROR_NOT_BELOW_5_PERCENT
6,EXP,L6=L3-L4,localForce,210-218,I,my,-5.5978069999999995,-0.2186492647658067,5.379157735234193,5.379157735234193,-0.9609401923349972,0.9609401923349972,-96.09401923349972,96.09401923349972,0.05,RELATIVE_ERROR_NOT_BELOW_5_PERCENT
6,EXP,L6=L3-L4,localForce,210-218,J,fx,-950.7322239999999,-1033.0742295837647,-82.34200558376483,82.34200558376483,0.08660904038502942,0.08660904038502942,8.660904038502942,8.660904038502942,0.05,RELATIVE_ERROR_NOT_BELOW_5_PERCENT
6,EXP,L6=L3-L4,localForce,218-219,I,fx,950.7322239999999,1033.0742295921918,82.34200559219198,82.34200559219198,0.08660904039389328,0.08660904039389328,8.660904039389328,8.660904039389328,0.05,RELATIVE_ERROR_NOT_BELOW_5_PERCENT
6,EXP,L6=L3-L4,localForce,218-219,J,fx,-1096.21901,-1163.940227837678,-67.72121783767807,67.72121783767807,0.061777087625654356,0.061777087625654356,6.177708762565436,6.177708762565436,0.05,RELATIVE_ERROR_NOT_BELOW_5_PERCENT
6,EXP,L6=L3-L4,localForce,218-219,J,fz,248.319458,297.04735851924323,48.727900519243235,48.727900519243235,0.1962306977943035,0.1962306977943035,19.62306977943035,19.62306977943035,0.05,RELATIVE_ERROR_NOT_BELOW_5_PERCENT
6,EXP,L6=L3-L4,localForce,219-220,I,fx,1096.21901,1163.9402278492996,67.72121784929959,67.72121784929959,0.06177708763625581,0.06177708763625581,6.177708763625581,6.177708763625581,0.05,RELATIVE_ERROR_NOT_BELOW_5_PERCENT
6,EXP,L6=L3-L4,localForce,219-220,I,fz,-248.319458,-297.04735853433135,-48.727900534331354,48.727900534331354,0.1962306978550644,0.1962306978550644,19.623069785506438,19.623069785506438,0.05,RELATIVE_ERROR_NOT_BELOW_5_PERCENT
6,EXP,L6=L3-L4,localForce,219-220,J,fz,950.7321780000001,1033.074229563021,82.34205156302085,82.34205156302085,0.0866090929374443,0.0866090929374443,8.66090929374443,8.66090929374443,0.05,RELATIVE_ERROR_NOT_BELOW_5_PERCENT
6,EXP,L6=L3-L4,localForce,219-220,J,mz,34.975934,43.052803972105245,8.076869972105243,8.076869972105243,0.2309264985491236,0.2309264985491236,23.09264985491236,23.09264985491236,0.05,RELATIVE_ERROR_NOT_BELOW_5_PERCENT
6,EXP,L6=L3-L4,localForce,220-230,I,fz,950.7321780000001,1033.074229562444,82.342051562444,82.342051562444,0.08660909293683756,0.08660909293683756,8.660909293683757,8.660909293683757,0.05,RELATIVE_ERROR_NOT_BELOW_5_PERCENT
6,EXP,L6=L3-L4,localForce,220-230,I,mz,34.975934,43.05280397209354,8.07686997209354,8.07686997209354,0.230926498548789,0.230926498548789,23.0926498548789,23.0926498548789,0.05,RELATIVE_ERROR_NOT_BELOW_5_PERCENT
6,EXP,L6=L3-L4,localForce,220-230,J,fz,-950.73227,-1033.074229562444,-82.34195956244412,82.34195956244412,0.08660898778837509,0.08660898778837509,8.660898778837508,8.660898778837508,0.05,RELATIVE_ERROR_NOT_BELOW_5_PERCENT
6,EXP,L6=L3-L4,localForce,230-240,I,fz,950.73227,1033.0742295624432,82.34195956244321,82.34195956244321,0.08660898778837413,0.08660898778837413,8.660898778837414,8.660898778837414,0.05,RELATIVE_ERROR_NOT_BELOW_5_PERCENT
6,EXP,L6=L3-L4,localForce,230-240,J,fz,-950.732239,-1033.0742295624432,-82.34199056244313,82.34199056244313,0.08660902321883199,0.08660902321883199,8.6609023218832,8.6609023218832,0.05,RELATIVE_ERROR_NOT_BELOW_5_PERCENT
6,EXP,L6=L3-L4,localForce,230-240,J,my,-117.21008299999997,-165.37897977805554,-48.16889677805557,48.16889677805557,0.41096205672045794,0.41096205672045794,41.09620567204579,41.09620567204579,0.05,RELATIVE_ERROR_NOT_BELOW_5_PERCENT
6,EXP,L6=L3-L4,localForce,248-249,I,fy,100.928651,120.71925788555382,19.790606885553814,19.790606885553814,0.19608512240546852,0.19608512240546852,19.60851224054685,19.60851224054685,0.05,RELATIVE_ERROR_NOT_BELOW_5_PERCENT
6,EXP,L6=L3-L4,localForce,248-249,I,mx,-31.981242,-36.039335004545904,-4.058093004545903,4.058093004545903,0.1268897875994279,0.1268897875994279,12.68897875994279,12.68897875994279,0.05,RELATIVE_ERROR_NOT_BELOW_5_PERCENT
6,EXP,L6=L3-L4,localForce,248-249,I,my,223.931516,209.9904236398626,-13.94109236013739,13.94109236013739,-0.06225605314143182,0.06225605314143182,-6.225605314143182,6.225605314143182,0.05,RELATIVE_ERROR_NOT_BELOW_5_PERCENT
6,EXP,L6=L3-L4,localForce,248-249,J,fy,-100.928651,-120.71925788867884,-19.790606888678838,19.790606888678838,0.19608512243643123,0.19608512243643123,19.608512243643123,19.608512243643123,0.05,RELATIVE_ERROR_NOT_BELOW_5_PERCENT
6,EXP,L6=L3-L4,localForce,248-249,J,fz,-193.570137,-178.15939453899085,15.410742461009136,15.410742461009136,-0.07961322288576536,0.07961322288576536,-7.961322288576536,7.961322288576536,0.05,RELATIVE_ERROR_NOT_BELOW_5_PERCENT
6,EXP,L6=L3-L4,localForce,248-249,J,mx,22.703845,25.965122017397853,3.261277017397852,3.261277017397852,0.14364426014174478,0.14364426014174478,14.364426014174478,14.364426014174478,0.05,RELATIVE_ERROR_NOT_BELOW_5_PERCENT
6,EXP,L6=L3-L4,localForce,248-249,J,my,-253.8059,-238.20695587755787,15.598944122442134,15.598944122442134,-0.06146013202388965,0.06146013202388965,-6.146013202388965,6.146013202388965,0.05,RELATIVE_ERROR_NOT_BELOW_5_PERCENT
6,EXP,L6=L3-L4,localForce,248-249,J,mz,-19.338820000000002,-21.191923671180792,-1.85310367118079,1.85310367118079,0.09582299598324974,0.09582299598324974,9.582299598324974,9.582299598324974,0.05,RELATIVE_ERROR_NOT_BELOW_5_PERCENT
6,EXP,L6=L3-L4,localForce,249-250,I,fy,100.928651,120.71925788250701,19.790606882507007,19.790606882507007,0.19608512237528078,0.19608512237528078,19.60851223752808,19.60851223752808,0.05,RELATIVE_ERROR_NOT_BELOW_5_PERCENT
6,EXP,L6=L3-L4,localForce,249-250,I,fz,193.570137,178.1593945422365,-15.41074245776349,15.41074245776349,-0.07961322286899808,0.07961322286899808,-7.961322286899808,7.961322286899808,0.05,RELATIVE_ERROR_NOT_BELOW_5_PERCENT
6,EXP,L6=L3-L4,localForce,249-250,I,mx,-22.703845,-25.965122017405594,-3.261277017405593,3.261277017405593,0.14364426014208576,0.14364426014208576,14.364426014208576,14.364426014208576,0.05,RELATIVE_ERROR_NOT_BELOW_5_PERCENT
6,EXP,L6=L3-L4,localForce,249-250,I,my,253.8059,238.20695587755444,-15.598944122445573,15.598944122445573,-0.0614601320239032,0.0614601320239032,-6.14601320239032,6.14601320239032,0.05,RELATIVE_ERROR_NOT_BELOW_5_PERCENT
6,EXP,L6=L3-L4,localForce,249-250,I,mz,19.338820000000002,21.19192367117753,1.8531036711775286,1.8531036711775286,0.0958229959830811,0.0958229959830811,9.58229959830811,9.58229959830811,0.05,RELATIVE_ERROR_NOT_BELOW_5_PERCENT
6,EXP,L6=L3-L4,localForce,249-250,J,fy,-100.928651,-120.71925788070075,-19.79060688070075,19.79060688070075,0.19608512235738443,0.19608512235738443,19.60851223573844,19.60851223573844,0.05,RELATIVE_ERROR_NOT_BELOW_5_PERCENT
6,EXP,L6=L3-L4,localForce,249-250,J,mx,4.632019,6.069429135893795,1.4374101358937956,1.4374101358937956,0.3103204317369587,0.3103204317369587,31.03204317369587,31.03204317369587,0.05,RELATIVE_ERROR_NOT_BELOW_5_PERCENT
6,EXP,L6=L3-L4,localForce,249-250,J,my,-244.791393,-229.18942680309692,15.601966196903078,15.601966196903078,-0.06373576295185786,0.06373576295185786,-6.373576295185786,6.373576295185786,0.05,RELATIVE_ERROR_NOT_BELOW_5_PERCENT
6,EXP,L6=L3-L4,localForce,249-250,J,mz,-24.290424,-26.84052791618649,-2.5501039161864867,2.5501039161864867,0.10498391943205629,0.10498391943205629,10.498391943205629,10.498391943205629,0.05,RELATIVE_ERROR_NOT_BELOW_5_PERCENT
6,EXP,L6=L3-L4,localForce,250-260,I,fy,100.928651,120.71925787919702,19.790606879197014,19.790606879197014,0.19608512234248543,0.19608512234248543,19.608512234248543,19.608512234248543,0.05,RELATIVE_ERROR_NOT_BELOW_5_PERCENT
6,EXP,L6=L3-L4,localForce,250-260,I,mx,-4.632019,-6.069429135891021,-1.437410135891021,1.437410135891021,0.3103204317363597,0.3103204317363597,31.03204317363597,31.03204317363597,0.05,RELATIVE_ERROR_NOT_BELOW_5_PERCENT
6,EXP,L6=L3-L4,localForce,250-260,I,my,244.791393,229.18942680307964,-15.601966196920358,15.601966196920358,-0.06373576295192845,0.06373576295192845,-6.373576295192845,6.373576295192845,0.05,RELATIVE_ERROR_NOT_BELOW_5_PERCENT
6,EXP,L6=L3-L4,localForce,250-260,I,mz,24.290424,26.84052791619094,2.5501039161909382,2.5501039161909382,0.10498391943223956,0.10498391943223956,10.498391943223956,10.498391943223956,0.05,RELATIVE_ERROR_NOT_BELOW_5_PERCENT
6,EXP,L6=L3-L4,localForce,250-260,J,fy,-100.928651,-120.71925787919702,-19.790606879197014,19.790606879197014,0.19608512234248543,0.19608512234248543,19.608512234248543,19.608512234248543,0.05,RELATIVE_ERROR_NOT_BELOW_5_PERCENT
6,EXP,L6=L3-L4,localForce,250-260,J,mx,4.632019,6.069429135891021,1.437410135891021,1.437410135891021,0.3103204317363597,0.3103204317363597,31.03204317363597,31.03204317363597,0.05,RELATIVE_ERROR_NOT_BELOW_5_PERCENT
6,EXP,L6=L3-L4,localForce,250-260,J,mz,101.104392,123.14126711928122,22.03687511928122,22.03687511928122,0.21796160071148263,0.21796160071148263,21.796160071148265,21.796160071148265,0.05,RELATIVE_ERROR_NOT_BELOW_5_PERCENT
6,EXP,L6=L3-L4,localForce,260-270,I,fy,100.928651,120.71925787907821,19.79060687907821,19.79060687907821,0.19608512234130832,0.19608512234130832,19.60851223413083,19.60851223413083,0.05,RELATIVE_ERROR_NOT_BELOW_5_PERCENT
6,EXP,L6=L3-L4,localForce,260-270,I,mx,-4.632019,-6.069429135890459,-1.4374101358904596,1.4374101358904596,0.3103204317362385,0.3103204317362385,31.03204317362385,31.03204317362385,0.05,RELATIVE_ERROR_NOT_BELOW_5_PERCENT
6,EXP,L6=L3-L4,localForce,260-270,I,mz,-101.104392,-123.1412671192752,-22.036875119275194,22.036875119275194,0.21796160071142304,0.21796160071142304,21.796160071142303,21.796160071142303,0.05,RELATIVE_ERROR_NOT_BELOW_5_PERCENT
6,EXP,L6=L3-L4,localForce,260-270,J,fy,-100.928651,-120.71925787907821,-19.79060687907821,19.79060687907821,0.19608512234130832,0.19608512234130832,19.60851223413083,19.60851223413083,0.05,RELATIVE_ERROR_NOT_BELOW_5_PERCENT
6,EXP,L6=L3-L4,localForce,260-270,J,mx,4.632019,6.069429135890459,1.4374101358904596,1.4374101358904596,0.3103204317362385,0.3103204317362385,31.03204317362385,31.03204317362385,0.05,RELATIVE_ERROR_NOT_BELOW_5_PERCENT
6,EXP,L6=L3-L4,localForce,260-270,J,mz,147.259316,178.34604226443753,31.086726264437516,31.086726264437516,0.21110193303109945,0.21110193303109945,21.110193303109945,21.110193303109945,0.05,RELATIVE_ERROR_NOT_BELOW_5_PERCENT
6,EXP,L6=L3-L4,localForce,270-151,I,fy,100.928651,120.71925787925102,19.790606879251015,19.790606879251015,0.19608512234302047,0.19608512234302047,19.608512234302047,19.608512234302047,0.05,RELATIVE_ERROR_NOT_BELOW_5_PERCENT
6,EXP,L6=L3-L4,localForce,270-151,I,mx,-4.632019,-6.070897625198992,-1.438878625198992,1.438878625198992,0.3106374618063942,0.3106374618063942,31.063746180639416,31.063746180639416,0.05,RELATIVE_ERROR_NOT_BELOW_5_PERCENT
6,EXP,L6=L3-L4,localForce,270-151,I,mz,-147.259316,-178.34599228311816,-31.086676283118152,31.086676283118152,0.2111015936208623,0.2111015936208623,21.110159362086232,21.110159362086232,0.05,RELATIVE_ERROR_NOT_BELOW_5_PERCENT
6,EXP,L6=L3-L4,localForce,270-151,J,fy,-100.928615,-120.71925787925102,-19.790642879251024,19.790642879251024,0.19608554897192462,0.19608554897192462,19.608554897192462,19.608554897192462,0.05,RELATIVE_ERROR_NOT_BELOW_5_PERCENT
6,EXP,L6=L3-L4,localForce,270-151,J,mx,4.632019,6.070897625198995,1.4388786251989956,1.4388786251989956,0.31063746180639495,0.31063746180639495,31.063746180639495,31.063746180639495,0.05,RELATIVE_ERROR_NOT_BELOW_5_PERCENT
6,EXP,L6=L3-L4,localForce,270-151,J,mz,150.46389299999998,182.178877069199,31.714984069199005,31.714984069199005,0.21078136047695514,0.21078136047695514,21.078136047695516,21.078136047695516,0.05,RELATIVE_ERROR_NOT_BELOW_5_PERCENT
6,EXP,L6=L3-L4,localForce,280-290,I,fx,0,2.833973127280842e-7,2.833973127280842e-7,2.833973127280842e-7,,,,,0.05,EXACT_ZERO_REFERENCE_MISMATCH
6,EXP,L6=L3-L4,localForce,280-290,I,fy,0,1.6699232219252735e-8,1.6699232219252735e-8,1.6699232219252735e-8,,,,,0.05,EXACT_ZERO_REFERENCE_MISMATCH
6,EXP,L6=L3-L4,localForce,280-290,I,fz,0,-1.1628173979261192e-8,-1.1628173979261192e-8,1.1628173979261192e-8,,,,,0.05,EXACT_ZERO_REFERENCE_MISMATCH
6,EXP,L6=L3-L4,localForce,280-290,I,mx,0,-4.169109502072388e-11,-4.169109502072388e-11,4.169109502072388e-11,,,,,0.05,EXACT_ZERO_REFERENCE_MISMATCH
6,EXP,L6=L3-L4,localForce,280-290,I,my,0,7.502305443551904e-10,7.502305443551904e-10,7.502305443551904e-10,,,,,0.05,EXACT_ZERO_REFERENCE_MISMATCH
6,EXP,L6=L3-L4,localForce,280-290,I,mz,0,1.336573518528894e-9,1.336573518528894e-9,1.336573518528894e-9,,,,,0.05,EXACT_ZERO_REFERENCE_MISMATCH
6,EXP,L6=L3-L4,localForce,280-290,J,fx,9.999999996956888e-7,-2.834288896913506e-7,-0.0000012834288893870394,0.0000012834288893870394,-1.2834288897776012,1.2834288897776012,-128.3428889777601,128.3428889777601,0.05,RELATIVE_ERROR_NOT_BELOW_5_PERCENT
6,EXP,L6=L3-L4,localForce,280-290,J,fy,0,-1.6699232219252735e-8,-1.6699232219252735e-8,1.6699232219252735e-8,,,,,0.05,EXACT_ZERO_REFERENCE_MISMATCH
6,EXP,L6=L3-L4,localForce,280-290,J,fz,0,1.1628173979261192e-8,1.1628173979261192e-8,1.1628173979261192e-8,,,,,0.05,EXACT_ZERO_REFERENCE_MISMATCH
6,EXP,L6=L3-L4,localForce,280-290,J,mx,0,4.169109502072388e-11,4.169109502072388e-11,4.169109502072388e-11,,,,,0.05,EXACT_ZERO_REFERENCE_MISMATCH
6,EXP,L6=L3-L4,localForce,280-290,J,my,0,-1.620601430829538e-10,-1.620601430829538e-10,1.620601430829538e-10,,,,,0.05,EXACT_ZERO_REFERENCE_MISMATCH
6,EXP,L6=L3-L4,localForce,280-290,J,mz,0,-5.30860688741086e-10,-5.30860688741086e-10,5.30860688741086e-10,,,,,0.05,EXACT_ZERO_REFERENCE_MISMATCH
6,EXP,L6=L3-L4,localForce,290-300,I,fx,0,3.1120157117925373e-7,3.1120157117925373e-7,3.1120157117925373e-7,,,,,0.05,EXACT_ZERO_REFERENCE_MISMATCH
6,EXP,L6=L3-L4,localForce,290-300,I,fy,0,2.9569491744041443e-8,2.9569491744041443e-8,2.9569491744041443e-8,,,,,0.05,EXACT_ZERO_REFERENCE_MISMATCH
6,EXP,L6=L3-L4,localForce,290-300,I,fz,0,-8.019014785531908e-9,-8.019014785531908e-9,8.019014785531908e-9,,,,,0.05,EXACT_ZERO_REFERENCE_MISMATCH
6,EXP,L6=L3-L4,localForce,290-300,I,mx,0,-5.093170329928398e-11,-5.093170329928398e-11,5.093170329928398e-11,,,,,0.05,EXACT_ZERO_REFERENCE_MISMATCH
6,EXP,L6=L3-L4,localForce,290-300,I,my,0,-2.1464074961841106e-10,-2.1464074961841106e-10,2.1464074961841106e-10,,,,,0.05,EXACT_ZERO_REFERENCE_MISMATCH
6,EXP,L6=L3-L4,localForce,290-300,I,mz,0,5.820766091346741e-11,5.820766091346741e-11,5.820766091346741e-11,,,,,0.05,EXACT_ZERO_REFERENCE_MISMATCH
6,EXP,L6=L3-L4,localForce,290-300,J,fx,0,-3.1464719918439243e-7,-3.1464719918439243e-7,3.1464719918439243e-7,,,,,0.05,EXACT_ZERO_REFERENCE_MISMATCH
6,EXP,L6=L3-L4,localForce,290-300,J,fy,0,-2.9569491744041443e-8,-2.9569491744041443e-8,2.9569491744041443e-8,,,,,0.05,EXACT_ZERO_REFERENCE_MISMATCH
6,EXP,L6=L3-L4,localForce,290-300,J,fz,0,8.019014785531908e-9,8.019014785531908e-9,8.019014785531908e-9,,,,,0.05,EXACT_ZERO_REFERENCE_MISMATCH
6,EXP,L6=L3-L4,localForce,290-300,J,mx,0,5.093170329928398e-11,5.093170329928398e-11,5.093170329928398e-11,,,,,0.05,EXACT_ZERO_REFERENCE_MISMATCH
6,EXP,L6=L3-L4,localForce,290-300,J,my,0,1.6643753042444587e-10,1.6643753042444587e-10,1.6643753042444587e-10,,,,,0.05,EXACT_ZERO_REFERENCE_MISMATCH
6,EXP,L6=L3-L4,localForce,290-300,J,mz,0,1.7462298274040222e-10,1.7462298274040222e-10,1.7462298274040222e-10,,,,,0.05,EXACT_ZERO_REFERENCE_MISMATCH
6,EXP,L6=L3-L4,localForce,300-310,I,fx,0,-1.043081283569336e-7,-1.043081283569336e-7,1.043081283569336e-7,,,,,0.05,EXACT_ZERO_REFERENCE_MISMATCH
6,EXP,L6=L3-L4,localForce,300-310,I,fy,0,-1.4086253941059113e-8,-1.4086253941059113e-8,1.4086253941059113e-8,,,,,0.05,EXACT_ZERO_REFERENCE_MISMATCH
6,EXP,L6=L3-L4,localForce,300-310,I,fz,0,1.0348230716772377e-8,1.0348230716772377e-8,1.0348230716772377e-8,,,,,0.05,EXACT_ZERO_REFERENCE_MISMATCH
6,EXP,L6=L3-L4,localForce,300-310,I,my,0,6.912159733474255e-11,6.912159733474255e-11,6.912159733474255e-11,,,,,0.05,EXACT_ZERO_REFERENCE_MISMATCH
6,EXP,L6=L3-L4,localForce,300-310,I,mz,0,-2.9103830456733704e-10,-2.9103830456733704e-10,2.9103830456733704e-10,,,,,0.05,EXACT_ZERO_REFERENCE_MISMATCH
6,EXP,L6=L3-L4,localForce,300-310,J,fx,0,1.043081283569336e-7,1.043081283569336e-7,1.043081283569336e-7,,,,,0.05,EXACT_ZERO_REFERENCE_MISMATCH
6,EXP,L6=L3-L4,localForce,300-310,J,fy,0,1.4086253941059113e-8,1.4086253941059113e-8,1.4086253941059113e-8,,,,,0.05,EXACT_ZERO_REFERENCE_MISMATCH
6,EXP,L6=L3-L4,localForce,300-310,J,fz,0,-1.0348230716772377e-8,-1.0348230716772377e-8,1.0348230716772377e-8,,,,,0.05,EXACT_ZERO_REFERENCE_MISMATCH
6,EXP,L6=L3-L4,localForce,300-310,J,my,0,1.77351466845721e-10,1.77351466845721e-10,1.77351466845721e-10,,,,,0.05,EXACT_ZERO_REFERENCE_MISMATCH
6,EXP,L6=L3-L4,localForce,300-310,J,mz,0,-7.8580342233181e-10,-7.8580342233181e-10,7.8580342233181e-10,,,,,0.05,EXACT_ZERO_REFERENCE_MISMATCH
6,EXP,L6=L3-L4,localForce,320-330,I,fx,0,2.35741026699543e-9,2.35741026699543e-9,2.35741026699543e-9,,,,,0.05,EXACT_ZERO_REFERENCE_MISMATCH
6,EXP,L6=L3-L4,localForce,320-330,I,fy,0,2.649653652042616e-8,2.649653652042616e-8,2.649653652042616e-8,,,,,0.05,EXACT_ZERO_REFERENCE_MISMATCH
6,EXP,L6=L3-L4,localForce,320-330,I,fz,0,1.6134464431161177e-8,1.6134464431161177e-8,1.6134464431161177e-8,,,,,0.05,EXACT_ZERO_REFERENCE_MISMATCH
6,EXP,L6=L3-L4,localForce,320-330,I,mx,0,-1.7506351923657348e-10,-1.7506351923657348e-10,1.7506351923657348e-10,,,,,0.05,EXACT_ZERO_REFERENCE_MISMATCH
6,EXP,L6=L3-L4,localForce,320-330,I,my,0,-1.8067902729512753e-10,-1.8067902729512753e-10,1.8067902729512753e-10,,,,,0.05,EXACT_ZERO_REFERENCE_MISMATCH
6,EXP,L6=L3-L4,localForce,320-330,I,mz,0,1.121085446698089e-9,1.121085446698089e-9,1.121085446698089e-9,,,,,0.05,EXACT_ZERO_REFERENCE_MISMATCH
6,EXP,L6=L3-L4,localForce,320-330,J,fx,0,-2.35741026699543e-9,-2.35741026699543e-9,2.35741026699543e-9,,,,,0.05,EXACT_ZERO_REFERENCE_MISMATCH
6,EXP,L6=L3-L4,localForce,320-330,J,fy,0,-2.649653652042616e-8,-2.649653652042616e-8,2.649653652042616e-8,,,,,0.05,EXACT_ZERO_REFERENCE_MISMATCH
6,EXP,L6=L3-L4,localForce,320-330,J,fz,0,-1.6134464431161177e-8,-1.6134464431161177e-8,1.6134464431161177e-8,,,,,0.05,EXACT_ZERO_REFERENCE_MISMATCH
6,EXP,L6=L3-L4,localForce,320-330,J,mx,0,1.7506351923657348e-10,1.7506351923657348e-10,1.7506351923657348e-10,,,,,0.05,EXACT_ZERO_REFERENCE_MISMATCH
6,EXP,L6=L3-L4,localForce,320-330,J,my,0,-6.193170420942806e-10,-6.193170420942806e-10,6.193170420942806e-10,,,,,0.05,EXACT_ZERO_REFERENCE_MISMATCH
6,EXP,L6=L3-L4,localForce,320-330,J,mz,0,1.9657875327538932e-10,1.9657875327538932e-10,1.9657875327538932e-10,,,,,0.05,EXACT_ZERO_REFERENCE_MISMATCH
6,EXP,L6=L3-L4,localForce,330-340,I,fy,0,5.055335350334644e-8,5.055335350334644e-8,5.055335350334644e-8,,,,,0.05,EXACT_ZERO_REFERENCE_MISMATCH
6,EXP,L6=L3-L4,localForce,330-340,I,fz,0,1.0611984180286527e-8,1.0611984180286527e-8,1.0611984180286527e-8,,,,,0.05,EXACT_ZERO_REFERENCE_MISMATCH
6,EXP,L6=L3-L4,localForce,330-340,I,my,0,3.346940502524376e-10,3.346940502524376e-10,3.346940502524376e-10,,,,,0.05,EXACT_ZERO_REFERENCE_MISMATCH
6,EXP,L6=L3-L4,localForce,330-340,I,mz,0,-1.4551915228366852e-10,-1.4551915228366852e-10,1.4551915228366852e-10,,,,,0.05,EXACT_ZERO_REFERENCE_MISMATCH
6,EXP,L6=L3-L4,localForce,330-340,J,fy,0,-5.055335350334644e-8,-5.055335350334644e-8,5.055335350334644e-8,,,,,0.05,EXACT_ZERO_REFERENCE_MISMATCH
6,EXP,L6=L3-L4,localForce,330-340,J,fz,0,-1.0611984180286527e-8,-1.0611984180286527e-8,1.0611984180286527e-8,,,,,0.05,EXACT_ZERO_REFERENCE_MISMATCH
6,EXP,L6=L3-L4,localForce,330-340,J,my,0,-4.1109160520136356e-10,-4.1109160520136356e-10,4.1109160520136356e-10,,,,,0.05,EXACT_ZERO_REFERENCE_MISMATCH
6,EXP,L6=L3-L4,localForce,330-340,J,mz,0,-1.0186340659856796e-10,-1.0186340659856796e-10,1.0186340659856796e-10,,,,,0.05,EXACT_ZERO_REFERENCE_MISMATCH
